brottskod;benamning;upphord;kodgrupp
0301;Förs mord/dråp komb självmord/-försök m skjutv(upphörde år 2001);2001;03
0302;Förs mord/dråp ej komb självmord/-förs m skjutv(upphörde år 2001);2001;03
0303;Försök till mord eller dråp utan skjutvapen mot kvinna/flicka(upphörde år 2019);2019;03
0304;Försök till mord eller dråp utan skjutvapen mot man/pojke(upphörde år 2019);2019;03
0305;Förs mord/dråp komb självmord/-försök utan skjutv (upphörde år 2001);2001;03
0306;Förs mord/dråp ej komb självmord/-försök utan skjutv (upphörde år 2001);2001;03
0307;Försök till mord eller dråp med skjutvapen mot kvinna/flicka(upphörde år 2019);2019;03
0308;Försök till mord eller dråp med skjutvapen mot man/pojke(upphörde år 2019);2019;03
0309;Barnadråp;;03
0310;Fullbordat mord eller dråp utan skjutvapen mot kvinna/flicka;;03
0311;Fullbordat mord eller dråp utan skjutvapen mot man/pojke;;03
0312;Fullbordat mord eller dråp med skjutvapen mot kvinna/flicka;;03
0313;Fullbordat mord eller dråp med skjutvapen mot man/pojke;;03
0314;Misshandel, ej med dödlig utgång (upphörde år 1976);1976;03
0315;Vållande till annans död i samband med trafikolycka;;03
0316;Vållande till annans död, ej i samb m trafikolycka (upphörde år 1983);1983;03
0318;Vållande till kroppsskada/sjukdom,ej i samb m trafikolycka(upph.år 1983);;03
0319;Framkallande av fara för annan  (upphörde år 1983);1983;03
0321;Fullb mord/dråp ej komb självmord/-försök ej skjutv (upphörde år 2001);2001;03
0322;Fullb mord/dråp komb självmord/-försök ej skjutv(upphörde år 2001);2001;03
0323;Fullb mord/dråp ej komb självmord/-försök m skjutv (upphörde år 2001);2001;03
0324;Fullb mord/dråp komb självmord/-försök m skjutv (upphörde år 2001);2001;03
0325;Försök, förberedelse, stämpling till mord eller dråp, med skjutvapen, mot kvinna 18 år eller äldre, obekanta;;03
0326;Försök, förberedelse, stämpling till mord eller dråp, utan skjutvapen, mot man 18 år eller äldre, närstående genom parrelation;;03
0327;Försök, förberedelse, stämpling till mord eller dråp, utan skjutvapen, mot man 18 år eller äldre, närstående genom släktskap/familj;;03
0328;Försök, förberedelse, stämpling till mord eller dråp, utan skjutvapen, mot man 18 år eller äldre, bekanta genom annan slags relation;;03
0329;Försök, förberedelse, stämpling till mord eller dråp, utan skjutvapen, mot man 18 år eller äldre, obekanta;;03
0330;Försök, förberedelse, stämpling till mord eller dråp, med skjutvapen, mot man 18 år eller äldre, närstående genom parrelation;;03
0331;Misshandel, utomhus, obekant med offret (upphörde år 1981);1981;03
0332;Misshandel, utomhus, bekant med offret (upphörde år 1981);1981;03
0333;Misshandel, inomhus, obekant med offret (upphörde år 1981);1981;03
0334;Misshandel, inomhus, bekant med offret (upphörde år 1981);1981;03
0335;Försök, förberedelse, stämpling till mord eller dråp, med skjutvapen, mot man 18 år eller äldre, närstående genom släktskap/familj;;03
0336;Försök, förberedelse, stämpling till mord eller dråp, med skjutvapen, mot man 18 år eller äldre, bekanta genom annan slags relation;;03
0337;Försök, förberedelse, stämpling till mord eller dråp, med skjutvapen, mot man 18 år eller äldre, obekanta;;03
0341;Grov misshandel, utomhus, obekant med offret (upphörde år 1981);1981;03
0342;Grov misshandel, utomhus, bekant med offret (upphörde år 1981);1981;03
0343;Grov misshandel, inomhus, obekant med offret (upphörde år 1981);1981;03
0344;Grov misshandel, inomhus, bekant med offret (upphörde år 1981);1981;03
0351;Misshandel utomhus mot barn 0-6 år, obekant med offret(upphörde år 2007);2007;03
0352;Misshandel utomhus mot barn 0-6 år, bekant med offret (upphörde år 2007);2007;03
0353;Misshandel utomhus mot barn 7-14 år, obekant m offret(upphörde år 2007);2007;03
0354;Misshandel utomhus mot barn 7-14 år, bekant m offret (upphörde år 2007);2007;03
0355;Misshandel, utomhus, mot kvinna 18 år eller äldre, obekant med offret;;03
0356;Misshandel, utomhus, mot kvinna 18 år eller äldre, bekant med offret (upphörde år 2018);2018;03
0357;Misshandel, utomhus, mot man 18 år eller äldre, obekant med offret;;03
0358;Misshandel, utomhus, mot man 18 år eller äldre, bekant med offret (upphörde år 2018);2018;03
0361;Misshandel, inomhus, mot barn 0-6 år, obekant m offret(upphörde år 2007);2007;03
0362;Misshandel, inomhus, mot barn 0-6 år, bekant m offret(upphörde år 2007);2007;03
0363;Missh, inomhus, mot barn 7-14 år, obekant med offret (upphörde år 2007);2007;03
0364;Missh, inomhus, mot barn 7-14 år, bekant med offret (upphörde år 2007);2007;03
0365;Missh, inomhus, mot kvinna 18 år eller äldre, obek med offret;;03
0366;Missh, inomhus, mot kvinna, bek med offret (upphörde år 2009);2009;03
0367;Missh, inomhus, mot man 18 år eller äldre, obek med offret;;03
0368;Missh, inomhus mot man 18 år el äldre, bekant m offret(upphörde år 2009);2009;03
0371;Grov missh, utomhus, mot barn 0-6 år, obekant m offret(upphörde år 2007);2007;03
0372;Grov missh, utomhus, mot barn 0-6 år, bekant m offret (upphörde år 2007);2007;03
0373;Grov missh, utomhus, mot barn 7-14 år, obekant m offret(upphörde år 2007);2007;03
0374;Grov missh, utomhus, mot barn 7-14 år, bekant m offret(upphörde år 2007);2007;03
0375;Grov missh, utomhus, mot kvinna 18 år eller äldre, obekant m offret;;03
0376;Grov missh, utomhus, mot kvinna 18 år eller äldre, bekant m offret(upphörde år 2018);2018;03
0377;Grov missh, utomhus, mot man 18 år eller äldre, obekant offret;;03
0378;Grov missh, utomhus, mot man 18 år eller äldre, bekant m offret (upphörde år 2018);2018;03
0381;Grov missh, inomhus, mot barn 0-6 år, obekant m offret(upphörde år 2007);2007;03
0382;Grov missh, inomhus, mot barn 0-6 år, bekant m offret (upphörde år 2007);2007;03
0383;Grov missh, inomhus, mot barn 7-14 år, obekant m offret(upphörde år 2007);2007;03
0384;Grov missh, inomhus, mot barn 7-14 år, bekant m offret(upphörde år 2007);2007;03
0385;Grov missh, inomhus, mot kvinna 18 år eller äldre, obekant m offret;;03
0386;Grov missh inomhus mot kvinna 18 år el äldre, bek m offret(upphörde 2009);2009;03
0387;Grov missh, inomhus, mot man 18 år eller äldre, obek m offret;;03
0388;Grov missh, inomhus, mot man 18 år el äldre, bek m offret(upphörde 2009);2009;03
0391;Vållande till annans död i samband med arbetsmiljöbrott eller arbetsolycka;;03
0392;Vållande till annans död, övriga fall;;03
0393;Vållande till kroppsskada eller sjukdom i samband med arbetsmiljöbrott eller arbetsolycka;;03
0394;Vållande till kroppsskada, övriga fall;;03
0395;Framkallande av fara för annan, för arbetstagare, i samband med arbetsmiljöbrott eller arbetsolycka;;03
0396;Framkallande av fara för annan, övriga fall;;03
0401;Hemfridsbrott, olaga intrång;;04
0402;Olaga hot (upphörde år 1999);1999;04
0403;Ofredande (upphörde år 1999);1999;04
0404;Övriga brott mot kap. 4 (upphörde år 2011);2011;04
0405;Olaga hot mot man 18 år eller äldre (upphörde år 2016);2016;04
0406;Olaga hot mot kvinna 18 år eller äldre (upphörde år 2016);2016;04
0407;Ofredande mot man 18 år eller äldre;;04
0408;Ofredande mot kvinna 18 år eller äldre;;04
0409;Olaga hot mot person under 18 år (upphörde år 2009);2009;04
0410;Ofredande mot person under 18 år (upphörde år 2009);2009;04
0411;Grov fridskränkning (upphörde år 2009);2009;04
0412;Grov kvinnofridskränkning;;04
0413;Olaga hot mot grupp (upphörde år 2016);2016;04
0414;Ofredande mot grupp;;04
0415;Dataintrång;;04
0416;Människohandel för sexuella ändamål (upphörde år 2009);2009;04
0417;Annan människohandel  än för sexuella ändamål (upphörde år 2009);2009;04
0418;Människohandel för sexuella ändamål med barn under 18 år (upphörde år 2025);2025;04
0419;Människohandel för sexuella ändamål med person 18 år eller äldre (upphörde år 2025);2025;04
0420;Annan människohandel med barn under 18 år  (upphörde år 2013);2013;04
0421;Annan människohandel med person 18 år eller äldre  (upphörde år 2013);2013;04
0422;Grov fridskränkning mot flicka under 18 år;;04
0423;Grov fridskränkning mot pojke under 18 år;;04
0424;Grov fridskränkning mot kvinna 18 år eller äldre;;04
0425;Grov fridskränkning mot man 18 år eller äldre;;04
0426;Olaga hot mot flicka under 18 år (upphörde år 2016);2016;04
0427;Olaga hot mot pojke under 18 år (upphörde år 2016);2016;04
0428;Ofredande mot flicka under 18 år;;04
0429;Ofredande mot pojke under 18 år;;04
0430;Brott mot människorov, olaga frihetsberövande(upphörde år 2019);2019;04
0431;Brott mot olaga tvång och avlyssning m.m.(upphörde år 2018);2018;04
0432;Kränkande fotografering;;04
0433;Äktenskapstvång;;04
0434;Vilseledande till tvångsäktenskapsresa (upphörde år 2025);2025;04
0435;Hedersförtryck, mot flicka under 18 år;;04
0436;Hedersförtryck, mot pojke under 18 år;;04
0437;Hedersförtryck, mot kvinna 18 år eller äldre;;04
0438;Hedersförtryck, mot man 18 år eller äldre;;04
0440;Olaga förföljelse mot flicka under 18 år;;04
0441;Olaga förföljelse mot pojke under 18 år;;04
0442;Olaga förföljelse mot kvinna 18 år eller äldre(upphörde år 2019);2019;04
0443;Olaga förföljelse mot man 18 år eller äldre(upphörde år 2019);2019;04
0450;Olaga hot, mot flicka under 18 år, internetrelaterat;;04
0451;Olaga hot, mot flicka under 18 år, ej internetrelaterat;;04
0452;Olaga hot, mot pojke under 18 år, internetrelaterat;;04
0453;Olaga hot, mot pojke under 18 år, ej internetrelaterat;;04
0454;Olaga hot, mot kvinna 18 år eller äldre, internetrelaterat(upphörde år 2019);2019;04
0455;Olaga hot, mot kvinna 18 år eller äldre, ej internetrelaterat(upphörde år 2019);2019;04
0456;Olaga hot, mot man 18 år eller äldre, internetrelaterat(upphörde år 2019);2019;04
0457;Olaga hot, mot man 18 år eller äldre, ej internetrelaterat(upphörde år 2019);2019;04
0458;Olaga hot, mot grupp, internetrelaterat;;04
0459;Olaga hot, mot grupp, ej internetrelaterat;;04
0470;Människohandel för tvångsarbete med barn under 18 år (upphörde år 2025);2025;04
0471;Människohandel för tvångsarbete med person 18 år eller äldre (upphörde år 2025);2025;04
0472;Människohandel för tiggeri med barn under 18 år (upphörde år 2025);2025;04
0473;Människohandel för tiggeri med person 18 år eller äldre(upphörde år 2025);2025;04
0474;Människohandel för organhandel med barn under 18 år (upphörde år 2025);2025;04
0475;Människohandel för organhandel med person 18 år eller äldre(upphörde år 2025);2025;04
0476;Människohandel för krigstjänst med barn under 18 år (upphörde år 2025);2025;04
0477;Människohandel för krigstjänst med person 18 år eller äldre(upphörde år 2025);2025;04
0478;Människohandel för övriga ändamål med barn under 18 år(upphörde år 2025);2025;04
0479;Människohandel för övriga ändamål med person 18 år eller äldre(upphörde år 2025);2025;04
0480;Olovlig identitetsanvändning, mot flicka under 18 år;;04
0481;Olovlig identitetsanvändning, mot pojke under 18 år;;04
0482;Olovlig identitetsanvändning, mot kvinna 18 år eller äldre;;04
0483;Olovlig identitetsanvändning, mot man 18 år eller äldre;;04
0484;Olaga integritetsintrång mot flicka under 18 år;;04
0485;Olaga integritetsintrång mot pojke under 18 år;;04
0486;Olaga integritetsintrång mot kvinna 18 år eller äldre(upphörde år 2019);2019;04
0487;Olaga integritetsintrång man 18 år eller äldre(upphörde år 2019);2019;04
0488;Olaga tvång mot flicka under 18 år;;04
0489;Olaga tvång mot pojke under 18 år;;04
0490;Olaga tvång mot kvinna 18 år eller äldre (upphörde år 2019);2019;04
0491;Olaga tvång mot man 18 år eller äldre (upphörde år 2019);2019;04
0492;Olovlig avlyssning m.m.;;04
0493;Människoexploatering inkl. grovt för tvångsarbete el. arbete under orimliga villkor, med barn under 18 år;;04
0494;Människoexploatering inkl. grovt för tvångsarbete el. arbete under orimliga villkor, med person 18 år eller äldre;;04
0495;Människoexploatering inkl. grovt för tiggeri, med barn under 18 år;;04
0496;Människoexploatering inkl. grovt för tiggeri, med person 18 år eller äldre;;04
0501;Ärekränkningsbrott (upphörde år 2015);2015;05 - 07
0502;Ärekränkningsbrott, mot flicka under 18 år (upphörde år 2016);2016;05 - 07
0503;Ärekränkningsbrott, mot pojke under 18 år (upphörde år 2016);2016;05 - 07
0504;Ärekränkningsbrott, mot kvinna 18 år eller äldre (upphörde år 2016);2016;05 - 07
0505;Ärekränkningsbrott, mot man 18 år eller äldre (upphörde år 2016);2016;05 - 07
0506;Ärekänkningsbrott mot flicka under 18 år, internetrelaterat;;05 - 07
0507;Ärekänkningsbrott mot flicka under 18 år, ej internetrelaterat;;05 - 07
0508;Ärekänkningsbrott mot pojke under 18 år, internetrelaterat;;05 - 07
0509;Ärekänkningsbrott mot pojke under 18 år, ej internetrelaterat;;05 - 07
0510;Ärekänkningsbrott mot kvinna 18 år eller äldre, internetrelaterat;;05 - 07
0511;Ärekänkningsbrott mot kvinna 18 år eller äldre, ej internetrelaterat;;05 - 07
0512;Ärekänkningsbrott mot man 18 år eller äldre, internetrelaterat;;05 - 07
0513;Ärekänkningsbrott mot man 18 år eller äldre, ej internetrelaterat;;05 - 07
0601;Våldtäkt, även grov, mot barn under 15 år (upphörde år 1976);1976;05 - 07
0602;Våldtäkt, även grov, mot person 15 år eller äldre (upphörde år 1976);1976;05 - 07
0603;Heterosexuell otukt med barn under 15 år (upphörde år 1987);1987;05 - 07
0604;Heterosexuell otukt med person 15 år eller äldre (upphörde år 1987);1987;05 - 07
0605;Homosexuell otukt med barn under 15 år (upphörde år 1987);1987;05 - 07
0606;Homosexuell otukt med person 15 år eller äldre (upphörde år 1987);1987;05 - 07
0607;Sexuellt ofredande, exhibitionism;;05 - 07
0608;Otuktigt beteende, ej exhibitionism (upphörde år 1987);1987;05 - 07
0609;Koppleri, inkl. grovt;;05 - 07
0610;Utnyttjande av barn genom köp av sexuell handling;;05 - 07
0611;Utnyttjande av barn för sexuell posering (upphörde år 2024);2024;05 - 07
0613;(upphörde år 2018) Sexuellt tvång inkl. grovt, sexuellt utnyttjande av person i beroendeställning inkl. grovt, samlag med avkomling eller syskon, mot kvinna 18 år eller äldre;2018;05 - 07
0614;(upphörde år 2018) Sexuellt tvång inkl. grovt, sexuellt utnyttjande av person i beroendeställning inkl. grovt, samlag med avkomling eller syskon, mot man 18 år eller äldre;2018;05 - 07
0615;(upphörde år 2018) Sexuellt tvång inkl. grovt, sexuellt utnyttjande av person i beroendeställning inkl. grovt, samlag med avkomling eller syskon, mot flicka 15-17 år;2018;05 - 07
0616;(upphörde år 2018) Sexuellt tvång inkl. grovt, sexuellt utnyttjande av person i beroendeställning inkl. grovt, samlag med avkomling eller syskon, mot pojke 15-17 år;2018;05 - 07
0621;Försök till våldtäkt, utomhus mot barn under 15 år (upphörde år 2007);2007;05 - 07
0622;Försök till våldtäkt, utomhus mot person 15 år el äldre(upphörde år 2007);2007;05 - 07
0623;Försök till våldtäkt, inomhus mot barn under 15 år (upphörde år 2007);2007;05 - 07
0624;Försök till våldtäkt, inomhus mot person 15 år el äldre(upphörde år 2007);2007;05 - 07
0625;Fullbordad våldtäkt, utomhus mot barn under 15 år (upphörde år 2007);2007;05 - 07
0626;Fullbordad våldtäkt, utomhus mot person 15 år el äldre (upphörde år 2007);2007;05 - 07
0627;Fullbordad våldtäkt, inomhus mot barn under 15 år (upphörde år 2007);2007;05 - 07
0628;Fullbordad våldtäkt, inomhus mot person 15 år el äldre (upphörde år 2007);2007;05 - 07
0631;Sex tvång mot barn av annat kön, under 15 år, nära relation(upphörde år 2009);2009;05 - 07
0632;Sex tvång, mot barn av annat kön, under 15 år, övriga fall (upphörde år 2009);2009;05 - 07
0633;Sexuellt tvång, mot person av annat kön, 18 år eller äldre (upphörde år 2013);2013;05 - 07
0634;Sex tvång, mot barn av samma kön, under 15 år, nära relation (upphörde år 2009);2009;05 - 07
0635;Sex tvång, mot barn av samma kön, under 15 år, övriga fall (upphörde år 2009);2009;05 - 07
0636;Sexuellt tvång, mot person av samma kön, 18 år eller äldre (upphörde år 2013);2013;05 - 07
0637;Sexuellt ofredande, mot barn under 15 år (upphörde år 2014);2014;05 - 07
0638;Annat sexuellt ofredande (upphörde år 2014);2014;05 - 07
0640;Försök till våldtäkt inkl. grov, utomhus mot flicka under 15 år (upphörde år 2024);2024;05 - 07
0641;Försök till våldtäkt inkl. grov, inomhus mot flicka under 15 (upphörde år 2024) år;2024;05 - 07
0642;Försök till våldtäkt inkl. grov, utomhus mot pojke under 15 (upphörde år 2024);2024;05 - 07
0643;Försök till våldtäkt inkl. grov, inomhus mot pojke under 15 år (upphörde år 2024);2024;05 - 07
0644;Försök till våldtäkt inkl. grov, utomhus mot flicka 15-17 år (upphörde år 2013);2013;05 - 07
0645;Försök till våldtäkt inkl. grov, inomhus mot flicka 15-17 år (upphörde år 2013);2013;05 - 07
0646;Försök till våldtäkt inkl. grov, utomhus mot pojke 15-17 år (upphörde år 2013);2013;05 - 07
0647;Försök till våldtäkt inkl. grov, inomhus mot pojke 15-17 år (upphörde år 2013);2013;05 - 07
0648;Försök till våldtäkt, inkl. grov, utomhus mot kvinna 18 år eller äldre;;05 - 07
0649;Försök till våldtäkt, inkl. grov, inomhus mot kvinna 18 år eller äldre;;05 - 07
0650;Försök till våldtäkt inkl. grov, utomhus mot man 18 år eller äldre;;05 - 07
0651;Försök till våldtäkt inkl. grov, inomhus mot man 18 år eller äldre;;05 - 07
0652;Fullbordad våldtäkt inkl. grov, utomhus mot flicka under 15 år (upphörde år 2024);2024;05 - 07
0653;Fullbordad våldtäkt inkl. grov, inomhus mot flicka under 15 år (upphörde år 2024);2024;05 - 07
0654;Fullbordad våldtäkt inkl. grov, utomhus mot pojke under 15 år (upphörde år 2024);2024;05 - 07
0655;Fullbordad våldtäkt inkl. grov, inomhus mot pojke under 15 år (upphörde år 2024);2024;05 - 07
0656;Fullbordad våldtäkt inkl. grov, utomhus mot flicka 15-17 år (upphörde år 2013);2013;05 - 07
0657;Fullbordad våldtäkt inkl. grov, inomhus mot flicka 15-17 år (upphörde år 2013);2013;05 - 07
0658;Fullbordad våldtäkt inkl. grov, utomhus mot pojke 15-17 år (upphörde år 2013);2013;05 - 07
0659;Fullbordad våldtäkt inkl. grov, inomhus mot pojke 15-17 år (upphörde år 2013);2013;05 - 07
0660;Fullbordad våldtäkt inkl. grov, utomhus mot kvinna 18 år eller äldre;;05 - 07
0661;Fullbordad våldtäkt inkl. grov, inomhus mot kvinna 18 år eller äldre;;05 - 07
0662;Fullbordad våldtäkt inkl. grov, utomhus mot man 18 år eller äldre;;05 - 07
0663;Fullbordad våldtäkt inkl. grov, inomhus mot man 18 år eller äldre;;05 - 07
0664;Sex utnyttjande av barn 15-17 år av person av samma kön i nära relation (upphörde år 2009);2009;05 - 07
0665;Sex utnyttjande av barn 15-17 år av person av samma kön, övriga fall (upphörde år 2009);2009;05 - 07
0666;Sex utnyttjande av barn 15-17 år av person av motsatt kön i nära relation  (upphörde år 2009);2009;05 - 07
0667;Sex utnyttjande av barn 15-17 år av person av motsatt kön i övriga fall (upphörde år 2009);2009;05 - 07
0668;Sexuellt ofredande mot barn 15-17 år (upphörde år 2014);2014;05 - 07
0669;Sexuellt utnyttjande av flicka under 15 år  (upphörde år 2024);2024;05 - 07
0670;Sexuellt utnyttjande av pojke under 15 år  (upphörde år 2024);2024;05 - 07
0671;Sexuellt utnyttjande av flicka 15-17 år  (upphörde år 2024);2024;05 - 07
0672;Sexuellt utnyttjande av pojke 15-17 år  (upphörde år 2024);2024;05 - 07
0673;Sexuellt övergrepp mot flicka under 15 år  (upphörde år 2024);2024;05 - 07
0674;Sexuellt övergrepp mot pojke under 15 år  (upphörde år 2024);2024;05 - 07
0675;Sexuellt övergrepp mot flicka 15-17 år;;05 - 07
0676;Sexuellt övergrepp mot pojke 15-17 år  (upphörde år 2024);2024;05 - 07
0682;Kontakt med pojke under 15 år i sexuellt syfte;;05 - 07
0684;Försök till våldtäkt inkl. grov (1 §), mot flicka 15-17 år, utomhus (upphörde år 2024);2024;05 - 07
0685;Försök till våldtäkt inkl. grov (1 §), mot flicka 15-17 år, inomhus (upphörde år 2024);2024;05 - 07
0686;Försök till våldtäkt inkl. grov (1 §), mot pojke 15-17 år, utomhus (upphörde år 2024);2024;05 - 07
0687;Försök till våldtäkt inkl. grov (1 §), mot pojke 15-17 år, inomhus (upphörde år 2024);2024;05 - 07
0688;Fullbordad våldtäkt inkl. grov (1 §), mot flicka 15-17 år, utomhus (upphörde år 2024);2024;05 - 07
0689;Fullbordad våldtäkt inkl. grov (1 §), mot flicka 15-17 år, inomhus (upphörde år 2024);2024;05 - 07
0690;Fullbordad våldtäkt inkl. grov (1 §), mot pojke 15-17 år, utomhus (upphörde år 2024);2024;05 - 07
0691;Fullbordad våldtäkt inkl. grov (1 §), mot pojke 15-17 år, inomhus (upphörde år 2024);2024;05 - 07
0692;Försök till våldtäkt inkl. grov (4 §), mot flicka 15-17 år, utomhus (upphörde år 2024);2024;05 - 07
0693;Försök till våldtäkt inkl. grov (4 §), mot flicka 15-17 år, inomhus (upphörde år 2024);2024;05 - 07
0694;Försök till våldtäkt inkl. grov (4 §), mot pojke 15-17 år, utomhus (upphörde år 2024);2024;05 - 07
0695;Försök till våldtäkt inkl. grov (4 §), mot pojke 15-17 år, inomhus (upphörde år 2024);2024;05 - 07
0696;Fullbordad våldtäkt inkl. grov (4 §), mot flicka 15-17 år, utomhus (upphörde år 2024);2024;05 - 07
0697;Fullbordad våldtäkt inkl. grov (4 §), mot flicka 15-17 år, inomhus (upphörde år 2024);2024;05 - 07
0698;Fullbordad våldtäkt inkl. grov (4 §), mot pojke 15-17 år, utomhus (upphörde år 2024);2024;05 - 07
0699;Fullbordad våldtäkt inkl. grov (4 §), mot pojke 15-17 år, inomhus (upphörde år 2024);2024;05 - 07
0701;Brott mot familj  (upphörde år 1976);1976;05 - 07
0711;Egenmäktighet med barn;;05 - 07
0712;Tvegifte, olovl ingående av äktenskap, olovl partnerskap m.m.;;05 - 07
0713;Otillbörlig påverkan vid adoption av barn;;05 - 07
0801;Tillgrepp motordr fortskaffningsmedel, förs till biltillgrepp;;08
0802;Tillgrepp motordr fortskaffningsmedel, fullb biltillgrepp;;08
0803;Tillgrepp av motordr fortskaffningsmedel, motorcykel;;08
0804;Tillgrepp av motordr fortskaffningsmedel, moped;;08
0805;Tillgrepp av motordr fortskaffningsmedel, båt;;08
0806;Tillgrepp av motordr fortskaffningsmedel, annat (bl a snöskoter);;08
0807;Tillgrepp av ej motordr fortskaffningsmedel, cykel;;08
0808;Tillgrepp av ej motordr fortskaffningsmedel, båt;;08
0809;Tillgrepp ej motordr fortskaffn medel, annat  (upphörde år 2024);2024;08
0810;Inbrottsstöld i kassaskåp/kassavalv/bank-, servicebox o.d. (upphörde år 2013);2013;08
0811;Inbrottsstöld i skola, bibliotek, undervisningslokal, förskola, fritidshem;;08
0812;Inbrottsstöld i idrotts-, bad- och sportanläggning;;08
0813;Inbrottsstöld i läkar- eller tandläkarpraktik, sjukhus;;08
0814;Stöld i biograf, teater, nöjes-, samlings- och ungdomslokal;;08
0815;Inbrottsstöld i hotell, pensionat o.d.;;08
0816;Inbrottsstöld i kafé, konditori, restaurang, näringsställe;;08
0817;Inbrottsstöld i apotek, apoteks- och läkemedelsförråd;;08
0818;Inbrottsstöld i butik, varuhus, kommersiell utställningslokal;;08
0819;Inbrottsstöld i kiosk, automat, skyltskåp;;08
0820;Inbrottsstöld i kontor;;08
0821;Inbrottsstöld i fabrik, lager, verkstad (ej bilverkstad);;08
0822;Inbrottsstöld på byggplats, i bod (tillfällig barack, vagn o.d.);;08
0823;Inbrottsstöld i garage, bensinstation, bilverkstad;;08
0824;Stöld genom inbrott i lägenhet eller villa (upphörde år 1996);1996;08
0825;Inbrottsstöld i källare, vind;;08
0826;Inbrottsstöld i fritidshus;;08
0827;Inbrottsstöld inom militärförläggning, militärt förråd;;08
0828;Stöld genom inbrott i fartyg eller farkost (upphörde år 1984);1984;08
0829;Inbrottsstöld inom hamnområde;;08
0830;Stöld, annan stöld medelst inbrott;;08
0831;Stöld även gm inbrott, av skjvapen, från militärt förråd (oavsett plats);;08
0832;Stöld även gm inbrott, av skjvapen, inom militärförläggning;;08
0833;Stöld även gm inbrott, av skjvapen, från skytteorganisations lokal eller förråd;;08
0834;Stöld även gm inbrott, av skjvapen, från vapenhandels lokal eller förråd;;08
0835;Stöld även gm inbrott, av skjvapen, från sprängämnesförråd (ej militärt);;08
0836;Stöld även gm inbrott, av skjvapen, i bostad (lägenhet, villa);;08
0837;Stöld även gm inbrott, av skjvapen, i fritidshus;;08
0838;Stöld även gm inbrott, av skjvapen, ur motorfordon;;08
0839;Övrig stöld av skjutvapen även gm inbrott, amm och sprängämnen;;08
0840;Stöld ur eller från motordrivet fordon, släpfordon och husvagn(upphörde år 2018);2018;08
0841;Stöld från cykel;;08
0842;Stöld under flygtransport (upphörde år 1988);1988;08
0843;Inbrottsstöld i villa/radhus (upphörde år 2001);2001;08
0844;Inbrottsstöld i lägenhet (upphörde år 2001);2001;08
0845;Stöld utan inbrott, fickstöld, stöld av/ur väska el dyl (upphörde år 2011);2011;08
0846;Stöld utan inbrott, skola/bibl./undervisn.lokal/förskola/fritidshem;;08
0847;Stöld utan inbrott, i idrotts-, bad- och sportanläggning;;08
0848;Stöld utan inbrott, i läkar- och tandläkarpraktik, sjukhus;;08
0849;Stöld utan inbrott biograf/teater/nöjes-/samlings/ungdomslokal;;08
0850;Stöld utan inbrott, inom hamnområde;;08
0851;Stöld utan inbrott, inom campingplats, strandbad;;08
0852;Stöld utan inbrott, i hotell, pensionat o.d.;;08
0853;Stöld utan inbrott butik/varuhus/kommersiell utställningslokal;;08
0854;Stöld utan inbrott, i kontor;;08
0855;Rån, utan skjutvapen, övrigt rån;;08
0856;Rån, med skjutvapen, övrigt rån;;08
0857;Inbrottsstöld, försök, i villa/radhus;;08
0858;Stöld utan inbrott, i bostad (lägenhet, villa) hos funktionsnedsatt;;08
0859;ej hos funktionsnedsatt;;08
0860;Stöld utan inbrott, i källare, vind;;08
0861;Stöld utan inbrott, inom militärförläggning, militärt förråd;;08
0862;Rån, med skjutvapen, bankrån;;08
0863;Rån, med skjutvapen, postrån (upphörde år 2007);2007;08
0864;Rån, med skjutvapen, butiksrån;;08
0865;Rån, med skjutvapen, taxirån;;08
0866;Rån, med skjutvapen, rån mot värdetransport;;08
0867;Rån, med skjutvapen, rån mot värdebefordran;;08
0868;Rån, utan skjutvapen, bankrån;;08
0869;Rån, utan skjutvapen, postrån (upphörde år 2007);2007;08
0870;Rån, utan skjutvapen, butiksrån;;08
0871;Rån, utan skjutvapen, taxirån;;08
0872;Rån, utan skjutvapen, rån mot värdetransport;;08
0873;Rån, utan skjutvapen, rån mot värdebefordran;;08
0874;Inbrottsstöld, försök, i lägenhet;;08
0875;Övr brott kap. 8, egenmäktigt förfar/självtäkt/olovl kraftavledn;;08
0876;Stöld under yrkesmässig transport, dock ej fickstöld (upphörde år 2010);2010;08
0877;Rån, utan skjutvapen, rån mot privatperson, utomhus (upphörde år 2007);2007;08
0878;Rån, utan skjutvapen, rån mot privatperson, inomhus (upphörde år 2007);2007;08
0879;Rån med skjutv, rån mot privatpers (ej fknshindrad), utomhus (upphörde år 2007);2007;08
0880;Stöld utan inbrott, annan stöld eller snatteri utan inbrott;;08
0881;Stöld under sjötransport, med/utan inbrott, ej fickstöld (upphörde år 1988);1988;08
0882;Stöld under yrkesmässig transport, annan godstransport (upphörde år 1988);1988;08
0883;Stöld utan inbrott i fabrik, lager, verkstad;;08
0884;Stöld utan inbrott på byggplats, i bod (tillfällig barack, vagn o.d.);;08
0885;Stöld utan inbrott, väskryckning (upphörde år 2011);2011;08
0886;Stöld kulturföremål gm inbr kyrka/museum/hemb.gård o.d;;08
0887;Stöld kulturföremål ej inbr kyrka/museum/hemb.gård o.d;;08
0888;Stöld utan inbrott, i kafé, konditori, restaurang, näringsställe;;08
0889;Stöld, (ej inbrott), automatmissbruk (upphörde år 1987);1987;08
0890;Rån, med skjutv, rån mot privatperson (ej fknshindrad), inomhus (upphörde år 2007);2007;08
0891;Stöld ur eller från båt (upphörde år 2010);2010;08
0892;Rån, utan skjutvapen, rån mot funktionsnedsatt utomhus;;08
0893;Rån, utan skjutvapen, rån mot funktionsnedsatt inomhus;;08
0894;Rån och grovt rån, med skjutvapen, annat, utomhus (upphörde år 1999);1999;08
0895;Rån och grovt rån, med skjutvapen, annat, inomhus (upphörde år 1999);1999;08
0896;Rån, med skjutvapen, rån mot funktionsnedsatt utomhus;;08
0897;Rån, med skjutvapen, rån mot funktionsnedsatt inomhus;;08
0898;Rån och grovt rån, med skjutvapen, annat, utomhus (upphörde år 1999);1999;08
0899;Rån och grovt rån, med skjutvapen, annat, inomhus (upphörde år 1999);1999;08
0901;Bedrägeri, datorbedrägeri;;09
0902;Bedrägeri, automatmissbruk;;09
0903;Bedrägeri, mot hotell, restaurang, taxi, buss, tåg, spårvagn etc.;;09
0904;Bedrägeri, med kontokort;;09
0905;Bedrägeri, mot funktionsnedsatt;;09
0906;Bedrägeri, övrigt bedrägeri;;09
0907;Utpressning, ocker (upphörde år 2013);2013;09
0908;Häleri, häleriförseelse (upphörde år 1976);1976;09
0909;Övriga brott mot kap. 9, oredl förfarande/svindleri/ockerpant (upphörde år 2012);2012;09
0911;Bedrägeri/grovt bedrägeri/bedrägl beteende, automatmissbruk  (upphörde år 1987);1987;09
0912;bedrägeri, bedrägligt beteende avseende bluffakturor;;09
0913;Bedrägeri med hjälp av Internet;;09
0914;Mot EU:s finansiella intressen;;09
0915;Övriga brott mot 9 kap. BrB;;09
0916;Subventionsmissbruk (upphörde 2026);2026;09
0921;Bedr./grovt bedr./bedrägl beteende överskr eget checkk. (upphörde år 1998);1998;09
0922;Bedrägeri, annan checkbedrägeri (ej överskridet konto);;09
0923;Bedr/grovt bedr/bedr beteende överskr eget personkonto (upphörde år 1999);1999;09
0924;Bedr/grovt bedr/bedr beteende/annat bedr m personkblankett (upphörde år 1999);1999;09
0925;Bedr/grovt bedr/bedr beteende mot bank (även PK) i övrigt (upphörde år 1999);1999;09
0926;Bedr/grovt bedr/bedr beteende mot postverket (ej PK-bank) (upphörde år 1999);1999;09
0927;Bedrägeri, mot försäkringskassa (upphörde år 2014);2014;09
0928;Bedr/grovt bedr/bedr beteende kontokorts- & kreditkortsbedr (upphörde år 1987);1987;09
0929;Bedrägeri, mot försäkringsbolag (s.k. försäkringsbedrägeri);;09
0930;Häleri - tillfällig, häleriförseelse;;09
0931;Häleri - vanemässig inriktning eller av stor omfattning;;09
0932;Bedrägeri, överskridit eget konto (check- och personkonto);;09
0933;Penninghäleri (upphörde år 2014);2014;09
0934;Penninghäleriförseelse (upphörde år 2014);2014;09
0935;Investeringsbedrägeri;;09
0940;Utpressning;;09
0941;Ocker;;09
0942;Romansbedrägeri, bedrägeri genom social manipulation, internationell anknytning, mot äldre/funktionsnedsatt;;09
0943;Romansbedrägeri, bedrägeri genom social manipulation, ej internationell anknytning, mot äldre/funktionsnedsatt;;09
0944;Romansbedrägeri, bedrägeri genom social manipulation, internationell anknytning, ej mot äldre/funktionsnedsatt;;09
0945;Romansbedrägeri, bedrägeri genom social manipulation, ej internationell anknytning, ej mot äldre/funktionsnedsatt;;09
0946;Investeringsbedrägeri, bedrägeri genom social manipulation, internationell anknytning, mot äldre/funktionsnedsatt;;09
0947;Investeringsbedrägeri, bedrägeri genom social manipulation, ej internationell anknytning, mot äldre/funktionsnedsatt;;09
0948;Investeringsbedrägeri, bedrägeri genom social manipulation, internationell anknytning, ej mot äldre/funktionsnedsatt;;09
0949;Investeringsbedrägeri, bedrägeri genom social manipulation, ej internationell anknytning, ej mot äldre/funktionsnedsatt;;09
0950;Befogenhetsbedrägeri, bedrägeri genom social manipulation, internationell anknytning, mot äldre/funktionsnedsatt;;09
0951;Befogenhetsbedrägeri, bedrägeri genom social manipulation, ej internationell anknytning, mot äldre/funktionsnedsatt;;09
0952;Befogenhetsbedrägeri, bedrägeri genom social manipulation, internationell anknytning, ej mot äldre/funktionsnedsatt;;09
0953;Befogenhetsbedrägeri, bedrägeri genom social manipulation,  ej internationell anknytning, ej mot äldre/funktionsnedsatt;;09
0954;Bedrägeri genom social manipulation, av annan typ, internationell, mot äldre/funktionsnedsatt;;09
0955;Bedrägeri genom social manipulation, av annan typ, ej internationell anknytning, mot äldre/funktionsnedsatt;;09
0956;Bedrägeri genom social manipulation, av annan typ, internationell anknytning, ej mot äldre/funktionsnedsatt;;09
0957;Bedrägeri genom social manipulation, av annan typ, ej internationell anknytning, ej mot äldre/funktionsnedsatt;;09
0958;Identitetsbedrägeri, köp, internationell anknytning, mot äldre/funktionsnedsatt;;09
0959;Identitetsbedrägeri, köp, ej internationell anknytning, mot äldre/funktionsnedsatt;;09
0960;Identitetsbedrägeri, köp, internationell anknytning, ej mot äldre/funktionsnedsatt;;09
0961;Identitetsbedrägeri, köp, ej internationell anknytning, ej mot äldre/funktionsnedsatt;;09
0962;Identitetsbedrägeri, lån, internationell anknytning, mot äldre/funktionsnedsattt;;09
0963;Identitetsbedrägeri, lån, ej internationell anknytning, mot äldre/funktionsnedsatt;;09
0964;Identitetsbedrägeri, lån, internationell anknytning, ej mot äldre/funktionsnedsatt;;09
0965;Identitetsbedrägeri, lån, ej internationell anknytning, ej mot äldre/funktionsnedsatt;;09
0966;Identitetsbedrägeri, av annan typ, internationell anknytning, mot äldre/funktionsnedsatt;;09
0967;Identitetsbedrägeri, av annan typ, ej internationell anknytning, mot äldre/funktionsnedsatt;;09
0968;Identitetsbedrägeri, av annan typ, internationell anknytning, ej mot äldre/funktionsnedsatt;;09
0969;Identitetsbedrägeri, av annan typ, ej internationell anknytning, ej mot äldre/funktionsnedsatt;;09
0970;Fakturabedrägeri, med kontakt, internationell anknytning, mot äldre/funktionsnedsatt;;09
0971;Fakturabedrägeri, med kontakt, ej internationell anknytning, mot äldre/funktionsnedsatt;;09
0972;Fakturabedrägeri, med kontakt, internationell anknytning, ej mot äldre/funktionsnedsatt;;09
0973;Fakturabedrägeri, med kontakt, ej internationell anknytning, ej mot äldre/funktionsnedsatt;;09
0974;Fakturabedrägeri, utan kontakt, internationell anknytning, mot äldre/funktionsnedsatt;;09
0975;Fakturabedrägeri, utan kontakt, ej internationell anknytning, mot äldre/funktionsnedsatt;;09
0976;Fakturabedrägeri, utan kontakt, internationell anknytning, ej mot äldre/funktionsnedsatt;;09
0977;Fakturabedrägeri, utan kontakt, ej internationell anknytning, ej mot äldre/funktionsnedsatt;;09
0978;Kortbedrägeri, med fysiskt kort, internationell anknytning, mot äldre/funktionsnedsatt;;09
0979;Kortbedrägeri, med fysiskt kort, ej internationell anknytning, mot äldre/funktionsnedsatt;;09
0980;Kortbedrägeri, med fysiskt kort, internationell anknytning, ej mot äldre/funktionsnedsatt;;09
0981;Kortbedrägeri, med fysiskt kort, ej internationell anknytning, ej mot äldre/funktionsnedsatt;;09
0982;Kortbedrägeri, utan fysiskt kort, internationell anknytning;;09
0983;Kortbedrägeri, utan fysiskt kort, ej internationell anknytning;;09
0984;Annonsbedrägeri, internationell anknytning, mot äldre/funktionsnedsatt;;09
0985;Annonsbedrägeri, ej internationell anknytning, mot äldre/funktionsnedsatt;;09
0986;Annonsbedrägeri, internationell anknytning, ej mot äldre/funktionsnedsatt;;09
0987;Annonsbedrägeri, ej internationell anknytning, ej mot äldre/funktionsnedsatt;;09
0988;Försäkringsbedrägeri;;09
0989;Snyltningsbrott;;09
0990;Grovt fordringsbedrägeri, internationell anknytning;;09
0991;Grovt fordringsbedrägeri, ej internationell anknytning;;09
0992;Övrigt bedrägeri, internationell anknytning, mot äldre/funktionsnedsatt;;09
0993;Övrigt bedrägeri, ej internationell anknytning, mot äldre/funktionsnedsatt;;09
0994;Övrigt bedrägeri, internationell anknytning, ej mot äldre/funktionsnedsatt;;09
0995;Övrigt bedrägeri, ej internationell anknytning, ej mot äldre/funktionsnedsatt;;09
0996;Olovlig befattning med betalningsverktyg;;09
0997;Lönegarantibedrägeri;;09
0998;Bedrägeri mot EU:s finansiella intressen;;09
0999;Utförselhäleri inkl. grovt;;09
1001;Förskingring, grov förskingring, undandräkt;;10 - 19
1002;Olovligt förfogande, över avbetalningsgods;;10 - 19
1003;Annat olovligt förfogande;;10 - 19
1004;Fyndförseelse;;10 - 19
1005;Brott mot kap 10 utom kod 1001-1004 (upphörde år 1987);1987;10 - 19
1006;Trolöshet mot huvudman, datorteknik (upphörde år 1999);1999;10 - 19
1007;Trolöshet mot huvudman;;10 - 19
1008;Olovligt brukande, datortidsstöld (upphörde år 1999);1999;10 - 19
1009;Olovligt brukande;;10 - 19
1010;Behörighetsmissbruk;;10 - 19
1011;Handel med inflytande och/eller vårdslös finansiering av mutbrott;;10 - 19
1012;Tagande av muta inkl. grovt, ej till utländska tjänstemän i affärsförhållanden;;10 - 19
1013;Tagande av muta inkl. grovt, till utländska tjänstemän i affärsförhållanden;;10 - 19
1014;Givande av muta inkl. grovt, ej till utländska tjänstemän i affärsförhållanden;;10 - 19
1015;Givande av muta inkl. grovt, till utländska tjänstemän i affärsförhållanden;;10 - 19
1101;Brott mot borgenär m.m. (upphörde år 1999);1999;10 - 19
1111;Oredlighet mot borgenärer, grov oredlighet mot borgenärer;;10 - 19
1112;Vårdslöshet mot borgenärer;;10 - 19
1113;Mannamån mot borgenärer;;10 - 19
1114;Bokföringsbrott (upphörde år 2014);2014;10 - 19
1115;Försvårande av konkurs eller exekutiv förrättning;;10 - 19
1120;Ringa bokföringsbrott, konkurs (upphörde år 2024);2024;10 - 19
1121;Bokföringsbrott av normalgraden, konkurs (upphörde år 2024);2024;10 - 19
1122;Grovt bokföringsbrott, konkurs;;10 - 19
1123;Ringa bokföringsbrott, ej konkurs (upphörde år 2024);2024;10 - 19
1124;Bokföringsbrott av normalgraden, ej konkurs (upphörde år 2024);2024;10 - 19
1125;Grovt bokföringsbrott, ej konkurs;;10 - 19
1126;Bokföringsbrott, ringa, konkurs, försenad eller avsaknad av årsredovisning;;10 - 19
1127;Bokföringsbrott, ringa, konkurs, övriga brott;;10 - 19
1128;Bokföringsbrott, ringa, ej konkurs, försenad eller avsaknad av årsredovisning;;10 - 19
1129;Bokföringsbrott, ringa, ej konkurs, övriga brott;;10 - 19
1130;Bokföringsbrott, av normalgraden, konkurs, försenad eller avsaknad av årsredovisning;;10 - 19
1131;Bokföringsbrott, av normalgraden, konkurs, övriga brott;;10 - 19
1132;Bokföringsbrott, av normalgraden, ej konkurs, försenad eller avsaknad av årsredovisning;;10 - 19
1133;Bokföringsbrott, av normalgraden, ej konkurs, övriga brott;;10 - 19
1201;Skadegörelse, på motorfordon;;10 - 19
1202;Skadegörelse, genom brand, även på motorfordon (upphörde år 2016);2016;10 - 19
1203;Annan skadegörelse (ej klotter);;10 - 19
1204;Tagande av olovlig väg;;10 - 19
1205;Skadegörelse, mot stat, kommun, landsting (ej klotter);;10 - 19
1206;Skadegörelse, datasabotage;;10 - 19
1207;Klotter (upphörde år 2005);2005;10 - 19
1208;klotter mot kollektivtrafik;;10 - 19
1209;klotter övrigt;;10 - 19
1210;Skadegörelse, genom brand (ej på motorfordon);;10 - 19
1211;Skadegörelse, bilbrand eller brand på annat motorfordon (ej mordbrand, 1301);;10 - 19
1212;Annan skadegörelse (ej klotter);;10 - 19
1301;Mordbrand, grov mordbrand;;10 - 19
1302;Allm vårdslöshet, våll av brand som ej redov som mordbr m.m.;;10 - 19
1303;Annan allmänfarlig vårdslöshet;;10 - 19
1304;Övr brott mot kap. 13, allmfarl ödeläg, sabotage, kapning (upphörde år 2018);2018;10 - 19
1305;Miljöbrott (8a §) (upphörde år 2000);2000;10 - 19
1306;Sprida gift/smitta, förgöring, vårdslös med gift/smitta (§§ 7-9) (upphörde år 2000);2000;10 - 19
1307;Sprida gift/smitta, förgöring, vårdslös med gift/smitta (§§ 7-9);;10 - 19
1308;Allmänfarlig ödeläggelse, genom sprängning;;10 - 19
1309;Allmänfarlig ödeläggelse, ej genom sprängning;;10 - 19
1310;Övriga brott mot 13 kap., sabotage inkl. grovt, kapning, sjö- eller luftfartssabotage, flygplatssabotage, underlåtenhet att;;10 - 19
1311;Sabotage mot blåljusverksamhet inkl. grovt;;10 - 19
1312;Allmänfarlig ödeläggelse genom sprängning inkl. grovt, fullbordat;;10 - 19
1313;Allmänfarlig ödeläggelse genom sprängning inkl. grovt, förberedelse, försök, stämpling m.m.;;10 - 19
1314;Spridande av gift eller smitta inkl. grovt;;10 - 19
1315;Förgöring inkl. grovt;;10 - 19
1316;Vårdslöshet med gift eller smittämne;;10 - 19
1401;Förfalskningsbrott, check;;10 - 19
1402;Förfalskningsbrott, svenskt körkort;;10 - 19
1403;Urkförfalskn/grov urkförfalskn/undertr urk Ej samb bedräg sv pass (upphörde år 2001);2001;10 - 19
1404;Förfalskningsbrott, tjänste- eller identitetskort;;10 - 19
1405;Förfalskningsbrott, annan legitimationshandling;;10 - 19
1406;Förfalskningsbrott, övrig urkundsförfalskning;;10 - 19
1407;Signaturförfalskning, brukande av det förfalskade;;10 - 19
1408;Penningförfalsk/olovl befattn  bruk spridn falska pengar;;10 - 19
1409;Övriga brott mot 14 kap. BrB;;10 - 19
1410;Förfalsk handl anv för illegal invandr: sv /utl pass/resedok m.m.;;10 - 19
1501;Mened, osann partsutsaga eller ovarsam utsaga;;10 - 19
1502;Övr brott kap.15, osann/ovarsam utsaga vid nord domstol mm (upphörde år 2009);2009;10 - 19
1503;Missbr urkund avs sv/utl pass/resedok/främlingspass mm;;10 - 19
1504;Brukande av osann urkund, gäller pass;;10 - 19
1505;Falsk och vårdslös beskyllning;;10 - 19
1506;Övriga brott mot 15 kap. BrB, dock inte i samband med bedrägeri;;10 - 19
1601;Övriga brott mot allmän ordning (upphörde år 1990);1990;10 - 19
1602;Falskt larm;;10 - 19
1603;Missbruk av larmordning;;10 - 19
1604;Hets mot folkgrupp;;10 - 19
1605;Olaga diskriminering;;10 - 19
1606;Övriga brott mot kap. 16, upplopp, ohörsamhet mot ordningsmakten m.m. (upphörde år 2012);2012;10 - 19
1607;Barnpornografibrott (upphörde år 2023);2023;10 - 19
1608;Internetrelaterat barnpornografibrott (upphörde år 2023);2023;10 - 19
1609;Djurplågeri;;10 - 19
1610;Övriga brott mot 16 kap (utom 16 §);;10 - 19
1611;Övriga brott mot 16 kap.;;10 - 19
1612;Uppvigling inkl. grovt;;10 - 19
1613;Myteri inkl. grovt;;10 - 19
1614;Gravfridsbrott;;10 - 19
1615;Övriga brott mot 16 kap. BrB;;10 - 19
1616;Barnpornografibrott, inkl. grovt;;10 - 19
1617;Involverande av en underårig i brottslighet;;10 - 19
1701;Våld mot tjänstem, mot polis där våldet beräknas medföra att polisen inte blir arbetsoförmögen eller blir arbetsoförmögen under kortare tid än ett dygn;;10 - 19
1702;Våld mot tjänstem/polis, arbetsoförm under 1 dygn el längre;;10 - 19
1703;Våld mot tjänsteman, mot ordningsvakt;;10 - 19
1704;Våld mot tjänsteman, övriga fall;;10 - 19
1705;Hot eller förgripelse mot tjänsteman;;10 - 19
1706;Våldsamt motstånd;;10 - 19
1707;Övr brott mot kap.17, bestickn/otillbörligt verkande vid röstn mm (upphörde år 2009);2009;10 - 19
1708;Givande av muta (inkl. grov) (upphörde år 2025);2025;10 - 19
1709;Övergrepp i rättssak;;10 - 19
1710;Övriga brott mot 17 kap. BrB (upphörde år 2024);2024;10 - 19
1711;Otillbörligt verkande vid röstning, tagande av otillbörlig förmån vid röstning;;10 - 19
1712;Övriga brott mot 17 kap. BrB;;10 - 19
1713;Förolämpning mot tjänsteman (upphörde år 2025);2025;10 - 19
1714;Förolämpning mot polis;;10 - 19
1715;Förolämpning mot övriga tjänstemän;;10 - 19
1801;Högmålsbrott/uppror/väpn hot mot lagl ordn/olovl kårverks mm (upphörde år 2016);2016;10 - 19
1802;Uppror;;10 - 19
1803;Väpnat hot mot laglig ordning;;10 - 19
1804;Olovlig kårverksamhet;;10 - 19
1805;Brott mot medborgerlig frihet;;10 - 19
1806;Svikande av försvarsplikt;;10 - 19
1901;Brott mot rikets säkerhet, högförräderi, krigsanstiftan m.m. (upphörde år 2016);2016;10 - 19
1902;Spioneri, grovt spioneri;;10 - 19
1903;Vårdslöshet med hemlig uppgift;;10 - 19
1904;Olovlig underrättelseverksamhet mot Sverige;;10 - 19
1905;Olovlig underrättelseverksamhet mot främmande makt;;10 - 19
1906;Olovlig underrättelseverksamhet mot person;;10 - 19
1907;Övriga brott mot Sveriges säkerhet;;10 - 19
1908;Utlandsspioneri, grovt utlandsspioneri;;10 - 19
1909;Röjande av hemlig uppgift i internationellt samarbete;;10 - 19
2001;Tjänstefel m.m. (upphörde år 2009);2009;20 - 51
2002;Tjänstefel inkl. grovt;;20 - 51
2003;Tagande av muta (inkl. grov) (upphörde år 2025);2025;20 - 51
2004;Brott mot tystnadsplikt;;20 - 51
2005;Missbruk av offentlig ställning inkl grovt;;20 - 51
2101;Undanhållande och rymning (upphörde år 1988);1988;20 - 51
2102;BrB kap 21 utom undanhållande och rymning (upphörde år 1988);1988;20 - 51
2201;Annat folkrättsbrott än grovt (upphörde år 2015);2015;20 - 51
2202;Folkrättsbrott, grovt (upphörde år 2015);2015;20 - 51
2203;Folkmord (upphörde år 2015);2015;20 - 51
2204;Brott mot 22 kap. brb;;20 - 51
2205;Lagen om straff för folkmord, brott mot mänskligheten och krigsförbrytelser;;20 - 51
2206;Folkmord;;20 - 51
2207;Brott mot mänskligheten;;20 - 51
2208;Krigsförbrytelse inkl. grov;;20 - 51
2209;Övriga brott mot lag om straff för folkmord, brott mot mänskligheten och krigsförbrytelser;;20 - 51
3001;Grov vårdslöshet i trafik;;20 - 51
3002;Olovlig körning, grov olovlig körning;;20 - 51
3003;Brott mot föreskrift;;20 - 51
3004;Tillåtit olovlig körning etc;;20 - 51
3005;Rattfylleri, inkl. grovt, enbart alkohol eller både alkohol och narkotika;;20 - 51
3006;Smitning(upphörde år 2018);2018;20 - 51
3007;Smitning från trafikolycksplats, med betydande materialskador, personskador eller dödligt utfall;;20 - 51
3008;Smitning från trafikolycksplats, med inga eller lindriga material- och personskador;;20 - 51
3070;Rattfylleri, inkl. grovt, enbart narkotika;;20 - 51
3161;Övriga trafikbrott med fängelse i straffskalan;;20 - 51
3201;Sjöfylleri;;20 - 51
3203;Övriga sjötrafikbrott med fängelse i straffskalan;;20 - 51
4001;Checklagen, ej bedrägerifall (upphörde år 1996);1996;20 - 51
4002;Narkotikasmuggling (varusmugglingslagen 1-3 §) (upphörde år 2003);2003;20 - 51
4003;Varusmuggling/olovlig befattn med smuggelgods, ej narkotika (upphörde år 2003);2003;20 - 51
4004;Brott mot alkohollagen, ej olovlig sprittillverkning  (upphörde år 2000);2000;20 - 51
4005;Skattebrottslagen (upphörde år 1999);1999;20 - 51
4006;Underlåtenhet att inbetala löneavdrag för skatt (upphörde år 1999);1999;20 - 51
4007;Vapenlagen/olaga innehav av pistol/revolver/kulsprutepistol(upphörde år 2018);2018;20 - 51
4008;Vapenlagen, olaga innehav av jaktvapen(upphörde år 2018);2018;20 - 51
4009;Vapenlagen, olaga innehav av annat vapen(upphörde år 2018);2018;20 - 51
4010;Vapenlagen, annat brott mot vapenlagstiftningen(upphörde år 2018);2018;20 - 51
4011;Jaktlagen;;20 - 51
4012;Fiskelagen;;20 - 51
4013;Övr brott enl speciallagstiftningen då fängelse ingår i straffskal;;20 - 51
4015;Naturvårds- eller miljövårdlagsbrott (upphörde år 1985);1985;20 - 51
4016;Arbetsmiljölagen, åsidosättande av föreläggande eller förbud;;20 - 51
4017;Brott mot valutalagen (upphörde år 1992);1992;20 - 51
4018;Brott mot naturvårdslagen (upphörde år 2000);2000;20 - 51
4019;Brott mot miljöskyddslagen (upphörde år 2000);2000;20 - 51
4020;Brott mot utlänningslagen (upphörde år 2001);2001;20 - 51
4021;Brott mot lagen om besöksförbud;;20 - 51
4022;Smuggl dopningsmedel (Varusmuggllagen, 1960:418 1-3 §§) (upphörde år 2002);2002;20 - 51
4023;Brott mot lagen om förbud betr knivar och andra farliga föremål;;20 - 51
4024;Köp av sexuell tjänst (from juni 2006 15 år eller äldre och  from maj 2007 18 år eller äldre);;20 - 51
4025;Människosmuggling;;20 - 51
4026;Organiserande av människosmuggling;;20 - 51
4027;Gömmer flykting, hindrar av- eller utvisning m.m.(upphörde år 2018);2018;20 - 51
4028;Överträdelse av tillträdesförbud vid idrottsarrangemang;;20 - 51
4029;Hindrande av elektronisk övervakning;;20 - 51
4030;Brott mot personuppgiftslagen;;20 - 51
4031;Illegal rovdjursjakt (varg, björn, järv, lodjur kungsörn);;20 - 51
4032;Läkemedelslag;;20 - 51
4033;Lag om handel med läkemedel;;20 - 51
4034;Lag om handel med vissa receptfria läkemedel;;20 - 51
4035;Smuggling, olovlig in- och utförsel av icke narkotikaklassade läkemedel;;20 - 51
4036;Smuggling, olovlig in- och utförsel av övriga varor, ej alkohol, tobak, icke narkotikaklassade läkemedel, vapen eller brandfarliga och explosiva varor;;20 - 51
4037;Grov smuggling, icke narkotikaklassade läkemedel;;20 - 51
4038;Grov smuggling, övriga varor, ej alkohol, tobak, icke narkotikaklassade läkemedel, vapen eller brandfarliga och explosiva varor;;20 - 51
4039;Tullbrott, vårdslös tullredovisning, icke narkotikaklassade läkemedel;;20 - 51
4040;Smugglingsbrott och olovlig in- och utförsel (ej narkotika) (upphörde år 2009);2009;20 - 51
4041;Narkotikasmuggling och olovlig in- och utförsel av narkotika (upphörde år 2009);2009;20 - 51
4042;Tullbrott och vårdslös tullredovisning (upphörde år 2009);2009;20 - 51
4043;Olovlig befattning med smuggelgods (upphörde år 2009);2009;20 - 51
4044;Smuggling ej grov, olovlig införsel/utförsel, ej narkotika (upphörde år 2017);2017;20 - 51
4045;Grov smuggling, ej narkotika (upphörde år 2017);2017;20 - 51
4046;Narkotikasmuggling, ej grov, olovlig införsel/utförsel av narkotika;;20 - 51
4047;Grov narkotikasmuggling (upphörde år 2023);2023;20 - 51
4048;Tullbrott, ej grovt, vårdslös tullredovisning (upphörde år 2017);2017;20 - 51
4049;Grovt tullbrott (upphörde år 2017);2017;20 - 51
4050;Olovlig befattning med smuggelgods, ej grov (upphörde år 2017);2017;20 - 51
4051;Grov olovlig befattning med smuggelgods (upphörde år 2017);2017;20 - 51
4052;Olovlig befattning med punktskattepliktiga varor (upphörde år 2010);2010;20 - 51
4053;Olovlig förflyttning och befattn. m. punktskattepliktiga varor (upphörde år 2017);2017;20 - 51
4054;Synnerligen grov narkotikasmuggling (upphörde år 2023);2023;20 - 51
4055;Smuggling, olovlig in- och utförsel av alkohol- eller tobaksvaror;;20 - 51
4056;Smuggling, olovlig in- och utförsel av vapen eller brandfarliga och explosiva varor;;20 - 51
4057;Smuggling, olovlig in- och utförsel av övriga varor, ej alkohol, tobak, vapen eller brandfarliga och explosiva varor;;20 - 51
4058;Grov smuggling, alkohol- eller tobaksvaror;;20 - 51
4059;Grov smuggling, vapen eller brandfarliga och explosiva varor;;20 - 51
4060;Grov smuggling, övriga varor, ej alkohol, tobak, vapen eller brandfarliga och explosiva varor;;20 - 51
4061;Tullbrott, vårdslös tullredovisning, alhohol- eller tobaksvaror;;20 - 51
4062;Tullbrott, vårdslös tullredovisning, övriga varor, ej akohol- eller tobaksvaror;;20 - 51
4063;Olovlig beffatning med smuggelgods, alkohol- eller tobaksvaror;;20 - 51
4064;Olovlig befattning med smuggelgods, vapen eller brandfarliga och explosiva varor;;20 - 51
4065;Olovlig befattning med smuggelgods, övriga varor, ej alkohol, tobak, vapen eller brandfarliga och explosiva varor;;20 - 51
4066;Olovlig befattning med smuggelgods, narkotika;;20 - 51
4067;Olovlig befattning med punktskattepliktiga varor;;20 - 51
4068;Olovlig förflyttning av punktskattepliktiga varor;;20 - 51
4069;Uppsåtligen uppehåller sig i Sverige trots beslut om utvisning;;20 - 51
4071;Har utlänning anställd som inte har rätt att vistas i Sverige, eller saknar arbetstillstånd;;20 - 51
4072;Övriga brott mot utlänningslagen;;20 - 51
4073;Vapenbrott. innehav av pistol, revolver eller kulsprutepistol (upphörde år 2023);2023;20 - 51
4074;Grovt vapenbrott, synnerligen grovt vapenbrott. innehav av pistol, revolver eller kulsprutepistol (upphörde år 2023);2023;20 - 51
4075;Vapenbrott. innehav av jaktvapen;;20 - 51
4076;Grovt vapenbrott, synnerligen grovt vapenbrott. innehav av jaktvapen;;20 - 51
4077;Vapenbrott. innehav av annat vapen (upphörde år 2023);2023;20 - 51
4078;Grovt vapenbrott, synnerligen grovt vapenbrott. innehav av annat vapen (upphörde år 2023);2023;20 - 51
4079;Vapenbrott. överlåtelse eller utlåning av skjutvapen;;20 - 51
4080;Grovt vapenbrott, synnerligen grovt vapenbrott. överlåtelse eller utlåning av skjutvapen;;20 - 51
4081;Annat brott mot vapenlagen;;20 - 51
4082;Olovlig spelverksamhet inkl. grovt;;20 - 51
4083;Främjande av olovligt spel inkl. grovt;;20 - 51
4084;Spelfusk inkl. grovt;;20 - 51
4085;Överträdelse av kontaktförbud med elektronisk övervakning(upphörde år 2025);2025;20 - 51
4086;Överträdelse av kontaktförbud;;20 - 51
4087;Olovlig befattning med smuggelgods, övriga varor, ej alkohol, tobak, icke narkotikaklassade läkemedel, narkotika, vapen eller brandfarliga och explosiva varor;;20 - 51
4088;Överträdelse av kontaktförbud, mot flicka under 18 år;;20 - 51
4089;Överträdelse av kontaktförbud, mot pojke  under 18 år;;20 - 51
4090;Överträdelse av kontaktförbud, mot kvinna 18 år eller äldre, är eller har varit närstående genom parrelation;;20 - 51
4091;Överträdelse av kontaktförbud, mot kvinna 18 år eller äldre, är eller har varit närstående genom släktskap/familj;;20 - 51
4092;Överträdelse av kontaktförbud, mot kvinna 18 år eller äldre, är eller har varit bekanta genom annan slags relation;;20 - 51
4093;Överträdelse av kontaktförbud, mot kvinna 18 år eller äldre, obekanta;;20 - 51
4094;Överträdelse av kontaktförbud, mot man 18 år eller äldre, är eller har varit närstående genom parrelation;;20 - 51
4095;Överträdelse av kontaktförbud, mot man 18 år eller äldre, är eller har varit närstående genom släktskap/familj;;20 - 51
4096;Överträdelse av kontaktförbud, mot man 18 år eller äldre, är eller har varit bekanta genom annan slags relation;;20 - 51
4097;Överträdelse av kontaktförbud, mot man 18 år eller äldre, obekanta;;20 - 51
4098;Tullbrott, vårdslös tullredovisning, övriga varor, ej alkohol- eller tobaksvaror eller icke narkotikaklassade läkemedel;;20 - 51
4099;Olovlig befattning med smuggelgods, icke narkotikaklassade läkemedel;;20 - 51
4101;Smuggling, olovlig in- och utförsel av hälsofarliga varor;;20 - 51
4102;Grov smuggling av hälsofarliga varor;;20 - 51
4103;Smuggling, olovlig in- och utförsel av dopningsmedel;;20 - 51
4104;Grov smuggling av dopningsmedel;;20 - 51
4105;Smuggling, olovlig in- och utförsel av övriga varor, ej dopningsmedel, alkohol, tobak, icke narkotikaklassade läkemedel eller hälsofarliga varor;;20 - 51
4106;Grov smuggling av övriga varor, ej dopningsmedel, alkohol, tobak,icke narkotikaklassade läkemedel eller hälsofarliga varor;;20 - 51
4107;Vapensmuggling, ej grovt, olovlig in- och utförsel (upphörde år 2023);2023;20 - 51
4108;Vapensmuggling, grovt (upphörde år 2023);2023;20 - 51
4109;Vapensmuggling, synnerligen grovt (upphörde år 2023);2023;20 - 51
4110;Smuggling av explosiv vara, ej grovt, olovlig in- och utförsel;;20 - 51
4111;Smuggling av explosiv vara, grovt (upphörde år 2023);2023;20 - 51
4112;Smuggling av explosiv vara, synnerligen grovt (upphörde år 2023);2023;20 - 51
4113;Olovlig befattning med smuggelgods inkl. grovt, hälsofarliga varor;;20 - 51
4114;Olovlig befattning med smuggelgods inkl. grovt, dopningsmedel;;20 - 51
4115;Olovlig befattning med smuggelgods inkl. grovt, explosiva varor;;20 - 51
4116;Olovlig befattning med smuggelgods inkl. grovt, vapen;;20 - 51
4117;Olovlig befattning med övriga varor inkl. grovt, ej narkotika, vapen, explosiva varor, dopningsmedel, alkohol, tobak, icke narkotikaklassade läkemedel eller hälsofarliga varor;;20 - 51
4118;Lag om förbud mot vissa hälsofarliga varor, innehav;;20 - 51
4119;Lag om förbud mot vissa hälsofarliga varor, övriga brott;;20 - 51
4120;LBE, Yrkesmässig hantering eller hantering av större mängd brandfarliga varor utan tillstånd;;20 - 51
4121;LBE, Hantering, överföring, import eller export av explosiva varor utan tillstånd;;20 - 51
4122;LBE, Hantering, överföring, import eller export av explosiva varor utan tillstånd, grovt brott och synnerligen grovt brott;;20 - 51
4123;LBE, Hantering, överföring, import eller export av brandfarliga eller explosiva varor utan att vidta försiktighetsmått;;20 - 51
4124;Hjälp till utlänning att olovligen uppehålla sig i Sverige, annan EU-stat eller Schengenområdet;;20 - 51
4125;Övriga brott mot utlänningslagen;;20 - 51
4127;Vapenbrott, ej grovt, innehav av pistol, revolver, start-, signalvapen och tårgasvapen;;20 - 51
4128;Grovt vapenbrott, synnerligen grovt vapenbrott, innehav av pistol, revolver, start-, signalvapen och tårgasvapen;;20 - 51
4129;Vapenbrott, ej grovt, innehav av automatvapen (inkl. kulsprutepistol);;20 - 51
4130;Grovt vapenbrott, synnerligen grovt vapenbrott, innehav av automatvapen (inkl. kulsprutepistol);;20 - 51
4131;Vapenbrott, ej grovt, innehav av annat vapen;;20 - 51
4132;Grovt vapenbrott, synnerligen grovt vapenbrott, innehav av annat vapen;;20 - 51
4133;Vapensmuggling, ej grov, olovlig in- och utförsel, av pistol, revolver, start-, signalvapen och tårgasvapen;;20 - 51
4134;Grov vapensmuggling, synnerligen grov vapensmuggling, av pistol, revolver start-, signalvapen och tårgasvapen;;20 - 51
4135;Vapensmuggling, ej grov, olovlig in- och utförsel, av automatvapen (inkl. kulsprutepistol);;20 - 51
4136;Grov vapensmuggling, synnerligen grov vapensmuggling, av automatvapen (inkl. kulsprutepistol);;20 - 51
4137;Vapensmuggling, ej grov, olovlig in- och utförsel, av jaktvapen;;20 - 51
4138;Grov vapensmuggling, synnerligen grov vapensmuggling, av jaktvapen;;20 - 51
4139;Vapensmuggling, ej grov, olovlig in- och utförsel, av annat vapen;;20 - 51
4140;Grov vapensmuggling, synnerligen grov vapensmuggling, av annat vapen;;20 - 51
4141;Grov narkotikasmuggling, synnerligen grov  narkotikasmuggling;;20 - 51
4142;Grov smuggling av explosiv vara, synnerligen grov smuggling av explosiv vara;;20 - 51
4143;Överträdelse av vistelseförbud;;20 - 51
4144;Hindrande av elektronisk övervakning av vistelseförbud;;20 - 51
4145;Överträdelse av tillträdesförbud till butiker, badanläggningar och bibliotek;;20 - 51
5001;Brott ang. kontr av narkotika, bedriver verksamhet utan tillst etc.;;20 - 51
5002;Olovlig sprittillverkning (upphörde år 2000);2000;20 - 51
5003;Brott mot valutaförordningen (upphörde år 1990);1990;20 - 51
5004;Brott mot narkotikastrafflagen, framställning;;20 - 51
5005;Brott mot narkotikastrafflagen, överlåtelse;;20 - 51
5006;Brott mot narkstrafflagen, inneh (upphörde år 1999);1999;20 - 51
5007;Brott mot datalagen (1973:289 20 §), integritetsskyddsbrott (upphörde år 2000);2000;20 - 51
5008;Brott mot datalagen (1973:289 21 §), dataintrång (upphörde år 2000);2000;20 - 51
5009;Brott mot lagen om förbud mot vissa dopningsmedel (upphörde år 2013);2013;20 - 51
5010;Brott mot narkotikastrafflagen, innehav (enbart innehav);;20 - 51
5011;Brott mot narkotikastrafflagen, bruk (enbart bruk);;20 - 51
5012;Brott mot narkotikastrafflagen, innehav och bruk (upphörde år 2006);2006;20 - 51
5013;Dopningslagen: Framställning (inkl. grov);;20 - 51
5014;Dopningslagen: Överlåtelse (inkl. grov);;20 - 51
5015;Dopningslagen: Innehav (inkl. grov);;20 - 51
5016;Dopningslagen: Bruk (inkl. grov);;20 - 51
5017;Lag om tobak och liknande produkter;;20 - 51
5018;Lag om tobaksfria nikotinprodukter;;20 - 51
5020;Brott mot skattebrottslagen, avseende mervärdesskattelagen;;20 - 51
5021;Brott mot skattebrottslagen, övrig skattelagstiftning;;20 - 51
5022;Brott mot skattebrottslagen, vårdslös skatteuppgift;;20 - 51
5023;Brott mot skattebrottslagen, vårdslös skatteredovisning;;20 - 51
5024;Brott mot skattebrottslagen, försvårande av skattekontroll;;20 - 51
5025;Brott mot skattebrottslagen, skatteavdragsbrott;;20 - 51
5026;Grovt skattebrott;;20 - 51
5030;Brott mot lagen om näringsförbud, överträd av näringsförbud;;20 - 51
5031;Brott mot aktiebolagslagen (upphörde år 2011);2011;20 - 51
5032;Brott mot insiderstrafflagen, insiderbrott (upphörde år 2010);2010;20 - 51
5033;Brott mot insiderstrafflagen, otillbörlig kurspåverkan m.m.(upphörde år 2018);2018;20 - 51
5034;Åsidosättande av rapportering vid insiderbrott(upphörde år 2018);2018;20 - 51
5035;Underlåtenhet att föra/hålla aktiebok tillgänglig;;20 - 51
5036;Brott mot låneförbudet m.m.;;20 - 51
5037;Brott mot bulvan/målvaktsbestämmelser;;20 - 51
5038;Övriga brott mot aktiebolagslagen;;20 - 51
5040;Brott mot alkohollagen, olovlig sprittillverkning m.m.(upphörde år 2012);2012;20 - 51
5041;Brott mot alkohollagen, olovl försäljning/innehav av alkoholdryck (upphörde år 2012);2012;20 - 51
5042;Brott mot alkohollagen, olovlig vin- och öltillverkning m.m;;20 - 51
5043;Brott mot alkohollagen, olovligt anskaffande av alkoholdrycker, olovlig dryckeshantering;;20 - 51
5044;Brott mot lagen om försäljning av teknisk sprit m.m. (upphörde år 2011);2011;20 - 51
5045;Brott mot alkohollagen, olovlig befattning med sprit genom förvärv, innehav m.m. av sprit eller spritdrycker som är olovligt tillverkade;;20 - 51
5046;Brott mot alkohollagen, olovlig befattning med sprit genom tillverkning (inkl. grov);;20 - 51
5047;Brott mot alkohollagen, olovlig försäljning av alkohol (inkl. grov), olovligt innehav av alkoholdrycker;;20 - 51
5048;Brott mot alkohollagen, olovlig försäljning av teknisk sprit m.m.;;20 - 51
5049;Brott mot tobakslagen (upphörde år 2023);2023;20 - 51
5050;Insaml m.m. av medel för finansiera särskilt allvarlig brottslighet (upphörde år 2016);2016;20 - 51
5060;Ringa bidragsbrott mot försäkringskassan;;20 - 51
5061;Bidragsbrott mot försäkringskassan av normalgraden;;20 - 51
5062;Grovt bidragsbrott mot försäkringskassan;;20 - 51
5063;Vårdslöst bidragsbrott mot försäkringskassan;;20 - 51
5064;Ringa bidragsbrott mot kommunerna;;20 - 51
5065;Bidragsbrott mot kommunerna av normalgraden;;20 - 51
5066;Grovt bidragsbrott mot kommunerna;;20 - 51
5067;Vårdslöst bidragsbrott mot kommunerna;;20 - 51
5068;Ringa bidragsbrott mot a-kassorna mm;;20 - 51
5069;Bidragsbrott mot a-kassorna mm av normalgraden;;20 - 51
5070;Grovt bidragsbrott mot a-kassorna mm;;20 - 51
5071;Vårdslöst bidragsbrott mot a-kassorna mm;;20 - 51
5072;Ringa bidragsbrott mot övriga myndigheter;;20 - 51
5073;Bidragsbrott mot övriga myndigheter av normalgraden;;20 - 51
5074;Grovt bidragsbrott mot övriga myndigheter;;20 - 51
5075;Vårdslöst bidragsbrott mot övriga myndigheter;;20 - 51
5076;Insiderbrott m.m.(upphörde år 2018);2018;20 - 51
5077;Obehörigt röjande av insiderinformation(upphörde år 2018);2018;20 - 51
5078;Insiderbrott;;20 - 51
5079;Insiderbrott, grovt brott;;20 - 51
5080;Obehörigt röjande av insiderinformation;;20 - 51
5081;Marknadsmanipulation;;20 - 51
5082;Marknadsmanipulation, grovt brott;;20 - 51
5083;Folkbokföringslagen, folkbokföringsbrott inkl. grovt;;20 - 51
5084;Ordningslagen, olovligt innehav, användning av pyrotekniska varor vid idrottsarrangemang på idrottsanläggning;;20 - 51
5085;Ordningslagen, obehörigt beträdande av spelplanen eller motsvarande område avsett för idrottsutövning, vid idrottsarrangemang;;20 - 51
5086;Ordningslagen, övriga brott vid idrottsarrangemang;;20 - 51
5087;Ordningslagen, brott mot allmänna sammankomster och offentliga tillställningar;;20 - 51
5088;Skattebrott, skatteförseelse, avseende enbart mervärdesskattelagen, vid handel endast inom landet;;20 - 51
5089;Skattebrott, skatteförseelse, avseende enbart mervärdesskattelagen, vid gränsöverskridande handel eller både handel inom landet och gränsöverskridande handel;;20 - 51
5090;Skattebrott, skatteförseelse, avseende övrig skattelagstiftning (upphörde år 2025);2025;20 - 51
5091;Grovt skattebrott, avseende enbart mervärdesskattelagen, vid handel endast inom landet;;20 - 51
5092;Grovt skattebrott, avseende enbart mervärdesskattelagen, vid gränsöverskridande handel eller både handel inom landet och gränsöverskridande handel;;20 - 51
5093;Grovt skattebrott, avseende övrig skattelagstiftning (upphörde år 2025);2025;20 - 51
5094;Skattebrott, skatteförseelse, avseende övrig skattelagstiftning, oriktig individuppgift arbetsgivare;;20 - 51
5095;Skattebrott, skatteförseelse, avseende övrig skattelagstiftning, oriktig individuppgift inkomstdeklaration;;20 - 51
5096;Skattebrott, skatteförseelse, avseende övrig skattelagstiftning, annat;;20 - 51
5097;Grovt skattebrott, avseende övrig skattelagstiftning, oriktig individuppgift arbetsgivare;;20 - 51
5098;Grovt skattebrott, avseende övrig skattelagstiftning, oriktig individuppgift inkomstdeklaration;;20 - 51
5099;Grovt skattebrott, avseende övrig skattelagstiftning, annat;;20 - 51
5101;brott mot upphovsrätten genom fildelning;;20 - 51
5102;brott mot upphovsrätten ej genom fildelning;;20 - 51
5103;brott mot det industriella rättsskyddet med hjälp av Internet;;20 - 51
5104;brott mot det industriella rättsskyddet ej med hjälp av Internet;;20 - 51
5121;Penningtvättsbrott;;20 - 51
5122;Grovt penningtvättsbrott;;20 - 51
5123;Penningtvättsförseelse;;20 - 51
5124;Näringspenningtvätt;;20 - 51
5125;Grov näringspenningtvätt;;20 - 51
5126;Ringa näringspenningtvätt;;20 - 51
5127;Brott mot det industriella rättsskyddet med hjälp av internet;;20 - 51
5128;Brott mot det industriella rättsskyddet, ej med hjälp av internet;;20 - 51
5129;Brott mot det industriella rättsskyddet inkl. grovt, med hjälp av internet;;20 - 51
5130;Brott mot det industriella rättsskyddet inkl. grovt, ej med hjälp av internet;;20 - 51
5131;Subventionsbrott;;20 - 51
5132;Subventionsmissbruk med företagsstöd;;20 - 51
5133;Subventionsmissbruk med EU-stöd;;20 - 51
6101;Försök till våldtäkt inkl. grov (1 §), mot flicka 15?17 år, på internet;;61 - 69
6102;Försök till våldtäkt inkl. grov (1 §), mot flicka 15?17 år, ej på internet;;61 - 69
6103;Försök till våldtäkt inkl. grov (1 §), mot pojke 15?17 år, på internet;;61 - 69
6104;Försök till våldtäkt inkl. grov (1 §), mot pojke 15?17 år, ej på internet;;61 - 69
6105;Fullbordad våldtäkt inkl. grov (1 §), mot flicka 15?17 år, på internet;;61 - 69
6106;Fullbordad våldtäkt inkl. grov (1 §), mot flicka 15?17 år, ej på internet;;61 - 69
6107;Fullbordad våldtäkt inkl. grov (1 §), mot pojke 15?17 år, på internet;;61 - 69
6108;Fullbordad våldtäkt inkl. grov (1 §), mot pojke 15?17 år, ej på internet;;61 - 69
6109;Oaktsam våldtäkt, mot flicka 15?17 år, på internet;;61 - 69
6110;Oaktsam våldtäkt, mot flicka 15?17 år, ej på internet;;61 - 69
6111;Oaktsam våldtäkt, mot pojke 15?17 år, på internet;;61 - 69
6112;Oaktsam våldtäkt, mot pojke 15?17 år, ej på internet;;61 - 69
6113;Försök till våldtäkt inkl. grov, mot flicka under 15 år, på internet;;61 - 69
6114;Försök till våldtäkt inkl. grov, mot flicka under 15 år, ej på internet;;61 - 69
6115;Försök till våldtäkt inkl. grov, mot pojke under 15 år, på internet;;61 - 69
6116;Försök till våldtäkt inkl. grov, mot pojke under 15 år, ej på internet;;61 - 69
6117;Fullbordad våldtäkt inkl. grov, mot flicka under 15 år, på internet;;61 - 69
6118;Fullbordad våldtäkt inkl. grov, mot flicka under 15 år, ej på internet;;61 - 69
6119;Fullbordad våldtäkt inkl. grov, mot pojke under 15 år, på internet;;61 - 69
6120;Fullbordad våldtäkt inkl. grov, mot pojke under 15 år, ej på internet;;61 - 69
6121;Försök till våldtäkt inkl. grov (4 §), mot flicka 15?17 år, på internet;;61 - 69
6122;Försök till våldtäkt inkl. grov (4 §), mot flicka 15?17 år, ej på internet;;61 - 69
6123;Försök till våldtäkt inkl. grov (4 §), mot pojke 15?17 år, på internet;;61 - 69
6124;Försök till våldtäkt inkl. grov (4 §), mot pojke 15?17 år, ej på internet;;61 - 69
6125;Fullbordad våldtäkt inkl. grov (4 §), mot flicka 15?17 år, på internet;;61 - 69
6126;Fullbordad våldtäkt inkl. grov (4 §), mot flicka 15?17 år, ej på internet;;61 - 69
6127;Fullbordad våldtäkt inkl. grov (4 §), mot pojke 15?17 år, på internet;;61 - 69
6128;Fullbordad våldtäkt inkl. grov (4 §), mot pojke 15?17 år, ej på internet;;61 - 69
6129;Sexuellt övergrepp inkl. grovt (2 §), mot flicka 15?17 år, på internet;;61 - 69
6130;Sexuellt övergrepp inkl. grovt (2 §), mot flicka 15?17 år, ej på internet;;61 - 69
6131;Sexuellt övergrepp inkl. grovt (2 §), mot pojke 15?17 år, på internet;;61 - 69
6132;Sexuellt övergrepp inkl. grovt (2 §), mot pojke 15?17 år, ej på internet;;61 - 69
6133;Oaktsamt sexuellt övergrepp, mot flicka 15?17 år, på internet;;61 - 69
6134;Oaktsamt sexuellt övergrepp, mot flicka 15?17 år, ej på internet;;61 - 69
6135;Oaktsamt sexuellt övergrepp, mot pojke 15?17 år, på internet;;61 - 69
6136;Oaktsamt sexuellt övergrepp, mot pojke 15?17 år, ej på internet;;61 - 69
6137;Sexuellt utnyttjande av flicka under 15 år, på internet;;61 - 69
6138;Sexuellt utnyttjande av flicka under 15 år, ej på internet;;61 - 69
6139;Sexuellt utnyttjande av pojke under 15 år, på internet;;61 - 69
6140;Sexuellt utnyttjande av pojke under 15 år, ej på internet;;61 - 69
6141;Sexuellt utnyttjande av flicka 15?17 år, på internet;;61 - 69
6142;Sexuellt utnyttjande av flicka 15?17 år, ej på internet;;61 - 69
6143;Sexuellt utnyttjande av pojke 15?17 år, på internet;;61 - 69
6144;Sexuellt utnyttjande av pojke 15?17 år, ej på internet;;61 - 69
6145;Sexuellt övergrepp inkl. grovt mot flicka under 15 år, på internet;;61 - 69
6146;Sexuellt övergrepp inkl. grovt mot flicka under 15 år, ej på internet;;61 - 69
6147;Sexuellt övergrepp inkl. grovt mot pojke under 15 år, på internet;;61 - 69
6148;Sexuellt övergrepp inkl. grovt mot pojke under 15 år, ej på internet;;61 - 69
6149;Sexuellt övergrepp inkl. grovt mot barn (6 §), mot flicka 15?17 år, på internet;;61 - 69
6150;Sexuellt övergrepp inkl. grovt mot barn (6 §), mot flicka 15?17 år, ej på internet;;61 - 69
6151;Sexuellt övergrepp inkl. grovt mot barn (6 §), mot pojke 15?17 år, på internet;;61 - 69
6152;Sexuellt övergrepp inkl. grovt mot barn (6 §), mot pojke 15?17 år, ej på internet;;61 - 69
6153;Utnyttjande av barn för sexuell posering inkl. grovt, under 18 år, på internet;;61 - 69
6154;Utnyttjande av barn för sexuell posering inkl. grovt, under 18 år, ej på internet;;61 - 69
6155;Sexuellt ofredande mot flicka under 15 år, på internet;;61 - 69
6156;Sexuellt ofredande mot flicka under 15 år, ej på internet;;61 - 69
6157;Sexuellt ofredande mot pojke under 15 år, på internet;;61 - 69
6158;Sexuellt ofredande mot pojke under 15 år, ej på internet;;61 - 69
6159;Sexuellt ofredande mot flicka 15?17 år, på internet;;61 - 69
6160;Sexuellt ofredande mot flicka 15?17 år, ej på internet;;61 - 69
6161;Sexuellt ofredande mot pojke 15?17 år, på internet;;61 - 69
6162;Sexuellt ofredande mot pojke 15?17 år, ej på internet;;61 - 69
7002;Terroristbrott (upphörde år 2023);2023;70 - 98
7003;Försök till terroristbrott (upphörde år 2023);2023;70 - 98
7004;Förberedelse till terroristbrott, genom finansiering (upphörde år 2023);2023;70 - 98
7005;Förberedelse till terroristbrott, ej genom finansiering (upphörde år 2023);2023;70 - 98
7006;Stämpling till terroristbrott (upphörde år 2023);2023;70 - 98
7007;Underlåtenhet att avslöja terroristbrott (upphörde år 2023);2023;70 - 98
7008;(upphörde år 2023) Offentlig uppmaning avseende terroristbrott och annan särskilt allvarlig brottslighet;2023;70 - 98
7009;(upphörde år 2023) Rekrytering avseende terroristbrott och annan särskilt allvarlig brottslighet;2023;70 - 98
7010;(upphörde år 2023) Ge utbildning avseende terroristbrott och annan särskilt allvarlig brottslighet;2023;70 - 98
7011;Insamling, tillhandahållande eller mottagande av medel för finansiering av terroristbrott (upphörde år 2016);2016;70 - 98
7012;(upphörde år 2023) Försök till insamling, tillhandahållande eller mottagande av medel för finansiering av terroristbrott;2023;70 - 98
7013;Insamling m.m. av medel för finansiering av annan särskilt allvarlig brottslighet än terroristbrott (upphörde år 2016);2016;70 - 98
7014;Brott mot föreskrift om förbud, som syftar att genomföra internationella sanktioner (upphörde år 2025);2025;70 - 98
7015;Brott om föreskrift som genomför internationella sanktioner (upphörde år 2025);2025;70 - 98
7016;Brott mot föreskrift som genomför internationella sanktioner, övriga fall (upphörde år 2025);2025;70 - 98
7020;(upphörde år 2023) Ta emot utbildning avseende terroristbrott och annan särskilt allvarlig brottslighet;2023;70 - 98
7021;(upphörde år 2023) Resa i avsikt att begå eller förbereda, alt. resa i avsikt att ge eller ta emot utbildning avseende terroristbrott eller annan särskilt allvarlig brottslighet;2023;70 - 98
7022;(upphörde år 2023) Insamling, tillhandahållande eller mottagande av medel för finansiering av terroristbrott;2023;70 - 98
7023;(upphörde år 2023) Insamling m.m. av medel för finansiering av personer eller sammanslutning som begår terroristbrott;2023;70 - 98
7024;(upphörde år 2023) Insamling m.m. av medel för finansiering av resa i avsikt att begå eller förbereda alt. resa i avsikt att ge eller ta emot utbildning avseende terroristbrott;2023;70 - 98
7025;(upphörde år 2023) Insamling m.m. av medel för finansiering av annan särskilt allvarlig brottslighet än terroristbrott;2023;70 - 98
7026;(upphörde år 2023) Samröre med en terroristorganisation;2023;70 - 98
7027;(upphörde år 2023) Insamling m.m. av medel för samröre med en terroristorganisation;2023;70 - 98
7028;Skyddslag;;70 - 98
7029;Terroristbrott;;70 - 98
7030;Terroristbrott, försök till terroristbrott;;70 - 98
7031;Terroristbrott, förberedelse till terroristbrott;;70 - 98
7032;Terroristbrott, stämpling till terroristbrott;;70 - 98
7033;Terroristbrott, underlåtenhet att avslöja terroristbrott;;70 - 98
7034;Samröre med en terroristorganisation;;70 - 98
7035;Finansiering för att begå eller på annat sätt medverka till terroristbrott;;70 - 98
7036;Finansiering för att begå eller på annat sätt medverka till annan särskilt allvarlig brottslighet;;70 - 98
7037;Finansiering av en terroristorganisation, eller en person eller sammanslutning av personer som begår eller på annat sätt medverkar till terroristbrott eller särskilt allvarlig brottslighet;;70 - 98
7038;Offentlig uppmaning till terrorism eller särskilt allvarlig brottslighet;;70 - 98
7039;Rekrytering till terrorism eller särskilt allvarlig brottslighet;;70 - 98
7040;Ge utbildning för terrorism eller särskilt allvarlig brottslighet;;70 - 98
7041;Ta del av utbildning för terrorism eller särskilt allvarlig brottslighet;;70 - 98
7042;Resa för terrorism eller särskilt allvarlig brottslighet;;70 - 98
7043;Deltagande i en terroristorganisation;;70 - 98
7045;Sanktionsbrott inkl. grovt;;70 - 98
7046;Sanktionsförseelse;;70 - 98
7047;Upprepat Sanktionsbrott;;70 - 98
8001;Brott mot miljöbalken, miljöbrott, grovt miljöbrott;;70 - 98
8002;Brott mot miljöbalken, vållande till miljöstörning (upphörde år 2007);2007;70 - 98
8003;Miljöfarlig kemikaliehantering, olovlig kemikaliehantering;;70 - 98
8004;Brott mot miljöbalk, otill miljöverks gm avsaknad av tillstånd etc.;;70 - 98
8005;Brott mot miljöbalk, otill miljöverks gm bryta mot villkor i tillst etc.;;70 - 98
8006;Brott mot miljöbalken, försvårande av miljökontroll;;70 - 98
8007;Brott mot miljöbalken, bristfällig miljöinformation;;70 - 98
8008;Brott mot miljöbalken, nedskräpning;;70 - 98
8009;Brott mot miljöbalken,  avs naturvård och artskydd (upphörde år 2007);2007;70 - 98
8010;Brott mot miljöbalken,  avs miljöskydd och vattenverksamhet (upphörde år 2007);2007;70 - 98
8011;Brott mot miljöbalken,  i samband med kemikaliehantering etc. (upphörde år 2007);2007;70 - 98
8012;Brott mot miljöbalken, förbud mot djurhållning m.m. (upphörde år 2007);2007;70 - 98
8013;Brott mot miljöbalken, obeh befattn med djur eller växtart etc (upphörde år 2007);2007;70 - 98
8014;Brott mot lagen om åtgärder mot föroreningar från fartyg;;70 - 98
8015;Brott mot områdesskydd, förseelse mot områdesskydd;;70 - 98
8016;Artskyddsbrott inkl. grovt;;70 - 98
8017;Övriga brott mot miljöbalken;;70 - 98
8018;Otillåten nationell avfallstransport;;70 - 98
8019;Otillåten gränsöverskridande (inom, till och från EU) avfallstransport;;70 - 98
8020;Miljöbalken, otillåten hantering av en invasiv främmande art;;70 - 98
8050;Fornminnesbrott genom att tillägna sig, förvärva, gömma, skada, ändra eller avyttra fornfynd;;70 - 98
8051;Fornminnesbrott, övriga brott;;70 - 98
9301;Misshandel utomhus mot flicka 0-6 år, obekant med offret;;70 - 98
9302;Misshandel utomhus mot flicka 0-6 år, bekant med offret;;70 - 98
9303;Misshandel utomhus mot pojke 0-6 år, obekant med offret;;70 - 98
9304;Misshandel utomhus mot pojke 0-6 år, bekant med offret;;70 - 98
9305;Misshandel inomhus mot flicka 0-6 år, obekant med offret;;70 - 98
9306;Misshandel inomhus mot flicka 0-6 år, bekant med offret;;70 - 98
9307;Misshandel inomhus mot pojke 0-6 år, obekant med offret;;70 - 98
9308;Misshandel inomhus mot pojke 0-6 år, bekant med offret;;70 - 98
9309;Misshandel utomhus mot flicka 7-14 år, obekant med offret;;70 - 98
9310;Misshandel utomhus mot flicka 7-14 år, bekant med offret;;70 - 98
9311;Misshandel utomhus mot pojke 7-14 år, obekant med offret;;70 - 98
9312;Misshandel utomhus mot pojke 7-14 år, bekant med offret;;70 - 98
9313;Misshandel inomhus mot flicka 7-14 år, obekant med offret;;70 - 98
9314;Misshandel inomhus mot flicka 7-14 år, bekant med offret;;70 - 98
9315;Misshandel inomhus mot pojke 7-14 år, obekant med offret;;70 - 98
9316;Misshandel inomhus mot pojke 7-14 år, bekant med offret;;70 - 98
9317;Misshandel utomhus mot flicka 15-17 år, obekant med offret;;70 - 98
9318;Misshandel utomhus mot flicka 15-17 år, bekant med offret;;70 - 98
9319;Misshandel utomhus mot pojke 15-17 år, obekant med offret;;70 - 98
9320;Misshandel utomhus mot pojke 15-17 år, bekant med offret;;70 - 98
9321;Misshandel inomhus mot flicka 15-17 år, obekant med offret;;70 - 98
9322;Misshandel inomhus mot flicka 15-17 år, bekant med offret;;70 - 98
9323;Misshandel inomhus mot pojke 15-17 år, obekant med offret;;70 - 98
9324;Misshandel inomhus mot pojke 15-17 år, bekant med offret;;70 - 98
9325;Grov misshandel utomhus mot flicka 0-6 år, obekant med offret;;70 - 98
9326;Grov misshandel utomhus mot flicka 0-6 år, bekant med offret;;70 - 98
9327;Grov misshandel utomhus mot pojke 0-6 år, obekant med offret;;70 - 98
9328;Grov misshandel utomhus mot pojke 0-6 år, bekant med offret;;70 - 98
9329;Grov misshandel inomhus mot flicka 0-6 år, obekant med offret;;70 - 98
9330;Grov misshandel inomhus mot flicka 0-6 år, bekant med offret;;70 - 98
9331;Grov misshandel inomhus mot pojke 0-6 år, obekant med offret;;70 - 98
9332;Grov misshandel inomhus mot pojke 0-6 år, bekant med offret;;70 - 98
9333;Grov misshandel utomhus mot flicka 7-14 år, obekant med offret;;70 - 98
9334;Grov misshandel utomhus mot flicka 7-14 år, bekant med offret;;70 - 98
9335;Grov misshandel utomhus mot pojke  7-14 år, obekant med offret;;70 - 98
9336;Grov misshandel utomhus mot pojke 7-14 år, bekant med offret;;70 - 98
9337;Grov misshandel inomhus mot flicka 7-14 år, obekant med offret;;70 - 98
9338;Grov misshandel inomhus mot flicka 7-14 år, bekant med offret;;70 - 98
9339;Grov misshandel inomhus mot pojke 7-14 år, obekant med offret;;70 - 98
9340;Grov misshandel inomhus mot pojke 7-14 år, bekant med offret;;70 - 98
9341;Grov misshandel utomhus mot flicka 15-17 år, obekant med offret;;70 - 98
9343;Grov misshandel utomhus mot pojke 15-17 år, obekant med offret;;70 - 98
9344;Grov misshandel utomhus mot pojke 15-17 år, bekant med offret;;70 - 98
9345;Grov misshandel inomhus mot flicka 15-17 år, obekant med offret;;70 - 98
9346;Grov misshandel inomhus mot flicka 15-17 år, bekant med offret;;70 - 98
9347;Grov misshandel inomhus mot pojke 15-17 år, obekant med offret;;70 - 98
9348;Grov misshandel inomhus mot pojke 15-17 år, bekant med offret;;70 - 98
9349;Missh, inomhus mot kvinna 18 år eller äldre i nära rel. (upphörde år 2018);2018;70 - 98
9350;Missh, inomhus mot kvinna 18 år eller äldre, bekant ej i nära rel.(upphörde år 2018);2018;70 - 98
9351;Missh, inomhus mot man 18 år eller äldre i nära rel.(upphörde år 2018);2018;70 - 98
9352;Missh, inomhus mot man 18 år eller äldre, bekant ej i nära rel.(upphörde år 2018);2018;70 - 98
9353;Grov missh, inomhus mot kvinna 18 år eller äldre i nära rel.(upphörde år 2018);2018;70 - 98
9354;Grov missh, inomhus mot kvinna 18 år eller äldre, bekant ej i nära rel.(upphörde år 2018);2018;70 - 98
9355;Grov missh, inomhus mot man 18 år eller äldre i nära rel.(upphörde år 2018);2018;70 - 98
9356;Grov missh, inomhus mot man 18 år eller äldre, bekant ej i nära rel.(upphörde år 2018);2018;70 - 98
9357;Misshandel, ej grov, mot kvinna 18 år eller äldre, bekant med offret, i nära relation, utomhus;;70 - 98
9358;Misshandel, ej grov, mot kvinna 18 år eller äldre, bekant med offret, annan slags relation eller bekantskap, utomhus;;70 - 98
9359;Misshandel, grov, mot kvinna 18 år eller äldre, bekant med offret, i nära relation, utomhus;;70 - 98
9360;Misshandel, grov, mot kvinna 18 år eller äldre, bekant med offret, annan slags relation eller bekantskap, utomhus;;70 - 98
9361;Misshandel, ej grov, mot man 18 år eller äldre, bekant med offret, i nära relation, utomhus;;70 - 98
9362;Misshandel, ej grov, mot man 18 år eller äldre, bekant med offret, annan slags relation eller bekantskap, utomhus;;70 - 98
9363;Misshandel, grov, mot man 18 år eller äldre, bekant med offret, i nära relation, utomhus;;70 - 98
9364;Misshandel, grov, mot man 18 år eller äldre, bekant med offret, annan slags relation eller bekantskap, utomhus;;70 - 98
9365;Misshandel, ej grov, mot kvinna 18 år eller äldre, bekant med offret, i nära relation, inomhus;;70 - 98
9366;Misshandel, ej grov, mot kvinna 18 år eller äldre, bekant med offret, annan slags relation eller bekantskap, inomhus;;70 - 98
9367;Misshandel, grov, mot kvinna 18 år eller äldre, bekant med offret, i nära relation, inomhus;;70 - 98
9368;Misshandel, grov, mot kvinna 18 år eller äldre, bekant med offret, annan slags relation eller bekantskap, inomhus;;70 - 98
9369;Misshandel, ej grov, mot man 18 år eller äldre, bekant med offret, i nära relation, inomhus;;70 - 98
9370;Misshandel, ej grov, mot man 18 år eller äldre, bekant med offret, annan slags relation eller bekantskap, inomhus;;70 - 98
9371;Misshandel, grov, mot man 18 år eller äldre, bekant med offret, i nära relation, inomhus;;70 - 98
9372;Misshandel, grov, mot man 18 år eller äldre, bekant med offret, annan slags relation eller bekantskap, inomhus;;70 - 98
9373;Misshandel, ej grov, mot kvinna 18 år eller äldre, är eller har varit närstående genom släktskap/familj, utomhus;;70 - 98
9374;Misshandel, ej grov, mot kvinna 18 år eller äldre, är eller har varit bekanta genom annan slags relation, utomhus;;70 - 98
9375;Misshandel, grov, mot kvinna 18 år eller äldre, är eller har varit närstående genom släktskap/familj, utomhus;;70 - 98
9376;Misshandel, grov, mot kvinna 18 år eller äldre, är eller har varit bekanta genom annan slags relation, utomhus;;70 - 98
9377;Misshandel, ej grov, mot man 18 år eller äldre, är eller har varit närstående genom släktskap/familj, utomhus;;70 - 98
9378;Misshandel, ej grov, mot man 18 år eller äldre, är eller har varit bekanta genom annan slags relation, utomhus;;70 - 98
9379;Misshandel, grov, mot man 18 år eller äldre, är eller har varit närstående genom släktskap/familj, utomhus;;70 - 98
9380;Misshandel, grov, mot man 18 år eller äldre, är eller har varit bekanta genom annan slags relation, utomhus;;70 - 98
9381;Misshandel, ej grov, mot kvinna 18 år eller äldre, är eller har varit närstående genom släktskap/familj, inomhus.;;70 - 98
9382;Misshandel, ej grov, mot kvinna 18 år eller äldre, är eller har varit bekanta genom annan slags relation, inomhus;;70 - 98
9383;Misshandel, grov, mot kvinna 18 år eller äldre, är eller har varit närstående genom släktskap/familj, inomhus;;70 - 98
9384;Misshandel, grov, mot kvinna 18 år eller äldre, är eller har varit bekanta genom annan slags relation, inomhus;;70 - 98
9385;Misshandel, ej grov, mot man 18 år eller äldre, är eller har varit närstående genom släktskap/familj, inomhus;;70 - 98
9386;Misshandel, ej grov, mot man 18 år eller äldre, är eller har varit bekanta genom annan slags relation, inomhus.;;70 - 98
9387;Misshandel, grov, mot man 18 år eller äldre, är eller har varit närstående genom släktskap/familj, inomhus;;70 - 98
9388;Misshandel, grov, mot man 18 år eller äldre, är eller har varit bekanta genom annan slags relation, inomhus;;70 - 98
9389;Försök, förberedelse och stämpling till mord eller dråp, utan användning av skjutvapen, mot flicka under 18 år;;70 - 98
9390;Försök, förberedelse och stämpling till mord eller dråp, utan användning av skjutvapen, mot pojke under 18 år;;70 - 98
9391;Försök, förberedelse och stämpling till mord eller dråp, med användning av skjutvapen, mot flicka under 18 år;;70 - 98
9392;Försök, förberedelse och stämpling till mord eller dråp, med användning av skjutvapen, mot pojke under 18 år;;70 - 98
9393;Försök, förberedelse, stämpling till mord, dråp, utan skjutvapen, mot kvinna 18 år eller äldre, närstående genom parrelation;;70 - 98
9394;Försök, förberedelse, stämpling till mord eller dråp, utan skjutvapen, mot kvinna 18 år eller äldre, närstående genom släktskap/familj;;70 - 98
9395;Försök, förberedelse, stämpling till mord eller dråp, utan skjutvapen, mot kvinna 18 år eller äldre, bekanta genom annan slags relation;;70 - 98
9396;Försök, förberedelse, stämpling till mord eller dråp, utan skjutvapen, mot kvinna 18 år eller äldre, obekanta;;70 - 98
9397;Försök, förberedelse, stämpling till mord eller dråp, med skjutvapen, mot kvinna 18 år eller äldre, är eller har varit närstående genom parrelation;;70 - 98
9398;Försök, förberedelse, stämpling till mord eller dråp, med skjutvapen, mot kvinna 18 år eller äldre, närstående genom släktskap/familj;;70 - 98
9399;Försök, förberedelse, stämpling till mord eller dråp, med skjutvapen, mot kvinna 18 år eller äldre, bekanta genom annan slags relation;;70 - 98
9401;Grov fridskränkning, mot kvinna 18 år eller äldre, är eller har varit närstående genom parrelation;;70 - 98
9402;Grov fridskränkning, mot kvinna 18 år eller äldre, är eller har varit närstående genom släktskap/familj;;70 - 98
9403;Grov fridskränkning, mot man 18 år eller äldre, är eller har varit närstående genom parrelation;;70 - 98
9404;Grov fridskränkning, mot man 18 år eller äldre, är eller har varit närstående genom släktskap/familj;;70 - 98
9405;Människorov;;70 - 98
9406;Olaga frihetsberövande, mot flicka under 18 år;;70 - 98
9407;Olaga frihetsberövande, mot pojke under 18 år;;70 - 98
9408;Olaga frihetsberövande, mot kvinna 18 år eller äldre, är eller har varit närstående genom parrelation;;70 - 98
9409;Olaga frihetsberövande, mot kvinna 18 år eller äldre, är eller har varit närstående genom släktskap/familj;;70 - 98
9410;Olaga frihetsberövande, mot kvinna 18 år eller äldre, är eller har varit bekanta genom annan slags relation;;70 - 98
9411;Olaga frihetsberövande, mot kvinna 18 år eller äldre, obekanta;;70 - 98
9412;Olaga frihetsberövande, mot man 18 år eller äldre, är eller har varit närstående genom parrelation;;70 - 98
9413;Olaga frihetsberövande, mot man 18 år eller äldre, är eller har varit närstående genom släktskap/familj;;70 - 98
9414;Olaga frihetsberövande, mot man 18 år eller äldre, är eller har varit bekanta genom annan slags relation;;70 - 98
9415;Olaga frihetsberövande, mot man 18 år eller äldre, obekanta;;70 - 98
9416;Olaga tvång, mot kvinna 18 år eller äldre, är eller har varit närstående genom parrelation;;70 - 98
9417;Olaga tvång, mot kvinna 18 år eller äldre, är eller har varit närstående genom släktskap/familj;;70 - 98
9418;Olaga tvång, mot kvinna 18 år eller äldre, är eller har varit bekanta genom annan slags relation;;70 - 98
9419;Olaga tvång, mot kvinna 18 år eller äldre, obekanta;;70 - 98
9420;Olaga tvång, mot man 18 år eller äldre, är eller har varit närstående genom parrelation;;70 - 98
9421;Olaga tvång, mot man 18 år eller äldre, är eller har varit närstående genom släktskap/familj;;70 - 98
9422;Olaga tvång, mot man 18 år eller äldre, är eller har varit bekanta genom annan slags relation;;70 - 98
9423;Olaga tvång, mot man 18 år eller äldre, obekanta;;70 - 98
9424;Olaga förföljelse, mot kvinna 18 år eller äldre, är eller har varit närstående genom parrelation;;70 - 98
9425;Olaga förföljelse, mot kvinna 18 år eller äldre, är eller har varit närstående genom släktskap/familj;;70 - 98
9427;Olaga förföljelse, mot kvinna 18 år eller äldre, obekanta;;70 - 98
9428;Olaga förföljelse, mot man 18 år eller äldre, är eller har varit närstående genom parrelation;;70 - 98
9429;Olaga förföljelse, mot man 18 år eller äldre, är eller har varit närstående genom släktskap/familj;;70 - 98
9430;Olaga förföljelse, mot man 18 år eller äldre, är eller har varit bekanta genom annan slags relation;;70 - 98
9431;Olaga förföljelse, mot man 18 år eller äldre, obekanta;;70 - 98
9432;Olaga hot, internetrelaterat, mot kvinna 18 år eller äldre, är eller har varit närstående genom parrelation;;70 - 98
9433;Olaga hot, internetrelaterat, mot kvinna 18 år eller äldre, är eller har varit närstående genom släktskap/familj;;70 - 98
9434;Olaga hot, internetrelaterat, mot kvinna 18 år eller äldre, är eller har varit bekanta genom annan slags relation;;70 - 98
9435;Olaga hot, internetrelaterat, mot kvinna 18 år eller äldre, obekanta;;70 - 98
9436;Olaga hot, internetrelaterat, mot man 18 år eller äldre, är eller har varit närstående genom parrelation;;70 - 98
9437;Olaga hot, internetrelaterat, mot man 18 år eller äldre, är eller har varit närstående genom släktskap/familj;;70 - 98
9438;Olaga hot, internetrelaterat, mot man 18 år eller äldre, är eller har varit bekanta genom annan slags relation;;70 - 98
9439;Olaga hot, internetrelaterat, mot man 18 år eller äldre, obekanta;;70 - 98
9440;Olaga hot, ej internetrelaterat, mot kvinna 18 år eller äldre, är eller har varit närstående genom parrelation;;70 - 98
9441;Olaga hot, ej internetrelaterat, mot kvinna 18 år eller äldre, är eller har varit närstående genom släktskap/familj;;70 - 98
9442;Olaga hot, ej internetrelaterat, mot kvinna 18 år eller äldre, är eller har varit bekanta genom annan slags relation;;70 - 98
9443;Olaga hot, ej internetrelaterat, mot kvinna 18 år eller äldre, obekanta;;70 - 98
9444;Olaga hot, ej internetrelaterat, mot man 18 år eller äldre, är eller har varit närstående genom parrelation;;70 - 98
9445;Olaga hot, ej internetrelaterat, mot man 18 år eller äldre, är eller har varit närstående genom släktskap/familj;;70 - 98
9446;Olaga hot, ej internetrelaterat, mot man 18 år eller äldre, är eller har varit bekanta genom annan slags relation;;70 - 98
9447;Olaga hot, ej internetrelaterat, mot man 18 år eller äldre, obekanta;;70 - 98
9448;Olaga integritetsintrång, mot kvinna 18 år eller äldre, är eller har varit närstående genom parrelation;;70 - 98
9449;Olaga integritetsintrång, mot kvinna 18 år eller äldre, är eller har varit närstående genom släktskap/familj;;70 - 98
9450;Olaga integritetsintrång, mot kvinna 18 år eller äldre, är eller har varit bekanta genom annan slags relation;;70 - 98
9451;Olaga integritetsintrång, mot kvinna 18 år eller äldre, obekanta;;70 - 98
9452;Olaga integritetsintrång, mot man 18 år eller äldre, är eller har varit närstående genom parrelation;;70 - 98
9453;Olaga integritetsintrång, mot man 18 år eller äldre, är eller har varit närstående genom släktskap/familj;;70 - 98
9454;Olaga integritetsintrång, mot man 18 år eller äldre, är eller har varit bekanta genom annan slags relation;;70 - 98
9455;Olaga integritetsintrång, mot man 18 år eller äldre, obekanta;;70 - 98
9456;Ofredande, mot kvinna 18 år eller äldre, är eller har varit närstående genom parrelation;;70 - 98
9457;Ofredande, mot kvinna 18 år eller äldre, är eller har varit närstående genom släktskap/familj;;70 - 98
9458;Ofredande, mot kvinna 18 år eller äldre, är eller har varit bekanta genom annan slags relation;;70 - 98
9459;Ofredande, mot kvinna 18 år eller äldre, obekanta;;70 - 98
9460;Ofredande, mot man 18 år eller äldre, är eller har varit närstående genom parrelation;;70 - 98
9461;Ofredande, mot man 18 år eller äldre, är eller har varit närstående genom släktskap/familj;;70 - 98
9462;Ofredande, mot man 18 år eller äldre, är eller har varit bekanta genom annan slags relation;;70 - 98
9463;Ofredande, mot man 18 år eller äldre, obekanta;;70 - 98
9464;Dataintrång genom överbelastningsattack;;70 - 98
9465;Dataintrång med hjälp av skadlig kod i utpressningssyfte;;70 - 98
9466;Dataintrång genom olovlig registerslagning;;70 - 98
9467;Dataintrång i sociala medier eller e-tjänster;;70 - 98
9468;Övrigt dataintrång;;70 - 98
9469;Äktenskapstvång (upphörde år 2025);2025;70 - 98
9470;Barnäktenskapsbrott (upphörde år 2025);2025;70 - 98
9471;Hemfridsbrott inkl. grovt;;70 - 98
9472;Olaga intrång inkl. grovt;;70 - 98
9473;Intrång i förvar;;70 - 98
9474;Olovlig avlyssning m.m.;;70 - 98
9475;Uppmaning till självmord, mot flicka under 18 år;;70 - 98
9476;Uppmaning till självmord, mot pojke under 18 år;;70 - 98
9477;Uppmaning till självmord, mot kvinna 18 år eller äldre, är eller har varit närstående genom parrelation;;70 - 98
9478;Uppmaning till självmord, mot kvinna 18 år eller äldre, är eller har varit närstående genom släktskap/familj;;70 - 98
9479;Uppmaning till självmord, mot kvinna 18 år eller äldre, är eller har varit bekanta genom annan slags relation;;70 - 98
9480;Uppmaning till självmord, mot kvinna 18 år eller äldre, obekanta;;70 - 98
9481;Uppmaning till självmord, mot man 18 år eller äldre, är eller har varit närstående genom parrelation;;70 - 98
9482;Uppmaning till självmord, mot man 18 år eller äldre, är eller har varit närstående genom släktskap/familj;;70 - 98
9483;Uppmaning till självmord, mot man 18 år eller äldre, är eller har varit bekanta genom annan slags relation;;70 - 98
9484;Uppmaning till självmord, mot man 18 år eller äldre, obekanta;;70 - 98
9485;Oaktsam uppmaning till självmord, mot flicka under 18 år;;70 - 98
9486;Oaktsam uppmaning till självmord, mot pojke under 18 år;;70 - 98
9487;Oaktsam uppmaning till självmord, mot kvinna 18 år eller äldre, är eller har varit närstående genom parrelation;;70 - 98
9488;Oaktsam uppmaning till självmord, mot kvinna 18 år eller äldre, är eller har varit närstående genom släktskap/familj;;70 - 98
9489;Oaktsam uppmaning till självmord, mot kvinna 18 år eller äldre, är eller har varit bekanta genom annan slags relation;;70 - 98
9490;Oaktsam uppmaning till självmord, mot kvinna 18 år eller äldre, obekanta;;70 - 98
9491;Oaktsam uppmaning till självmord, mot man 18 år eller äldre, är eller har varit närstående genom parrelation;;70 - 98
9492;Oaktsam uppmaning till självmord, mot man 18 år eller äldre, är eller har varit närstående genom släktskap/familj;;70 - 98
9493;Oaktsam uppmaning till självmord, mot man 18 år eller äldre, är eller har varit bekanta genom annan slags relation;;70 - 98
9494;Oaktsam uppmaning till självmord, mot man 18 år eller äldre, obekanta;;70 - 98
9495;Barnfridsbrott, mot flicka under 18 år;;70 - 98
9496;Barnfridsbrott, mot pojke under 18 år;;70 - 98
9500;Oskuldskontroll mot flicka under 18 år;;70 - 98
9501;Oskuldskontroll mot kvinna 18 år eller äldre;;70 - 98
9502;Intygande av sexuell oskuld mot flicka under 18 år;;70 - 98
9503;Intygande av sexuell oskuld mot kvinna 18 år eller äldre;;70 - 98
9504;Äktenskapstvång mot kvinna 18 år eller äldre;;70 - 98
9505;Äktenskapstvång mot man 18 år eller äldre;;70 - 98
9506;Barnäktenskapsbrott mot flicka under 18 år;;70 - 98
9507;Barnäktenskapsbrott mot pojke under 18 år;;70 - 98
9508;Vilseledande till äktenskapsresa mot flicka under 18 år;;70 - 98
9509;Vilseledande till äktenskapsresa mot pojke under 18 år;;70 - 98
5910;Vilseledande till äktenskapsresa mot kvinna 18 år eller äldre;;70 - 98
9511;Vilseledande till äktenskapsresa mot man 18 år eller äldre;;70 - 98
9512;Människohandel för sexuella ändamål mot flicka under 18 år;;70 - 98
9513;Människohandel för sexuella ändamål mot pojke under 18 år;;70 - 98
9514;Människohandel för sexuella ändamål mot kvinna 18 år eller äldre;;70 - 98
9515;Människohandel för sexuella ändamål mot man 18 år eller äldre;;70 - 98
9516;Människohandel för tvångsarbete mot flicka under 18 år;;70 - 98
9517;Människohandel för tvångsarbete mot pojke under 18 år;;70 - 98
9518;Människohandel för tvångsarbete mot kvinna 18 år eller äldre;;70 - 98
9519;Människohandel för tvångsarbete mot man 18 år eller äldre;;70 - 98
9520;Människohandel för tiggeri mot flicka under 18 år;;70 - 98
9521;Människohandel för tiggeri mot pojke under 18 år;;70 - 98
9522;Människohandel för tiggeri mot kvinna 18 år eller äldre;;70 - 98
9523;Människohandel för tiggeri mot man 18 år eller äldre;;70 - 98
9524;Människohandel för organhandel mot flicka under 18 år;;70 - 98
9525;Människohandel för organhandel mot pojke under 18 år;;70 - 98
9526;Människohandel för organhandel mot kvinna 18 år eller äldre;;70 - 98
9527;Människohandel för organhandel mot man 18 år eller äldre;;70 - 98
9528;Människohandel för krigstjänst mot flicka under 18 år;;70 - 98
9529;Människohandel för krigstjänst mot pojke under 18 år;;70 - 98
9530;Människohandel för krigstjänst mot kvinna 18 år eller äldre;;70 - 98
9531;Människohandel för krigstjänst mot man 18 år eller äldre;;70 - 98
9532;Människohandel för brottslig verksamhet mot flicka under 18 år;;70 - 98
9533;Människohandel för brottslig verksamhet mot pojke under 18 år;;70 - 98
9534;Människohandel för brottslig verksamhet mot kvinna 18 år eller äldre;;70 - 98
9535;Människohandel för brottslig verksamhet mot man 18 år eller äldre;;70 - 98
9536;Människohandel för surrogatmoderskap mot flicka under 18 år;;70 - 98
9537;Människohandel för surrogatmoderskap mot pojke under 18 år;;70 - 98
9538;Människohandel för surrogatmoderskap mot kvinna 18 år eller äldre;;70 - 98
9539;Människohandel för surrogatmoderskap mot man 18 år eller äldre;;70 - 98
9540;Människohandel för tvångsäktenskap mot flicka under 18 år;;70 - 98
9541;Människohandel för tvångsäktenskap mot pojke under 18 år;;70 - 98
9542;Människohandel för tvångsäktenskap mot kvinna 18 år eller äldre;;70 - 98
9543;Människohandel för tvångsäktenskap mot man 18 år eller äldre;;70 - 98
9544;Människohandel för illegal adoption mot flicka under 18 år;;70 - 98
9545;Människohandel för illegal adoption mot pojke under 18 år;;70 - 98
9546;Människohandel för illegal adoption mot kvinna 18 år eller äldre;;70 - 98
9547;Människohandel för illegal adoption mot man 18 år eller äldre;;70 - 98
9548;Människohandel för övriga ändamål mot flicka under 18 år;;70 - 98
9549;Människohandel för övriga ändamål mot pojke under 18 år;;70 - 98
9550;Människohandel för övriga ändamål mot kvinna 18 år eller äldre;;70 - 98
9551;Människohandel för övriga ändamål mot man 18 år eller äldre;;70 - 98
9552;Psykiskt våld, mot flicka under 18 år;;70 - 98
9553;Psykiskt våld, mot pojke under 18 år;;70 - 98
9554;Psykiskt våld mot kvinna 18 år eller äldre, är eller har varit närstående genom parrelation;;70 - 98
9555;Psykiskt våld mot kvinna 18 år eller äldre, är eller har varit närstående genom släktskap/familj;;70 - 98
9556;Psykiskt våld mot kvinna 18 år eller äldre, är eller har varit bekanta genom annan slags relation;;70 - 98
9557;Psykiskt våld mot kvinna 18 år eller äldre, obekanta;;70 - 98
9558;Psykiskt våld mot man 18 år eller äldre, är eller har varit närstående genom parrelation;;70 - 98
9559;Psykiskt våld mot man 18 år eller äldre, är eller har varit närstående genom släktskap/familj;;70 - 98
9560;Psykiskt våld mot man 18 år eller äldre, är eller har varit bekanta genom annan slags relation;;70 - 98
9561;Psykiskt våld mot man 18 år eller äldre, obekanta;;70 - 98
9595;Könsstympning mot flicka under 18 år;;70 - 98
9596;Könsstympning mot kvinna 18 år eller äldre;;70 - 98
9597;Oskuldsingrepp mot flicka under 18 år;;70 - 98
9598;Oskuldsingrepp mot kvinna 18 år eller äldre;;70 - 98
9599;Lagen med förbud mot könsstympning av kvinnor (upphörde år 2025);2025;70 - 98
9601;Sexuellt ofredande mot flicka under 15 år (upphörde år 2024);2024;70 - 98
9602;Sexuellt ofredande mot pojke under 15 år (upphörde år 2024);2024;70 - 98
9603;Sexuellt ofredande mot flicka 15-17 år (upphörde år 2024);2024;70 - 98
9604;Sexuellt ofredande mot poje 15-17 år (upphörde år 2024);2024;70 - 98
9605;Sexuellt ofredande mot kvinna 18 år eller äldre(upphörde år 2019);2019;70 - 98
9606;Sexuellt ofredande mot man 18 år eller äldre(upphörde år 2019);2019;70 - 98
9607;Oaktsam våldtäkt, mot flicka 15-17 år, utomhus (upphörde år 2024);2024;70 - 98
9608;Oaktsam våldtäkt, mot flicka 15-17 år, inomhus (upphörde år 2024);2024;70 - 98
9609;Oaktsam våldtäkt, mot pojke 15-17 år, utomhus (upphörde år 2024);2024;70 - 98
9610;Oaktsam våldtäkt, mot pojke 15-17 år, inomhus (upphörde år 2024);2024;70 - 98
9611;Oaktsam våldtäkt mot kvinna 18 år eller äldre, utomhus;;70 - 98
9612;Oaktsam våldtäkt mot kvinna 18 år eller äldre, inomhus;;70 - 98
9613;Oaktsam våldtäkt mot man 18 år eller äldre, utomhus;;70 - 98
9614;Oaktsam våldtäkt mot man 18 år eller äldre, inomhus;;70 - 98
9615;Sexuellt övergrepp inkl. grovt (2 §), mot flicka 15-17 år (upphörde år 2024);2024;70 - 98
9616;Sexuellt övergrepp inkl. grovt (2 §), mot pojke 15-17 år (upphörde år 2024);2024;70 - 98
9617;Sexuellt övergrepp inkl. grovt, mot kvinna 18 år eller äldre(upphörde år 2019);2019;70 - 98
9618;Sexuellt övergrepp inkl. grovt, mot man 18 år eller äldre(upphörde år 2019);2019;70 - 98
9619;Oaktsamt sexuellt övergrepp, mot flicka 15-17 år (upphörde år 2024);2024;70 - 98
9620;Oaktsamt sexuellt övergrepp, mot pojke 15-17 år (upphörde år 2024);2024;70 - 98
9621;Oaktsamt sexuellt övergrepp, mot kvinna 18 år eller äldre(upphörde år 2019);2019;70 - 98
9622;Oaktsamt sexuellt övergrepp, mot man 18 år eller äldre(upphörde år 2019);2019;70 - 98
9623;Samlag med avkomling eller syskon, mot flicka 15-17 år;;70 - 98
9624;Samlag med avkomling eller syskon, mot pojke 15-17 år;;70 - 98
9625;Samlag med avkomling eller syskon, mot kvinna 18 år eller äldre;;70 - 98
9626;Samlag med avkomling eller syskon, mot man 18 år eller äldre;;70 - 98
9627;Försök till våldtäkt inkl. grov, mot kvinna 18 år eller äldre, är eller har varit närstående genom parrelation, inomhus;;70 - 98
9628;Försök till våldtäkt inkl. grov, mot kvinna 18 år eller äldre, är eller har varit närstående genom släktskap/familj, inomhus;;70 - 98
9629;Försök till våldtäkt inkl. grov, mot kvinna 18 år eller äldre, är eller har varit bekanta genom annan slags relation, inomhus;;70 - 98
9630;Försök till våldtäkt inkl. grov, mot kvinna 18 år eller äldre, obekanta, inomhus;;70 - 98
9631;Försök till våldtäkt inkl. grov, mot kvinna 18 år eller äldre, är eller har varit närstående genom parrelation, utomhus;;70 - 98
9632;Försök till våldtäkt inkl. grov, mot kvinna 18 år eller äldre, är eller har varit närstående genom släktskap/familj, utomhus;;70 - 98
9633;Försök till våldtäkt inkl. grov, mot kvinna 18 år eller äldre, är eller har varit bekanta genom annan slags relation, utomhus;;70 - 98
9634;Försök till våldtäkt inkl. grov, mot kvinna 18 år eller äldre, obekanta, utomhus;;70 - 98
9635;Fullbordad våldtäkt inkl. grov, mot kvinna 18 år eller äldre, är eller har varit närstående genom parrelation, inomhus;;70 - 98
9636;Fullbordad våldtäkt inkl. grov, mot kvinna 18 år eller äldre, är eller har varit närstående genom släktskap/familj, inomhus;;70 - 98
9637;Fullbordad våldtäkt inkl. grov, mot kvinna 18 år eller äldre, är eller har varit bekanta genom annan slags relation, inomhus;;70 - 98
9638;Fullbordad våldtäkt inkl. grov, mot kvinna 18 år eller äldre, obekanta, inomhus;;70 - 98
9639;Fullbordad våldtäkt inkl. grov, mot kvinna 18 år eller äldre, är eller har varit närstående genom parrelation, utomhus;;70 - 98
9640;Fullbordad våldtäkt inkl. grov, mot kvinna 18 år eller äldre, är eller har varit närstående genom släktskap/familj, utomhus;;70 - 98
9641;Fullbordad våldtäkt inkl. grov, mot kvinna 18 år eller äldre, är eller har varit bekanta genom annan slags relation, utomhus;;70 - 98
9642;Fullbordad våldtäkt inkl. grov, mot kvinna 18 år eller äldre, obekanta, utomhus;;70 - 98
9643;Försök till våldtäkt inkl. grov, mot man 18 år eller äldre, är eller har varit närstående genom parrelation, inomhus;;70 - 98
9644;Försök till våldtäkt inkl. grov, mot man 18 år eller äldre, är eller har varit närstående genom släktskap/familj, inomhus;;70 - 98
9645;Försök till våldtäkt inkl. grov, mot man 18 år eller äldre, är eller har varit bekanta genom annan slags relation, inomhus;;70 - 98
9646;Försök till våldtäkt inkl. grov, mot man 18 år eller äldre, obekanta, inomhus;;70 - 98
9647;Försök till våldtäkt inkl. grov, mot man 18 år eller äldre, är eller har varit närstående genom parrelation, utomhus;;70 - 98
9648;Försök till våldtäkt inkl. grov, mot man 18 år eller äldre, är eller har varit närstående genom släktskap/familj, utomhus;;70 - 98
9649;Försök till våldtäkt inkl. grov, mot man 18 år eller äldre, är eller har varit bekanta genom annan slags relation, utomhus;;70 - 98
9650;Försök till våldtäkt inkl. grov, mot man 18 år eller äldre, obekanta, utomhus;;70 - 98
9651;Fullbordad våldtäkt inkl. grov, mot man 18 år eller äldre, är eller har varit närstående genom parrelation, inomhus;;70 - 98
9652;Fullbordad våldtäkt inkl. grov, mot man 18 år eller äldre, är eller har varit närstående genom släktskap/familj, inomhus;;70 - 98
9653;Fullbordad våldtäkt inkl. grov, mot man 18 år eller äldre, är eller har varit bekanta genom annan slags relation, inomhus;;70 - 98
9654;Fullbordad våldtäkt inkl. grov, mot man 18 år eller äldre, obekanta, inomhus;;70 - 98
9655;Fullbordad våldtäkt inkl. grov, mot man 18 år eller äldre, är eller har varit närstående genom parrelation, utomhus;;70 - 98
9656;Fullbordad våldtäkt inkl. grov, mot man 18 år eller äldre, är eller har varit närstående genom släktskap/familj, utomhus;;70 - 98
9657;Fullbordad våldtäkt inkl. grov, mot man 18 år eller äldre, är eller har varit bekanta genom annan slags relation, utomhus;;70 - 98
9658;Fullbordad våldtäkt inkl. grov, mot man 18 år eller äldre, obekanta, utomhus;;70 - 98
9659;Oaktsam våldtäkt, mot kvinna 18 år eller äldre, är eller har varit närstående genom parrelation, utomhus;;70 - 98
9660;Oaktsam våldtäkt, mot kvinna 18 år eller äldre, är eller har varit närstående genom släktskap/familj, utomhus;;70 - 98
9661;Oaktsam våldtäkt, mot kvinna 18 år eller äldre, är eller har varit bekanta genom annan slags relation, utomhus;;70 - 98
9662;Oaktsam våldtäkt, mot kvinna 18 år eller äldre, obekanta, utomhus;;70 - 98
9663;Oaktsam våldtäkt, mot man 18 år eller äldre, är eller har varit närstående genom parrelation, utomhus;;70 - 98
9664;Oaktsam våldtäkt, mot man 18 år eller äldre, är eller har varit närstående genom släktskap/familj, utomhus;;70 - 98
9665;Oaktsam våldtäkt, mot man 18 år eller äldre, är eller har varit bekanta genom annan slags relation, utomhus;;70 - 98
9666;Oaktsam våldtäkt, mot man 18 år eller äldre, obekanta, utomhus;;70 - 98
9667;Oaktsam våldtäkt, mot kvinna 18 år eller äldre, är eller har varit närstående genom parrelation, inomhus;;70 - 98
9668;Oaktsam våldtäkt, mot kvinna 18 år eller äldre, är eller har varit närstående genom släktskap/familj, inomhus;;70 - 98
9669;Oaktsam våldtäkt, mot kvinna 18 år eller äldre, är eller har varit bekanta genom annan slags relation, inomhus;;70 - 98
9670;Oaktsam våldtäkt, mot kvinna 18 år eller äldre, obekanta, inomhus;;70 - 98
9671;Oaktsam våldtäkt, mot man 18 år eller äldre, är eller har varit närstående genom parrelation, inomhus;;70 - 98
9672;Oaktsam våldtäkt, mot man 18 år eller äldre, är eller har varit närstående genom släktskap/familj, inomhus;;70 - 98
9673;Oaktsam våldtäkt, mot man 18 år eller äldre, är eller har varit bekanta genom annan slags relation, inomhus;;70 - 98
9674;Oaktsam våldtäkt, mot man 18 år eller äldre, obekanta, inomhus;;70 - 98
9675;Sexuellt övergrepp, mot kvinna 18 år eller äldre, är eller har varit närstående genom parrelation;;70 - 98
9676;Sexuellt övergrepp, mot kvinna 18 år eller äldre, är eller har varit närstående genom släktskap/familj;;70 - 98
9677;Sexuellt övergrepp, mot kvinna 18 år eller äldre, är eller har varit bekanta genom annan slags relation;;70 - 98
9678;Sexuellt övergrepp, mot kvinna 18 år eller äldre, obekanta;;70 - 98
9679;Sexuellt övergrepp, mot man 18 år eller äldre, är eller har varit närstående genom parrelation;;70 - 98
9680;Sexuellt övergrepp, mot man 18 år eller äldre, är eller har varit närstående genom släktskap/familj;;70 - 98
9681;Sexuellt övergrepp, mot man 18 år eller äldre, är eller har varit bekanta genom annan slags relation;;70 - 98
9682;Sexuellt övergrepp, mot man 18 år eller äldre, obekanta;;70 - 98
9683;Oaktsamt sexuellt övergrepp, mot kvinna 18 år eller äldre, är eller har varit närstående genom parrelation;;70 - 98
9684;Oaktsamt sexuellt övergrepp, mot kvinna 18 år eller äldre, är eller har varit närstående genom släktskap/familj;;70 - 98
9685;Oaktsamt sexuellt övergrepp, mot kvinna 18 år eller äldre, är eller har varit bekanta genom annan slags relation;;70 - 98
9686;Oaktsamt sexuellt övergrepp, mot kvinna 18 år eller äldre, obekanta;;70 - 98
9687;Oaktsamt sexuellt övergrepp, mot man 18 år eller äldre, är eller har varit närstående genom parrelation;;70 - 98
9688;Oaktsamt sexuellt övergrepp, mot man 18 år eller äldre, är eller har varit närstående genom släktskap/familj;;70 - 98
9689;Oaktsamt sexuellt övergrepp, mot man 18 år eller äldre, är eller har varit bekanta genom annan slags relation;;70 - 98
9690;Oaktsamt sexuellt övergrepp, mot man 18 år eller äldre, obekanta;;70 - 98
9691;Sexuellt ofredande, mot kvinna 18 år eller äldre, är eller har varit närstående genom parrelation;;70 - 98
9692;Sexuellt ofredande, mot kvinna 18 år eller äldre, är eller har varit närstående genom släktskap/familj;;70 - 98
9693;Sexuellt ofredande, mot kvinna 18 år eller äldre, är eller har varit bekanta genom annan slags relation;;70 - 98
9694;Sexuellt ofredande, mot kvinna 18 år eller äldre, obekanta;;70 - 98
9695;Sexuellt ofredande, mot man 18 år eller äldre, är eller har varit närstående genom parrelation;;70 - 98
9696;Sexuellt ofredande, mot man 18 år eller äldre, är eller har varit närstående genom släktskap/familj;;70 - 98
9697;Sexuellt ofredande, mot man 18 år eller äldre, är eller har varit bekanta genom annan slags relation;;70 - 98
9698;Sexuellt ofredande, mot man 18 år eller äldre, obekanta;;70 - 98
9801;Inbrottsstöld, fullbordat, i villa/radhus;;70 - 98
9802;Inbrottsstöld, fullbordat, i lägenhet;;70 - 98
9803;Tillgrepp av lastbil släp järnvägsv el dyl yrkesm godsbefor;;70 - 98
9804;Stöld ur lastbil släp järnvägsv el dyl för yrkesm godsbefor;;70 - 98
9806;Rån mot privatperson under 18 år, utan skjutvapen, utomhus;;70 - 98
9807;Rån mot privatperson under 18 år, utan skjutvapen, inomhus;;70 - 98
9808;Rån mot privatperson under 18 år, med skjutvapen, utomhus;;70 - 98
9809;Rån mot privatperson under 18 år, med skjutvapen, inomhus;;70 - 98
9810;Rån mot privatperson 18 år eller äldre, utan skjutvapen, utomhus;;70 - 98
9811;Rån mot privatperson 18 år eller äldre, utan skjutvapen, inomhus;;70 - 98
9812;Rån mot privatperson 18 år eller äldre, med skjutvapen, utomhus;;70 - 98
9813;Rån mot privatperson 18 år eller äldre, med skjutvapen, inomhus;;70 - 98
9814;Stöld under övr. yrkesm. transp. (ej fickstöld el. yrkesm. godsbef);;70 - 98
9815;Stöld ur och från båt (ej båtmotor);;70 - 98
9816;Stöld av båtmotor;;70 - 98
9817;Stöld utan inbrott, fickstöld, stöld ur eller av persedel någon bär med sig, ej mot funktionsnedsatt;;70 - 98
9818;Stöld utan inbrott, fickstöld, stöld ur eller av persedel någon bär med sig, mot funktionsnedsatt;;70 - 98
9819;Stöld utan inbrott, väskryckning, ej mot funktionsnedsatt;;70 - 98
9820;Stöld utan inbrott, väskryckning, mot funktionsnedsatt;;70 - 98
9821;Stöld av diesel (upphörde år 2016);2016;70 - 98
9822;Stöld av andra drivmedel (upphörde år 2016);2016;70 - 98
9823;Stöld av diesel ur fordonstank (även entrepenadmaskin m.m.);;70 - 98
9824;Stöld av diesel ur större tankar (ej kopplade till fordon);;70 - 98
9825;Stöld av drivmedel, ej genom smitning;;70 - 98
9826;Stöld och snatteri av drivmedel från bensinstation (genom smitning);;70 - 98
9827;Stöld ur/från motordrivet fordon av fast interiör/exteriör eller både fast int./ext. och andra föremål;;70 - 98
9828;Stöld ur/från motordrivet fordon av endast andra föremål (ej fast interiör/exteriör);;70 - 98
9829;Tillgrepp av ej motordrivet fortskaffningsmedel, elcykel;;70 - 98
9830;Tillgrepp av ej motordrivet fortskaffningsmedel, cykel (ej elcykel);;70 - 98
9831;Inbrottsstöld, fullbordat, i annan typ av bostad än villa, radhus, lägenhet eller fritidshus;;70 - 98
9832;Inbrottsstöld, försök, i annan typ av bostad än villa, radhus, lägenhet eller fritidshus;;70 - 98
9833;Stöld av elsparkcykel;;70 - 98
9834;Stöld av annat ej motordrivet fortskaffningsmedel;;70 - 98
