brottstyp_id;namn;niva;grupp_id;grupp;sokvag
5036;Totalt antal brott;0;5036;Totalt antal brott;Totalt antal brott
11084;Brott mot brottsbalken;0;11084;Brott mot brottsbalken;Brott mot brottsbalken
11086;3-7 kap. Brott mot person;0;11086;3-7 kap. Brott mot person;Brott mot brottsbalken, 3-7 kap. Brott mot person
11086;3-7 kap. Brott mot person;1;11084;Brott mot brottsbalken;Brott mot brottsbalken, 3-7 kap. Brott mot person
11090;3 kap. Brott mot liv och hälsa;0;11090;3 kap. Brott mot liv och hälsa;Brott mot brottsbalken, 3-7 kap. Brott mot person, 3 kap. Brott mot liv och hälsa
11090;3 kap. Brott mot liv och hälsa;1;11086;3-7 kap. Brott mot person;Brott mot brottsbalken, 3-7 kap. Brott mot person, 3 kap. Brott mot liv och hälsa
11802;Försök till mord eller dråp (1, 2 §);0;11802;Försök till mord eller dråp (1, 2 §);Brott mot brottsbalken, 3-7 kap. Brott mot person, 3 kap. Brott mot liv och hälsa, Försök till mord eller dråp (1, 2 §)
11802;Försök till mord eller dråp (1, 2 §);1;11090;3 kap. Brott mot liv och hälsa;Brott mot brottsbalken, 3-7 kap. Brott mot person, 3 kap. Brott mot liv och hälsa, Försök till mord eller dråp (1, 2 §)
12997;Mot barn under 18 år;1;11802;Försök till mord eller dråp (1, 2 §);Brott mot brottsbalken, 3-7 kap. Brott mot person, 3 kap. Brott mot liv och hälsa, Försök till mord eller dråp (1, 2 §), Mot barn under 18 år
12999;Mot flicka under 18 år;2;11802;Försök till mord eller dråp (1, 2 §);Brott mot brottsbalken, 3-7 kap. Brott mot person, 3 kap. Brott mot liv och hälsa, Försök till mord eller dråp (1, 2 §), Mot barn under 18 år, Mot flicka under 18 år
13001;Mot pojke under 18 år;2;11802;Försök till mord eller dråp (1, 2 §);Brott mot brottsbalken, 3-7 kap. Brott mot person, 3 kap. Brott mot liv och hälsa, Försök till mord eller dråp (1, 2 §), Mot barn under 18 år, Mot pojke under 18 år
14283;Mot kvinna 18 år eller äldre;1;11802;Försök till mord eller dråp (1, 2 §);Brott mot brottsbalken, 3-7 kap. Brott mot person, 3 kap. Brott mot liv och hälsa, Försök till mord eller dråp (1, 2 §), Mot kvinna 18 år eller äldre
14289;Närstående genom parrelation;2;11802;Försök till mord eller dråp (1, 2 §);Brott mot brottsbalken, 3-7 kap. Brott mot person, 3 kap. Brott mot liv och hälsa, Försök till mord eller dråp (1, 2 §), Mot kvinna 18 år eller äldre, Närstående genom parrelation
14290;Närstående genom släktskap/familj;2;11802;Försök till mord eller dråp (1, 2 §);Brott mot brottsbalken, 3-7 kap. Brott mot person, 3 kap. Brott mot liv och hälsa, Försök till mord eller dråp (1, 2 §), Mot kvinna 18 år eller äldre, Närstående genom släktskap/familj
14291;Annan slags relation eller bekantskap;2;11802;Försök till mord eller dråp (1, 2 §);Brott mot brottsbalken, 3-7 kap. Brott mot person, 3 kap. Brott mot liv och hälsa, Försök till mord eller dråp (1, 2 §), Mot kvinna 18 år eller äldre, Annan slags relation eller bekantskap
14292;Obekanta;2;11802;Försök till mord eller dråp (1, 2 §);Brott mot brottsbalken, 3-7 kap. Brott mot person, 3 kap. Brott mot liv och hälsa, Försök till mord eller dråp (1, 2 §), Mot kvinna 18 år eller äldre, Obekanta
14284;Mot man 18 år eller äldre;1;11802;Försök till mord eller dråp (1, 2 §);Brott mot brottsbalken, 3-7 kap. Brott mot person, 3 kap. Brott mot liv och hälsa, Försök till mord eller dråp (1, 2 §), Mot man 18 år eller äldre
14285;Närstående genom parrelation;2;11802;Försök till mord eller dråp (1, 2 §);Brott mot brottsbalken, 3-7 kap. Brott mot person, 3 kap. Brott mot liv och hälsa, Försök till mord eller dråp (1, 2 §), Mot man 18 år eller äldre, Närstående genom parrelation
14286;Närstående genom släktskap/familj;2;11802;Försök till mord eller dråp (1, 2 §);Brott mot brottsbalken, 3-7 kap. Brott mot person, 3 kap. Brott mot liv och hälsa, Försök till mord eller dråp (1, 2 §), Mot man 18 år eller äldre, Närstående genom släktskap/familj
14287;Annan slags relation eller bekantskap;2;11802;Försök till mord eller dråp (1, 2 §);Brott mot brottsbalken, 3-7 kap. Brott mot person, 3 kap. Brott mot liv och hälsa, Försök till mord eller dråp (1, 2 §), Mot man 18 år eller äldre, Annan slags relation eller bekantskap
14288;Obekanta;2;11802;Försök till mord eller dråp (1, 2 §);Brott mot brottsbalken, 3-7 kap. Brott mot person, 3 kap. Brott mot liv och hälsa, Försök till mord eller dråp (1, 2 §), Mot man 18 år eller äldre, Obekanta
12998;Mot man/pojke;1;11802;Försök till mord eller dråp (1, 2 §);Brott mot brottsbalken, 3-7 kap. Brott mot person, 3 kap. Brott mot liv och hälsa, Försök till mord eller dråp (1, 2 §), Mot man/pojke
13000;Med användning av skjutvapen;2;11802;Försök till mord eller dråp (1, 2 §);Brott mot brottsbalken, 3-7 kap. Brott mot person, 3 kap. Brott mot liv och hälsa, Försök till mord eller dråp (1, 2 §), Mot man/pojke , Med användning av skjutvapen
13002;Utan användning av skjutvapen;2;11802;Försök till mord eller dråp (1, 2 §);Brott mot brottsbalken, 3-7 kap. Brott mot person, 3 kap. Brott mot liv och hälsa, Försök till mord eller dråp (1, 2 §), Mot man/pojke , Utan användning av skjutvapen
13003;Mot samtliga personer (även där kön är okänt);1;11802;Försök till mord eller dråp (1, 2 §);Brott mot brottsbalken, 3-7 kap. Brott mot person, 3 kap. Brott mot liv och hälsa, Försök till mord eller dråp (1, 2 §), Mot samtliga personer (även där kön är okänt)
13004;Med användning av skjutvapen;2;11802;Försök till mord eller dråp (1, 2 §);Brott mot brottsbalken, 3-7 kap. Brott mot person, 3 kap. Brott mot liv och hälsa, Försök till mord eller dråp (1, 2 §), Mot samtliga personer (även där kön är okänt), Med användning av skjutvapen
13005;Utan användning av skjutvapen;2;11802;Försök till mord eller dråp (1, 2 §);Brott mot brottsbalken, 3-7 kap. Brott mot person, 3 kap. Brott mot liv och hälsa, Försök till mord eller dråp (1, 2 §), Mot samtliga personer (även där kön är okänt), Utan användning av skjutvapen
11130;Misshandel inkl. grov (5, 6 §);0;11130;Misshandel inkl. grov (5, 6 §);Brott mot brottsbalken, 3-7 kap. Brott mot person, 3 kap. Brott mot liv och hälsa, Misshandel inkl. grov (5, 6 §)
11130;Misshandel inkl. grov (5, 6 §);1;11090;3 kap. Brott mot liv och hälsa;Brott mot brottsbalken, 3-7 kap. Brott mot person, 3 kap. Brott mot liv och hälsa, Misshandel inkl. grov (5, 6 §)
12140;Indelat efter ålder;0;12140;Indelat efter ålder;Brott mot brottsbalken, 3-7 kap. Brott mot person, 3 kap. Brott mot liv och hälsa, Misshandel inkl. grov (5, 6 §), Indelat efter ålder
12140;Indelat efter ålder;1;11130;Misshandel inkl. grov (5, 6 §);Brott mot brottsbalken, 3-7 kap. Brott mot person, 3 kap. Brott mot liv och hälsa, Misshandel inkl. grov (5, 6 §), Indelat efter ålder
12144;Mot barn 0-6 år;1;12140;Indelat efter ålder;Brott mot brottsbalken, 3-7 kap. Brott mot person, 3 kap. Brott mot liv och hälsa, Misshandel inkl. grov (5, 6 §), Indelat efter ålder, Mot barn 0-6 år
12553;Utomhus;2;12140;Indelat efter ålder;Brott mot brottsbalken, 3-7 kap. Brott mot person, 3 kap. Brott mot liv och hälsa, Misshandel inkl. grov (5, 6 §), Indelat efter ålder, Mot barn 0-6 år, Utomhus
12567;Obekant med offret;3;12140;Indelat efter ålder;Brott mot brottsbalken, 3-7 kap. Brott mot person, 3 kap. Brott mot liv och hälsa, Misshandel inkl. grov (5, 6 §), Indelat efter ålder, Mot barn 0-6 år, Utomhus, Obekant med offret
12596;Mot flicka 0-6 år;4;12140;Indelat efter ålder;Brott mot brottsbalken, 3-7 kap. Brott mot person, 3 kap. Brott mot liv och hälsa, Misshandel inkl. grov (5, 6 §), Indelat efter ålder, Mot barn 0-6 år, Utomhus, Obekant med offret, Mot flicka 0-6 år
12600;Mot pojke 0-6 år;4;12140;Indelat efter ålder;Brott mot brottsbalken, 3-7 kap. Brott mot person, 3 kap. Brott mot liv och hälsa, Misshandel inkl. grov (5, 6 §), Indelat efter ålder, Mot barn 0-6 år, Utomhus, Obekant med offret, Mot pojke 0-6 år
12581;Bekant med offret;3;12140;Indelat efter ålder;Brott mot brottsbalken, 3-7 kap. Brott mot person, 3 kap. Brott mot liv och hälsa, Misshandel inkl. grov (5, 6 §), Indelat efter ålder, Mot barn 0-6 år, Utomhus, Bekant med offret
12597;Mot flicka 0-6 år;4;12140;Indelat efter ålder;Brott mot brottsbalken, 3-7 kap. Brott mot person, 3 kap. Brott mot liv och hälsa, Misshandel inkl. grov (5, 6 §), Indelat efter ålder, Mot barn 0-6 år, Utomhus, Bekant med offret, Mot flicka 0-6 år
12601;Mot pojke 0-6 år;4;12140;Indelat efter ålder;Brott mot brottsbalken, 3-7 kap. Brott mot person, 3 kap. Brott mot liv och hälsa, Misshandel inkl. grov (5, 6 §), Indelat efter ålder, Mot barn 0-6 år, Utomhus, Bekant med offret, Mot pojke 0-6 år
12560;Inomhus;2;12140;Indelat efter ålder;Brott mot brottsbalken, 3-7 kap. Brott mot person, 3 kap. Brott mot liv och hälsa, Misshandel inkl. grov (5, 6 §), Indelat efter ålder, Mot barn 0-6 år, Inomhus
12568;Obekant med offret;3;12140;Indelat efter ålder;Brott mot brottsbalken, 3-7 kap. Brott mot person, 3 kap. Brott mot liv och hälsa, Misshandel inkl. grov (5, 6 §), Indelat efter ålder, Mot barn 0-6 år, Inomhus, Obekant med offret
12598;Mot flicka 0-6 år;4;12140;Indelat efter ålder;Brott mot brottsbalken, 3-7 kap. Brott mot person, 3 kap. Brott mot liv och hälsa, Misshandel inkl. grov (5, 6 §), Indelat efter ålder, Mot barn 0-6 år, Inomhus, Obekant med offret, Mot flicka 0-6 år
12602;Mot pojke 0-6 år;4;12140;Indelat efter ålder;Brott mot brottsbalken, 3-7 kap. Brott mot person, 3 kap. Brott mot liv och hälsa, Misshandel inkl. grov (5, 6 §), Indelat efter ålder, Mot barn 0-6 år, Inomhus, Obekant med offret, Mot pojke 0-6 år
12582;Bekant med offret;3;12140;Indelat efter ålder;Brott mot brottsbalken, 3-7 kap. Brott mot person, 3 kap. Brott mot liv och hälsa, Misshandel inkl. grov (5, 6 §), Indelat efter ålder, Mot barn 0-6 år, Inomhus, Bekant med offret
12599;Mot flicka 0-6 år;4;12140;Indelat efter ålder;Brott mot brottsbalken, 3-7 kap. Brott mot person, 3 kap. Brott mot liv och hälsa, Misshandel inkl. grov (5, 6 §), Indelat efter ålder, Mot barn 0-6 år, Inomhus, Bekant med offret, Mot flicka 0-6 år
12603;Mot pojke 0-6 år;4;12140;Indelat efter ålder;Brott mot brottsbalken, 3-7 kap. Brott mot person, 3 kap. Brott mot liv och hälsa, Misshandel inkl. grov (5, 6 §), Indelat efter ålder, Mot barn 0-6 år, Inomhus, Bekant med offret, Mot pojke 0-6 år
12547;Mot barn 7-14 år;1;12140;Indelat efter ålder;Brott mot brottsbalken, 3-7 kap. Brott mot person, 3 kap. Brott mot liv och hälsa, Misshandel inkl. grov (5, 6 §), Indelat efter ålder, Mot barn 7-14 år
12554;Utomhus;2;12140;Indelat efter ålder;Brott mot brottsbalken, 3-7 kap. Brott mot person, 3 kap. Brott mot liv och hälsa, Misshandel inkl. grov (5, 6 §), Indelat efter ålder, Mot barn 7-14 år, Utomhus
12569;Obekant med offret;3;12140;Indelat efter ålder;Brott mot brottsbalken, 3-7 kap. Brott mot person, 3 kap. Brott mot liv och hälsa, Misshandel inkl. grov (5, 6 §), Indelat efter ålder, Mot barn 7-14 år, Utomhus, Obekant med offret
12604;Mot flicka 7-14 år;4;12140;Indelat efter ålder;Brott mot brottsbalken, 3-7 kap. Brott mot person, 3 kap. Brott mot liv och hälsa, Misshandel inkl. grov (5, 6 §), Indelat efter ålder, Mot barn 7-14 år, Utomhus, Obekant med offret, Mot flicka 7-14 år
12608;Mot pojke 7-14 år;4;12140;Indelat efter ålder;Brott mot brottsbalken, 3-7 kap. Brott mot person, 3 kap. Brott mot liv och hälsa, Misshandel inkl. grov (5, 6 §), Indelat efter ålder, Mot barn 7-14 år, Utomhus, Obekant med offret, Mot pojke 7-14 år
12584;Bekant med offret;3;12140;Indelat efter ålder;Brott mot brottsbalken, 3-7 kap. Brott mot person, 3 kap. Brott mot liv och hälsa, Misshandel inkl. grov (5, 6 §), Indelat efter ålder, Mot barn 7-14 år, Utomhus, Bekant med offret
12605;Mot flicka 7-14 år;4;12140;Indelat efter ålder;Brott mot brottsbalken, 3-7 kap. Brott mot person, 3 kap. Brott mot liv och hälsa, Misshandel inkl. grov (5, 6 §), Indelat efter ålder, Mot barn 7-14 år, Utomhus, Bekant med offret, Mot flicka 7-14 år
12609;Mot pojke 7-14 år;4;12140;Indelat efter ålder;Brott mot brottsbalken, 3-7 kap. Brott mot person, 3 kap. Brott mot liv och hälsa, Misshandel inkl. grov (5, 6 §), Indelat efter ålder, Mot barn 7-14 år, Utomhus, Bekant med offret, Mot pojke 7-14 år
12561;Inomhus;2;12140;Indelat efter ålder;Brott mot brottsbalken, 3-7 kap. Brott mot person, 3 kap. Brott mot liv och hälsa, Misshandel inkl. grov (5, 6 §), Indelat efter ålder, Mot barn 7-14 år, Inomhus
12570;Obekant med offret;3;12140;Indelat efter ålder;Brott mot brottsbalken, 3-7 kap. Brott mot person, 3 kap. Brott mot liv och hälsa, Misshandel inkl. grov (5, 6 §), Indelat efter ålder, Mot barn 7-14 år, Inomhus, Obekant med offret
12606;Mot flicka 7-14 år;4;12140;Indelat efter ålder;Brott mot brottsbalken, 3-7 kap. Brott mot person, 3 kap. Brott mot liv och hälsa, Misshandel inkl. grov (5, 6 §), Indelat efter ålder, Mot barn 7-14 år, Inomhus, Obekant med offret, Mot flicka 7-14 år
12610;Mot pojke 7-14 år;4;12140;Indelat efter ålder;Brott mot brottsbalken, 3-7 kap. Brott mot person, 3 kap. Brott mot liv och hälsa, Misshandel inkl. grov (5, 6 §), Indelat efter ålder, Mot barn 7-14 år, Inomhus, Obekant med offret, Mot pojke 7-14 år
12585;Bekant med offret;3;12140;Indelat efter ålder;Brott mot brottsbalken, 3-7 kap. Brott mot person, 3 kap. Brott mot liv och hälsa, Misshandel inkl. grov (5, 6 §), Indelat efter ålder, Mot barn 7-14 år, Inomhus, Bekant med offret
12607;Mot flicka 7-14 år;4;12140;Indelat efter ålder;Brott mot brottsbalken, 3-7 kap. Brott mot person, 3 kap. Brott mot liv och hälsa, Misshandel inkl. grov (5, 6 §), Indelat efter ålder, Mot barn 7-14 år, Inomhus, Bekant med offret, Mot flicka 7-14 år
12611;Mot pojke 7-14 år;4;12140;Indelat efter ålder;Brott mot brottsbalken, 3-7 kap. Brott mot person, 3 kap. Brott mot liv och hälsa, Misshandel inkl. grov (5, 6 §), Indelat efter ålder, Mot barn 7-14 år, Inomhus, Bekant med offret, Mot pojke 7-14 år
12548;Mot barn 15-17 år;1;12140;Indelat efter ålder;Brott mot brottsbalken, 3-7 kap. Brott mot person, 3 kap. Brott mot liv och hälsa, Misshandel inkl. grov (5, 6 §), Indelat efter ålder, Mot barn 15-17 år
12555;Utomhus;2;12140;Indelat efter ålder;Brott mot brottsbalken, 3-7 kap. Brott mot person, 3 kap. Brott mot liv och hälsa, Misshandel inkl. grov (5, 6 §), Indelat efter ålder, Mot barn 15-17 år, Utomhus
12571;Obekant med offret;3;12140;Indelat efter ålder;Brott mot brottsbalken, 3-7 kap. Brott mot person, 3 kap. Brott mot liv och hälsa, Misshandel inkl. grov (5, 6 §), Indelat efter ålder, Mot barn 15-17 år, Utomhus, Obekant med offret
12612;Mot flicka 15-17 år;4;12140;Indelat efter ålder;Brott mot brottsbalken, 3-7 kap. Brott mot person, 3 kap. Brott mot liv och hälsa, Misshandel inkl. grov (5, 6 §), Indelat efter ålder, Mot barn 15-17 år, Utomhus, Obekant med offret, Mot flicka 15-17 år
12616;Mot pojke 15-17 år;4;12140;Indelat efter ålder;Brott mot brottsbalken, 3-7 kap. Brott mot person, 3 kap. Brott mot liv och hälsa, Misshandel inkl. grov (5, 6 §), Indelat efter ålder, Mot barn 15-17 år, Utomhus, Obekant med offret, Mot pojke 15-17 år
12586;Bekant med offret;3;12140;Indelat efter ålder;Brott mot brottsbalken, 3-7 kap. Brott mot person, 3 kap. Brott mot liv och hälsa, Misshandel inkl. grov (5, 6 §), Indelat efter ålder, Mot barn 15-17 år, Utomhus, Bekant med offret
12613;Mot flicka 15-17 år;4;12140;Indelat efter ålder;Brott mot brottsbalken, 3-7 kap. Brott mot person, 3 kap. Brott mot liv och hälsa, Misshandel inkl. grov (5, 6 §), Indelat efter ålder, Mot barn 15-17 år, Utomhus, Bekant med offret, Mot flicka 15-17 år
12617;Mot pojke 15-17 år;4;12140;Indelat efter ålder;Brott mot brottsbalken, 3-7 kap. Brott mot person, 3 kap. Brott mot liv och hälsa, Misshandel inkl. grov (5, 6 §), Indelat efter ålder, Mot barn 15-17 år, Utomhus, Bekant med offret, Mot pojke 15-17 år
12562;Inomhus;2;12140;Indelat efter ålder;Brott mot brottsbalken, 3-7 kap. Brott mot person, 3 kap. Brott mot liv och hälsa, Misshandel inkl. grov (5, 6 §), Indelat efter ålder, Mot barn 15-17 år, Inomhus
12572;Obekant med offret;3;12140;Indelat efter ålder;Brott mot brottsbalken, 3-7 kap. Brott mot person, 3 kap. Brott mot liv och hälsa, Misshandel inkl. grov (5, 6 §), Indelat efter ålder, Mot barn 15-17 år, Inomhus, Obekant med offret
12614;Mot flicka 15-17 år;4;12140;Indelat efter ålder;Brott mot brottsbalken, 3-7 kap. Brott mot person, 3 kap. Brott mot liv och hälsa, Misshandel inkl. grov (5, 6 §), Indelat efter ålder, Mot barn 15-17 år, Inomhus, Obekant med offret, Mot flicka 15-17 år
12618;Mot pojke 15-17 år;4;12140;Indelat efter ålder;Brott mot brottsbalken, 3-7 kap. Brott mot person, 3 kap. Brott mot liv och hälsa, Misshandel inkl. grov (5, 6 §), Indelat efter ålder, Mot barn 15-17 år, Inomhus, Obekant med offret, Mot pojke 15-17 år
12587;Bekant med offret;3;12140;Indelat efter ålder;Brott mot brottsbalken, 3-7 kap. Brott mot person, 3 kap. Brott mot liv och hälsa, Misshandel inkl. grov (5, 6 §), Indelat efter ålder, Mot barn 15-17 år, Inomhus, Bekant med offret
12615;Mot flicka 15-17 år;4;12140;Indelat efter ålder;Brott mot brottsbalken, 3-7 kap. Brott mot person, 3 kap. Brott mot liv och hälsa, Misshandel inkl. grov (5, 6 §), Indelat efter ålder, Mot barn 15-17 år, Inomhus, Bekant med offret, Mot flicka 15-17 år
12619;Mot pojke 15-17 år;4;12140;Indelat efter ålder;Brott mot brottsbalken, 3-7 kap. Brott mot person, 3 kap. Brott mot liv och hälsa, Misshandel inkl. grov (5, 6 §), Indelat efter ålder, Mot barn 15-17 år, Inomhus, Bekant med offret, Mot pojke 15-17 år
12549;Mot kvinna 18 år och äldre (15 år och äldre t.o.m. 2006);1;12140;Indelat efter ålder;Brott mot brottsbalken, 3-7 kap. Brott mot person, 3 kap. Brott mot liv och hälsa, Misshandel inkl. grov (5, 6 §), Indelat efter ålder, Mot kvinna 18 år och äldre (15 år och äldre t.o.m. 2006)
12556;Utomhus;2;12140;Indelat efter ålder;Brott mot brottsbalken, 3-7 kap. Brott mot person, 3 kap. Brott mot liv och hälsa, Misshandel inkl. grov (5, 6 §), Indelat efter ålder, Mot kvinna 18 år och äldre (15 år och äldre t.o.m. 2006), Utomhus
12573;Obekant med offret;3;12140;Indelat efter ålder;Brott mot brottsbalken, 3-7 kap. Brott mot person, 3 kap. Brott mot liv och hälsa, Misshandel inkl. grov (5, 6 §), Indelat efter ålder, Mot kvinna 18 år och äldre (15 år och äldre t.o.m. 2006), Utomhus, Obekant med offret
12588;Bekant med offret;3;12140;Indelat efter ålder;Brott mot brottsbalken, 3-7 kap. Brott mot person, 3 kap. Brott mot liv och hälsa, Misshandel inkl. grov (5, 6 §), Indelat efter ålder, Mot kvinna 18 år och äldre (15 år och äldre t.o.m. 2006), Utomhus, Bekant med offret
5038;Närstående genom parrelation (uppgift saknas);4;12140;Indelat efter ålder;Brott mot brottsbalken, 3-7 kap. Brott mot person, 3 kap. Brott mot liv och hälsa, Misshandel inkl. grov (5, 6 §), Indelat efter ålder, Mot kvinna 18 år och äldre (15 år och äldre t.o.m. 2006), Utomhus, Bekant med offret, Närstående genom parrelation (uppgift saknas)
13929;Närstående genom släktskap/familj (uppgift saknas);4;12140;Indelat efter ålder;Brott mot brottsbalken, 3-7 kap. Brott mot person, 3 kap. Brott mot liv och hälsa, Misshandel inkl. grov (5, 6 §), Indelat efter ålder, Mot kvinna 18 år och äldre (15 år och äldre t.o.m. 2006), Utomhus, Bekant med offret, Närstående genom släktskap/familj (uppgift saknas)
5039;Annan slags relation (uppgift saknas);4;12140;Indelat efter ålder;Brott mot brottsbalken, 3-7 kap. Brott mot person, 3 kap. Brott mot liv och hälsa, Misshandel inkl. grov (5, 6 §), Indelat efter ålder, Mot kvinna 18 år och äldre (15 år och äldre t.o.m. 2006), Utomhus, Bekant med offret, Annan slags relation (uppgift saknas)
12563;Inomhus;2;12140;Indelat efter ålder;Brott mot brottsbalken, 3-7 kap. Brott mot person, 3 kap. Brott mot liv och hälsa, Misshandel inkl. grov (5, 6 §), Indelat efter ålder, Mot kvinna 18 år och äldre (15 år och äldre t.o.m. 2006), Inomhus
12574;Obekant med offret;3;12140;Indelat efter ålder;Brott mot brottsbalken, 3-7 kap. Brott mot person, 3 kap. Brott mot liv och hälsa, Misshandel inkl. grov (5, 6 §), Indelat efter ålder, Mot kvinna 18 år och äldre (15 år och äldre t.o.m. 2006), Inomhus, Obekant med offret
12589;Bekant med offret;3;12140;Indelat efter ålder;Brott mot brottsbalken, 3-7 kap. Brott mot person, 3 kap. Brott mot liv och hälsa, Misshandel inkl. grov (5, 6 §), Indelat efter ålder, Mot kvinna 18 år och äldre (15 år och äldre t.o.m. 2006), Inomhus, Bekant med offret
12620;Närstående genom parrelation (uppgift saknas);4;12140;Indelat efter ålder;Brott mot brottsbalken, 3-7 kap. Brott mot person, 3 kap. Brott mot liv och hälsa, Misshandel inkl. grov (5, 6 §), Indelat efter ålder, Mot kvinna 18 år och äldre (15 år och äldre t.o.m. 2006), Inomhus, Bekant med offret, Närstående genom parrelation (uppgift saknas)
13931;Närstående genom släktskap/familj (uppgift saknas);4;12140;Indelat efter ålder;Brott mot brottsbalken, 3-7 kap. Brott mot person, 3 kap. Brott mot liv och hälsa, Misshandel inkl. grov (5, 6 §), Indelat efter ålder, Mot kvinna 18 år och äldre (15 år och äldre t.o.m. 2006), Inomhus, Bekant med offret, Närstående genom släktskap/familj (uppgift saknas)
12623;Annan slags relation (uppgift saknas);4;12140;Indelat efter ålder;Brott mot brottsbalken, 3-7 kap. Brott mot person, 3 kap. Brott mot liv och hälsa, Misshandel inkl. grov (5, 6 §), Indelat efter ålder, Mot kvinna 18 år och äldre (15 år och äldre t.o.m. 2006), Inomhus, Bekant med offret, Annan slags relation (uppgift saknas)
12550;Mot man 18 år och äldre (15 år och äldre t.o.m. 2006);1;12140;Indelat efter ålder;Brott mot brottsbalken, 3-7 kap. Brott mot person, 3 kap. Brott mot liv och hälsa, Misshandel inkl. grov (5, 6 §), Indelat efter ålder, Mot man 18 år och äldre (15 år och äldre t.o.m. 2006)
12557;Utomhus;2;12140;Indelat efter ålder;Brott mot brottsbalken, 3-7 kap. Brott mot person, 3 kap. Brott mot liv och hälsa, Misshandel inkl. grov (5, 6 §), Indelat efter ålder, Mot man 18 år och äldre (15 år och äldre t.o.m. 2006), Utomhus
12575;Obekant med offret;3;12140;Indelat efter ålder;Brott mot brottsbalken, 3-7 kap. Brott mot person, 3 kap. Brott mot liv och hälsa, Misshandel inkl. grov (5, 6 §), Indelat efter ålder, Mot man 18 år och äldre (15 år och äldre t.o.m. 2006), Utomhus, Obekant med offret
12590;Bekant med offret;3;12140;Indelat efter ålder;Brott mot brottsbalken, 3-7 kap. Brott mot person, 3 kap. Brott mot liv och hälsa, Misshandel inkl. grov (5, 6 §), Indelat efter ålder, Mot man 18 år och äldre (15 år och äldre t.o.m. 2006), Utomhus, Bekant med offret
5041;Närstående genom parrelation (uppgift saknas);4;12140;Indelat efter ålder;Brott mot brottsbalken, 3-7 kap. Brott mot person, 3 kap. Brott mot liv och hälsa, Misshandel inkl. grov (5, 6 §), Indelat efter ålder, Mot man 18 år och äldre (15 år och äldre t.o.m. 2006), Utomhus, Bekant med offret, Närstående genom parrelation (uppgift saknas)
13930;Närstående genom släktskap/familj (uppgift saknas);4;12140;Indelat efter ålder;Brott mot brottsbalken, 3-7 kap. Brott mot person, 3 kap. Brott mot liv och hälsa, Misshandel inkl. grov (5, 6 §), Indelat efter ålder, Mot man 18 år och äldre (15 år och äldre t.o.m. 2006), Utomhus, Bekant med offret, Närstående genom släktskap/familj (uppgift saknas)
5040;Annan slags relation (uppgift saknas);4;12140;Indelat efter ålder;Brott mot brottsbalken, 3-7 kap. Brott mot person, 3 kap. Brott mot liv och hälsa, Misshandel inkl. grov (5, 6 §), Indelat efter ålder, Mot man 18 år och äldre (15 år och äldre t.o.m. 2006), Utomhus, Bekant med offret, Annan slags relation (uppgift saknas)
12564;Inomhus;2;12140;Indelat efter ålder;Brott mot brottsbalken, 3-7 kap. Brott mot person, 3 kap. Brott mot liv och hälsa, Misshandel inkl. grov (5, 6 §), Indelat efter ålder, Mot man 18 år och äldre (15 år och äldre t.o.m. 2006), Inomhus
12576;Obekant med offret;3;12140;Indelat efter ålder;Brott mot brottsbalken, 3-7 kap. Brott mot person, 3 kap. Brott mot liv och hälsa, Misshandel inkl. grov (5, 6 §), Indelat efter ålder, Mot man 18 år och äldre (15 år och äldre t.o.m. 2006), Inomhus, Obekant med offret
12591;Bekant med offret;3;12140;Indelat efter ålder;Brott mot brottsbalken, 3-7 kap. Brott mot person, 3 kap. Brott mot liv och hälsa, Misshandel inkl. grov (5, 6 §), Indelat efter ålder, Mot man 18 år och äldre (15 år och äldre t.o.m. 2006), Inomhus, Bekant med offret
12621;Närstående genom parrelation (uppgift saknas);4;12140;Indelat efter ålder;Brott mot brottsbalken, 3-7 kap. Brott mot person, 3 kap. Brott mot liv och hälsa, Misshandel inkl. grov (5, 6 §), Indelat efter ålder, Mot man 18 år och äldre (15 år och äldre t.o.m. 2006), Inomhus, Bekant med offret, Närstående genom parrelation (uppgift saknas)
13932;Närstående genom släktskap/familj (uppgift saknas);4;12140;Indelat efter ålder;Brott mot brottsbalken, 3-7 kap. Brott mot person, 3 kap. Brott mot liv och hälsa, Misshandel inkl. grov (5, 6 §), Indelat efter ålder, Mot man 18 år och äldre (15 år och äldre t.o.m. 2006), Inomhus, Bekant med offret, Närstående genom släktskap/familj (uppgift saknas)
12622;Annan slags relation (uppgift saknas);4;12140;Indelat efter ålder;Brott mot brottsbalken, 3-7 kap. Brott mot person, 3 kap. Brott mot liv och hälsa, Misshandel inkl. grov (5, 6 §), Indelat efter ålder, Mot man 18 år och äldre (15 år och äldre t.o.m. 2006), Inomhus, Bekant med offret, Annan slags relation (uppgift saknas)
12551;Mot kvinna 15 år och äldre;1;12140;Indelat efter ålder;Brott mot brottsbalken, 3-7 kap. Brott mot person, 3 kap. Brott mot liv och hälsa, Misshandel inkl. grov (5, 6 §), Indelat efter ålder, Mot kvinna 15 år och äldre
12558;Utomhus;2;12140;Indelat efter ålder;Brott mot brottsbalken, 3-7 kap. Brott mot person, 3 kap. Brott mot liv och hälsa, Misshandel inkl. grov (5, 6 §), Indelat efter ålder, Mot kvinna 15 år och äldre, Utomhus
12577;Obekant med offret;3;12140;Indelat efter ålder;Brott mot brottsbalken, 3-7 kap. Brott mot person, 3 kap. Brott mot liv och hälsa, Misshandel inkl. grov (5, 6 §), Indelat efter ålder, Mot kvinna 15 år och äldre, Utomhus, Obekant med offret
12592;Bekant med offret;3;12140;Indelat efter ålder;Brott mot brottsbalken, 3-7 kap. Brott mot person, 3 kap. Brott mot liv och hälsa, Misshandel inkl. grov (5, 6 §), Indelat efter ålder, Mot kvinna 15 år och äldre, Utomhus, Bekant med offret
12565;Inomhus;2;12140;Indelat efter ålder;Brott mot brottsbalken, 3-7 kap. Brott mot person, 3 kap. Brott mot liv och hälsa, Misshandel inkl. grov (5, 6 §), Indelat efter ålder, Mot kvinna 15 år och äldre, Inomhus
12578;Obekant med offret;3;12140;Indelat efter ålder;Brott mot brottsbalken, 3-7 kap. Brott mot person, 3 kap. Brott mot liv och hälsa, Misshandel inkl. grov (5, 6 §), Indelat efter ålder, Mot kvinna 15 år och äldre, Inomhus, Obekant med offret
12593;Bekant med offret;3;12140;Indelat efter ålder;Brott mot brottsbalken, 3-7 kap. Brott mot person, 3 kap. Brott mot liv och hälsa, Misshandel inkl. grov (5, 6 §), Indelat efter ålder, Mot kvinna 15 år och äldre, Inomhus, Bekant med offret
12552;Mot man 15 år och äldre;1;12140;Indelat efter ålder;Brott mot brottsbalken, 3-7 kap. Brott mot person, 3 kap. Brott mot liv och hälsa, Misshandel inkl. grov (5, 6 §), Indelat efter ålder, Mot man 15 år och äldre
12559;Utomhus;2;12140;Indelat efter ålder;Brott mot brottsbalken, 3-7 kap. Brott mot person, 3 kap. Brott mot liv och hälsa, Misshandel inkl. grov (5, 6 §), Indelat efter ålder, Mot man 15 år och äldre , Utomhus
12579;Obekant med offret;3;12140;Indelat efter ålder;Brott mot brottsbalken, 3-7 kap. Brott mot person, 3 kap. Brott mot liv och hälsa, Misshandel inkl. grov (5, 6 §), Indelat efter ålder, Mot man 15 år och äldre , Utomhus, Obekant med offret
12594;Bekant med offret;3;12140;Indelat efter ålder;Brott mot brottsbalken, 3-7 kap. Brott mot person, 3 kap. Brott mot liv och hälsa, Misshandel inkl. grov (5, 6 §), Indelat efter ålder, Mot man 15 år och äldre , Utomhus, Bekant med offret
12566;Inomhus;2;12140;Indelat efter ålder;Brott mot brottsbalken, 3-7 kap. Brott mot person, 3 kap. Brott mot liv och hälsa, Misshandel inkl. grov (5, 6 §), Indelat efter ålder, Mot man 15 år och äldre , Inomhus
12580;Obekant med offret;3;12140;Indelat efter ålder;Brott mot brottsbalken, 3-7 kap. Brott mot person, 3 kap. Brott mot liv och hälsa, Misshandel inkl. grov (5, 6 §), Indelat efter ålder, Mot man 15 år och äldre , Inomhus, Obekant med offret
12595;Bekant med offret;3;12140;Indelat efter ålder;Brott mot brottsbalken, 3-7 kap. Brott mot person, 3 kap. Brott mot liv och hälsa, Misshandel inkl. grov (5, 6 §), Indelat efter ålder, Mot man 15 år och äldre , Inomhus, Bekant med offret
12141;Indelat efter kön (ej mot barn under 15 år t.o.m. 2007);0;12141;Indelat efter kön (ej mot barn under 15 år t.o.m. 2007);Brott mot brottsbalken, 3-7 kap. Brott mot person, 3 kap. Brott mot liv och hälsa, Misshandel inkl. grov (5, 6 §), Indelat efter kön (ej mot barn under 15 år t.o.m. 2007)
12141;Indelat efter kön (ej mot barn under 15 år t.o.m. 2007);1;11130;Misshandel inkl. grov (5, 6 §);Brott mot brottsbalken, 3-7 kap. Brott mot person, 3 kap. Brott mot liv och hälsa, Misshandel inkl. grov (5, 6 §), Indelat efter kön (ej mot barn under 15 år t.o.m. 2007)
12255;Mot flickor och kvinnor (ej mot barn under 15 år t.o.m. 2007);1;12141;Indelat efter kön (ej mot barn under 15 år t.o.m. 2007);Brott mot brottsbalken, 3-7 kap. Brott mot person, 3 kap. Brott mot liv och hälsa, Misshandel inkl. grov (5, 6 §), Indelat efter kön (ej mot barn under 15 år t.o.m. 2007), Mot flickor och kvinnor (ej mot barn under 15 år t.o.m. 2007)
12625;Utomhus;2;12141;Indelat efter kön (ej mot barn under 15 år t.o.m. 2007);Brott mot brottsbalken, 3-7 kap. Brott mot person, 3 kap. Brott mot liv och hälsa, Misshandel inkl. grov (5, 6 §), Indelat efter kön (ej mot barn under 15 år t.o.m. 2007), Mot flickor och kvinnor (ej mot barn under 15 år t.o.m. 2007), Utomhus
12629;Obekant med offret;3;12141;Indelat efter kön (ej mot barn under 15 år t.o.m. 2007);Brott mot brottsbalken, 3-7 kap. Brott mot person, 3 kap. Brott mot liv och hälsa, Misshandel inkl. grov (5, 6 §), Indelat efter kön (ej mot barn under 15 år t.o.m. 2007), Mot flickor och kvinnor (ej mot barn under 15 år t.o.m. 2007), Utomhus, Obekant med offret
12637;Mot flicka 0-6 år;4;12141;Indelat efter kön (ej mot barn under 15 år t.o.m. 2007);Brott mot brottsbalken, 3-7 kap. Brott mot person, 3 kap. Brott mot liv och hälsa, Misshandel inkl. grov (5, 6 §), Indelat efter kön (ej mot barn under 15 år t.o.m. 2007), Mot flickor och kvinnor (ej mot barn under 15 år t.o.m. 2007), Utomhus, Obekant med offret, Mot flicka 0-6 år
12646;Mot flicka 7-14 år;4;12141;Indelat efter kön (ej mot barn under 15 år t.o.m. 2007);Brott mot brottsbalken, 3-7 kap. Brott mot person, 3 kap. Brott mot liv och hälsa, Misshandel inkl. grov (5, 6 §), Indelat efter kön (ej mot barn under 15 år t.o.m. 2007), Mot flickor och kvinnor (ej mot barn under 15 år t.o.m. 2007), Utomhus, Obekant med offret, Mot flicka 7-14 år
12654;Mot flicka 15-17 år;4;12141;Indelat efter kön (ej mot barn under 15 år t.o.m. 2007);Brott mot brottsbalken, 3-7 kap. Brott mot person, 3 kap. Brott mot liv och hälsa, Misshandel inkl. grov (5, 6 §), Indelat efter kön (ej mot barn under 15 år t.o.m. 2007), Mot flickor och kvinnor (ej mot barn under 15 år t.o.m. 2007), Utomhus, Obekant med offret, Mot flicka 15-17 år
12660;Mot kvinna 18 år och äldre (15 år och äldre t.o.m. 2006);4;12141;Indelat efter kön (ej mot barn under 15 år t.o.m. 2007);Brott mot brottsbalken, 3-7 kap. Brott mot person, 3 kap. Brott mot liv och hälsa, Misshandel inkl. grov (5, 6 §), Indelat efter kön (ej mot barn under 15 år t.o.m. 2007), Mot flickor och kvinnor (ej mot barn under 15 år t.o.m. 2007), Utomhus, Obekant med offret, Mot kvinna 18 år och äldre (15 år och äldre t.o.m. 2006)
12670;Mot kvinna 15 år och äldre;4;12141;Indelat efter kön (ej mot barn under 15 år t.o.m. 2007);Brott mot brottsbalken, 3-7 kap. Brott mot person, 3 kap. Brott mot liv och hälsa, Misshandel inkl. grov (5, 6 §), Indelat efter kön (ej mot barn under 15 år t.o.m. 2007), Mot flickor och kvinnor (ej mot barn under 15 år t.o.m. 2007), Utomhus, Obekant med offret, Mot kvinna 15 år och äldre
12633;Bekant med offret;3;12141;Indelat efter kön (ej mot barn under 15 år t.o.m. 2007);Brott mot brottsbalken, 3-7 kap. Brott mot person, 3 kap. Brott mot liv och hälsa, Misshandel inkl. grov (5, 6 §), Indelat efter kön (ej mot barn under 15 år t.o.m. 2007), Mot flickor och kvinnor (ej mot barn under 15 år t.o.m. 2007), Utomhus, Bekant med offret
12638;Mot flicka 0-6 år;4;12141;Indelat efter kön (ej mot barn under 15 år t.o.m. 2007);Brott mot brottsbalken, 3-7 kap. Brott mot person, 3 kap. Brott mot liv och hälsa, Misshandel inkl. grov (5, 6 §), Indelat efter kön (ej mot barn under 15 år t.o.m. 2007), Mot flickor och kvinnor (ej mot barn under 15 år t.o.m. 2007), Utomhus, Bekant med offret, Mot flicka 0-6 år
12647;Mot flicka 7-14 år;4;12141;Indelat efter kön (ej mot barn under 15 år t.o.m. 2007);Brott mot brottsbalken, 3-7 kap. Brott mot person, 3 kap. Brott mot liv och hälsa, Misshandel inkl. grov (5, 6 §), Indelat efter kön (ej mot barn under 15 år t.o.m. 2007), Mot flickor och kvinnor (ej mot barn under 15 år t.o.m. 2007), Utomhus, Bekant med offret, Mot flicka 7-14 år
12655;Mot flicka 15-17 år;4;12141;Indelat efter kön (ej mot barn under 15 år t.o.m. 2007);Brott mot brottsbalken, 3-7 kap. Brott mot person, 3 kap. Brott mot liv och hälsa, Misshandel inkl. grov (5, 6 §), Indelat efter kön (ej mot barn under 15 år t.o.m. 2007), Mot flickor och kvinnor (ej mot barn under 15 år t.o.m. 2007), Utomhus, Bekant med offret, Mot flicka 15-17 år
12661;Mot kvinna 18 år och äldre (15 år och äldre t.o.m. 2006);4;12141;Indelat efter kön (ej mot barn under 15 år t.o.m. 2007);Brott mot brottsbalken, 3-7 kap. Brott mot person, 3 kap. Brott mot liv och hälsa, Misshandel inkl. grov (5, 6 §), Indelat efter kön (ej mot barn under 15 år t.o.m. 2007), Mot flickor och kvinnor (ej mot barn under 15 år t.o.m. 2007), Utomhus, Bekant med offret, Mot kvinna 18 år och äldre (15 år och äldre t.o.m. 2006)
5042;Närstående genom parrelation (uppgift saknas);5;12141;Indelat efter kön (ej mot barn under 15 år t.o.m. 2007);Brott mot brottsbalken, 3-7 kap. Brott mot person, 3 kap. Brott mot liv och hälsa, Misshandel inkl. grov (5, 6 §), Indelat efter kön (ej mot barn under 15 år t.o.m. 2007), Mot flickor och kvinnor (ej mot barn under 15 år t.o.m. 2007), Utomhus, Bekant med offret, Mot kvinna 18 år och äldre (15 år och äldre t.o.m. 2006), Närstående genom parrelation (uppgift saknas)
13933;Närstående genom släktskap/familj (uppgift saknas);5;12141;Indelat efter kön (ej mot barn under 15 år t.o.m. 2007);Brott mot brottsbalken, 3-7 kap. Brott mot person, 3 kap. Brott mot liv och hälsa, Misshandel inkl. grov (5, 6 §), Indelat efter kön (ej mot barn under 15 år t.o.m. 2007), Mot flickor och kvinnor (ej mot barn under 15 år t.o.m. 2007), Utomhus, Bekant med offret, Mot kvinna 18 år och äldre (15 år och äldre t.o.m. 2006), Närstående genom släktskap/familj (uppgift saknas)
5043;Annan slags relation (uppgift saknas);5;12141;Indelat efter kön (ej mot barn under 15 år t.o.m. 2007);Brott mot brottsbalken, 3-7 kap. Brott mot person, 3 kap. Brott mot liv och hälsa, Misshandel inkl. grov (5, 6 §), Indelat efter kön (ej mot barn under 15 år t.o.m. 2007), Mot flickor och kvinnor (ej mot barn under 15 år t.o.m. 2007), Utomhus, Bekant med offret, Mot kvinna 18 år och äldre (15 år och äldre t.o.m. 2006), Annan slags relation (uppgift saknas)
12671;Mot kvinna 15 år och äldre;4;12141;Indelat efter kön (ej mot barn under 15 år t.o.m. 2007);Brott mot brottsbalken, 3-7 kap. Brott mot person, 3 kap. Brott mot liv och hälsa, Misshandel inkl. grov (5, 6 §), Indelat efter kön (ej mot barn under 15 år t.o.m. 2007), Mot flickor och kvinnor (ej mot barn under 15 år t.o.m. 2007), Utomhus, Bekant med offret, Mot kvinna 15 år och äldre
12626;Inomhus;2;12141;Indelat efter kön (ej mot barn under 15 år t.o.m. 2007);Brott mot brottsbalken, 3-7 kap. Brott mot person, 3 kap. Brott mot liv och hälsa, Misshandel inkl. grov (5, 6 §), Indelat efter kön (ej mot barn under 15 år t.o.m. 2007), Mot flickor och kvinnor (ej mot barn under 15 år t.o.m. 2007), Inomhus
12630;Obekant med offret;3;12141;Indelat efter kön (ej mot barn under 15 år t.o.m. 2007);Brott mot brottsbalken, 3-7 kap. Brott mot person, 3 kap. Brott mot liv och hälsa, Misshandel inkl. grov (5, 6 §), Indelat efter kön (ej mot barn under 15 år t.o.m. 2007), Mot flickor och kvinnor (ej mot barn under 15 år t.o.m. 2007), Inomhus, Obekant med offret
12639;Mot flicka 0-6 år;4;12141;Indelat efter kön (ej mot barn under 15 år t.o.m. 2007);Brott mot brottsbalken, 3-7 kap. Brott mot person, 3 kap. Brott mot liv och hälsa, Misshandel inkl. grov (5, 6 §), Indelat efter kön (ej mot barn under 15 år t.o.m. 2007), Mot flickor och kvinnor (ej mot barn under 15 år t.o.m. 2007), Inomhus, Obekant med offret, Mot flicka 0-6 år
12648;Mot flicka 7-14 år;4;12141;Indelat efter kön (ej mot barn under 15 år t.o.m. 2007);Brott mot brottsbalken, 3-7 kap. Brott mot person, 3 kap. Brott mot liv och hälsa, Misshandel inkl. grov (5, 6 §), Indelat efter kön (ej mot barn under 15 år t.o.m. 2007), Mot flickor och kvinnor (ej mot barn under 15 år t.o.m. 2007), Inomhus, Obekant med offret, Mot flicka 7-14 år
12656;Mot flicka 15-17 år;4;12141;Indelat efter kön (ej mot barn under 15 år t.o.m. 2007);Brott mot brottsbalken, 3-7 kap. Brott mot person, 3 kap. Brott mot liv och hälsa, Misshandel inkl. grov (5, 6 §), Indelat efter kön (ej mot barn under 15 år t.o.m. 2007), Mot flickor och kvinnor (ej mot barn under 15 år t.o.m. 2007), Inomhus, Obekant med offret, Mot flicka 15-17 år
12662;Mot kvinna 18 år och äldre (15 år och äldre t.o.m. 2006);4;12141;Indelat efter kön (ej mot barn under 15 år t.o.m. 2007);Brott mot brottsbalken, 3-7 kap. Brott mot person, 3 kap. Brott mot liv och hälsa, Misshandel inkl. grov (5, 6 §), Indelat efter kön (ej mot barn under 15 år t.o.m. 2007), Mot flickor och kvinnor (ej mot barn under 15 år t.o.m. 2007), Inomhus, Obekant med offret, Mot kvinna 18 år och äldre (15 år och äldre t.o.m. 2006)
12672;Mot kvinna 15 år och äldre;4;12141;Indelat efter kön (ej mot barn under 15 år t.o.m. 2007);Brott mot brottsbalken, 3-7 kap. Brott mot person, 3 kap. Brott mot liv och hälsa, Misshandel inkl. grov (5, 6 §), Indelat efter kön (ej mot barn under 15 år t.o.m. 2007), Mot flickor och kvinnor (ej mot barn under 15 år t.o.m. 2007), Inomhus, Obekant med offret, Mot kvinna 15 år och äldre
12634;Bekant med offret;3;12141;Indelat efter kön (ej mot barn under 15 år t.o.m. 2007);Brott mot brottsbalken, 3-7 kap. Brott mot person, 3 kap. Brott mot liv och hälsa, Misshandel inkl. grov (5, 6 §), Indelat efter kön (ej mot barn under 15 år t.o.m. 2007), Mot flickor och kvinnor (ej mot barn under 15 år t.o.m. 2007), Inomhus, Bekant med offret
12640;Mot flicka 0-6 år;4;12141;Indelat efter kön (ej mot barn under 15 år t.o.m. 2007);Brott mot brottsbalken, 3-7 kap. Brott mot person, 3 kap. Brott mot liv och hälsa, Misshandel inkl. grov (5, 6 §), Indelat efter kön (ej mot barn under 15 år t.o.m. 2007), Mot flickor och kvinnor (ej mot barn under 15 år t.o.m. 2007), Inomhus, Bekant med offret, Mot flicka 0-6 år
12649;Mot flicka 7-14 år;4;12141;Indelat efter kön (ej mot barn under 15 år t.o.m. 2007);Brott mot brottsbalken, 3-7 kap. Brott mot person, 3 kap. Brott mot liv och hälsa, Misshandel inkl. grov (5, 6 §), Indelat efter kön (ej mot barn under 15 år t.o.m. 2007), Mot flickor och kvinnor (ej mot barn under 15 år t.o.m. 2007), Inomhus, Bekant med offret, Mot flicka 7-14 år
12657;Mot flicka 15-17 år;4;12141;Indelat efter kön (ej mot barn under 15 år t.o.m. 2007);Brott mot brottsbalken, 3-7 kap. Brott mot person, 3 kap. Brott mot liv och hälsa, Misshandel inkl. grov (5, 6 §), Indelat efter kön (ej mot barn under 15 år t.o.m. 2007), Mot flickor och kvinnor (ej mot barn under 15 år t.o.m. 2007), Inomhus, Bekant med offret, Mot flicka 15-17 år
12663;Mot kvinna 18 år och äldre (15 år och äldre t.o.m. 2006);4;12141;Indelat efter kön (ej mot barn under 15 år t.o.m. 2007);Brott mot brottsbalken, 3-7 kap. Brott mot person, 3 kap. Brott mot liv och hälsa, Misshandel inkl. grov (5, 6 §), Indelat efter kön (ej mot barn under 15 år t.o.m. 2007), Mot flickor och kvinnor (ej mot barn under 15 år t.o.m. 2007), Inomhus, Bekant med offret, Mot kvinna 18 år och äldre (15 år och äldre t.o.m. 2006)
12678;Närstående genom parrelation (uppgift saknas);5;12141;Indelat efter kön (ej mot barn under 15 år t.o.m. 2007);Brott mot brottsbalken, 3-7 kap. Brott mot person, 3 kap. Brott mot liv och hälsa, Misshandel inkl. grov (5, 6 §), Indelat efter kön (ej mot barn under 15 år t.o.m. 2007), Mot flickor och kvinnor (ej mot barn under 15 år t.o.m. 2007), Inomhus, Bekant med offret, Mot kvinna 18 år och äldre (15 år och äldre t.o.m. 2006), Närstående genom parrelation (uppgift saknas)
13935;Närstående genom släktskap/familj (uppgift saknas);5;12141;Indelat efter kön (ej mot barn under 15 år t.o.m. 2007);Brott mot brottsbalken, 3-7 kap. Brott mot person, 3 kap. Brott mot liv och hälsa, Misshandel inkl. grov (5, 6 §), Indelat efter kön (ej mot barn under 15 år t.o.m. 2007), Mot flickor och kvinnor (ej mot barn under 15 år t.o.m. 2007), Inomhus, Bekant med offret, Mot kvinna 18 år och äldre (15 år och äldre t.o.m. 2006), Närstående genom släktskap/familj (uppgift saknas)
12679;Annan slags relation (uppgift saknas);5;12141;Indelat efter kön (ej mot barn under 15 år t.o.m. 2007);Brott mot brottsbalken, 3-7 kap. Brott mot person, 3 kap. Brott mot liv och hälsa, Misshandel inkl. grov (5, 6 §), Indelat efter kön (ej mot barn under 15 år t.o.m. 2007), Mot flickor och kvinnor (ej mot barn under 15 år t.o.m. 2007), Inomhus, Bekant med offret, Mot kvinna 18 år och äldre (15 år och äldre t.o.m. 2006), Annan slags relation (uppgift saknas)
12673;Mot kvinna 15 år och äldre;4;12141;Indelat efter kön (ej mot barn under 15 år t.o.m. 2007);Brott mot brottsbalken, 3-7 kap. Brott mot person, 3 kap. Brott mot liv och hälsa, Misshandel inkl. grov (5, 6 §), Indelat efter kön (ej mot barn under 15 år t.o.m. 2007), Mot flickor och kvinnor (ej mot barn under 15 år t.o.m. 2007), Inomhus, Bekant med offret, Mot kvinna 15 år och äldre
12256;Mot pojkar och män (ej mot barn under 15 år t.o.m. 2007);1;12141;Indelat efter kön (ej mot barn under 15 år t.o.m. 2007);Brott mot brottsbalken, 3-7 kap. Brott mot person, 3 kap. Brott mot liv och hälsa, Misshandel inkl. grov (5, 6 §), Indelat efter kön (ej mot barn under 15 år t.o.m. 2007), Mot pojkar och män (ej mot barn under 15 år t.o.m. 2007)
12627;Utomhus;2;12141;Indelat efter kön (ej mot barn under 15 år t.o.m. 2007);Brott mot brottsbalken, 3-7 kap. Brott mot person, 3 kap. Brott mot liv och hälsa, Misshandel inkl. grov (5, 6 §), Indelat efter kön (ej mot barn under 15 år t.o.m. 2007), Mot pojkar och män (ej mot barn under 15 år t.o.m. 2007), Utomhus
12631;Obekant med offret;3;12141;Indelat efter kön (ej mot barn under 15 år t.o.m. 2007);Brott mot brottsbalken, 3-7 kap. Brott mot person, 3 kap. Brott mot liv och hälsa, Misshandel inkl. grov (5, 6 §), Indelat efter kön (ej mot barn under 15 år t.o.m. 2007), Mot pojkar och män (ej mot barn under 15 år t.o.m. 2007), Utomhus, Obekant med offret
12641;Mot pojke 0-6 år;4;12141;Indelat efter kön (ej mot barn under 15 år t.o.m. 2007);Brott mot brottsbalken, 3-7 kap. Brott mot person, 3 kap. Brott mot liv och hälsa, Misshandel inkl. grov (5, 6 §), Indelat efter kön (ej mot barn under 15 år t.o.m. 2007), Mot pojkar och män (ej mot barn under 15 år t.o.m. 2007), Utomhus, Obekant med offret, Mot pojke 0-6 år
12650;Mot pojke 7-14 år;4;12141;Indelat efter kön (ej mot barn under 15 år t.o.m. 2007);Brott mot brottsbalken, 3-7 kap. Brott mot person, 3 kap. Brott mot liv och hälsa, Misshandel inkl. grov (5, 6 §), Indelat efter kön (ej mot barn under 15 år t.o.m. 2007), Mot pojkar och män (ej mot barn under 15 år t.o.m. 2007), Utomhus, Obekant med offret, Mot pojke 7-14 år
12658;Mot pojke 15-17 år;4;12141;Indelat efter kön (ej mot barn under 15 år t.o.m. 2007);Brott mot brottsbalken, 3-7 kap. Brott mot person, 3 kap. Brott mot liv och hälsa, Misshandel inkl. grov (5, 6 §), Indelat efter kön (ej mot barn under 15 år t.o.m. 2007), Mot pojkar och män (ej mot barn under 15 år t.o.m. 2007), Utomhus, Obekant med offret, Mot pojke 15-17 år
12664;Mot man 18 år och äldre (15 år och äldre t.o.m. 2006);4;12141;Indelat efter kön (ej mot barn under 15 år t.o.m. 2007);Brott mot brottsbalken, 3-7 kap. Brott mot person, 3 kap. Brott mot liv och hälsa, Misshandel inkl. grov (5, 6 §), Indelat efter kön (ej mot barn under 15 år t.o.m. 2007), Mot pojkar och män (ej mot barn under 15 år t.o.m. 2007), Utomhus, Obekant med offret, Mot man 18 år och äldre (15 år och äldre t.o.m. 2006)
12674;Mot man 15 år och äldre;4;12141;Indelat efter kön (ej mot barn under 15 år t.o.m. 2007);Brott mot brottsbalken, 3-7 kap. Brott mot person, 3 kap. Brott mot liv och hälsa, Misshandel inkl. grov (5, 6 §), Indelat efter kön (ej mot barn under 15 år t.o.m. 2007), Mot pojkar och män (ej mot barn under 15 år t.o.m. 2007), Utomhus, Obekant med offret, Mot man 15 år och äldre
12635;Bekant med offret;3;12141;Indelat efter kön (ej mot barn under 15 år t.o.m. 2007);Brott mot brottsbalken, 3-7 kap. Brott mot person, 3 kap. Brott mot liv och hälsa, Misshandel inkl. grov (5, 6 §), Indelat efter kön (ej mot barn under 15 år t.o.m. 2007), Mot pojkar och män (ej mot barn under 15 år t.o.m. 2007), Utomhus, Bekant med offret
12642;Mot pojke 0-6 år;4;12141;Indelat efter kön (ej mot barn under 15 år t.o.m. 2007);Brott mot brottsbalken, 3-7 kap. Brott mot person, 3 kap. Brott mot liv och hälsa, Misshandel inkl. grov (5, 6 §), Indelat efter kön (ej mot barn under 15 år t.o.m. 2007), Mot pojkar och män (ej mot barn under 15 år t.o.m. 2007), Utomhus, Bekant med offret, Mot pojke 0-6 år
12651;Mot pojke 7-14 år;4;12141;Indelat efter kön (ej mot barn under 15 år t.o.m. 2007);Brott mot brottsbalken, 3-7 kap. Brott mot person, 3 kap. Brott mot liv och hälsa, Misshandel inkl. grov (5, 6 §), Indelat efter kön (ej mot barn under 15 år t.o.m. 2007), Mot pojkar och män (ej mot barn under 15 år t.o.m. 2007), Utomhus, Bekant med offret, Mot pojke 7-14 år
12659;Mot pojke 15-17 år;4;12141;Indelat efter kön (ej mot barn under 15 år t.o.m. 2007);Brott mot brottsbalken, 3-7 kap. Brott mot person, 3 kap. Brott mot liv och hälsa, Misshandel inkl. grov (5, 6 §), Indelat efter kön (ej mot barn under 15 år t.o.m. 2007), Mot pojkar och män (ej mot barn under 15 år t.o.m. 2007), Utomhus, Bekant med offret, Mot pojke 15-17 år
12665;Mot man 18 år och äldre (15 år och äldre t.o.m. 2006);4;12141;Indelat efter kön (ej mot barn under 15 år t.o.m. 2007);Brott mot brottsbalken, 3-7 kap. Brott mot person, 3 kap. Brott mot liv och hälsa, Misshandel inkl. grov (5, 6 §), Indelat efter kön (ej mot barn under 15 år t.o.m. 2007), Mot pojkar och män (ej mot barn under 15 år t.o.m. 2007), Utomhus, Bekant med offret, Mot man 18 år och äldre (15 år och äldre t.o.m. 2006)
5045;Närstående genom parrelation (uppgift saknas);5;12141;Indelat efter kön (ej mot barn under 15 år t.o.m. 2007);Brott mot brottsbalken, 3-7 kap. Brott mot person, 3 kap. Brott mot liv och hälsa, Misshandel inkl. grov (5, 6 §), Indelat efter kön (ej mot barn under 15 år t.o.m. 2007), Mot pojkar och män (ej mot barn under 15 år t.o.m. 2007), Utomhus, Bekant med offret, Mot man 18 år och äldre (15 år och äldre t.o.m. 2006), Närstående genom parrelation (uppgift saknas)
13934;Närstående genom släktskap/familj (uppgift saknas);5;12141;Indelat efter kön (ej mot barn under 15 år t.o.m. 2007);Brott mot brottsbalken, 3-7 kap. Brott mot person, 3 kap. Brott mot liv och hälsa, Misshandel inkl. grov (5, 6 §), Indelat efter kön (ej mot barn under 15 år t.o.m. 2007), Mot pojkar och män (ej mot barn under 15 år t.o.m. 2007), Utomhus, Bekant med offret, Mot man 18 år och äldre (15 år och äldre t.o.m. 2006), Närstående genom släktskap/familj (uppgift saknas)
5044;Annan slags relation (uppgift saknas);5;12141;Indelat efter kön (ej mot barn under 15 år t.o.m. 2007);Brott mot brottsbalken, 3-7 kap. Brott mot person, 3 kap. Brott mot liv och hälsa, Misshandel inkl. grov (5, 6 §), Indelat efter kön (ej mot barn under 15 år t.o.m. 2007), Mot pojkar och män (ej mot barn under 15 år t.o.m. 2007), Utomhus, Bekant med offret, Mot man 18 år och äldre (15 år och äldre t.o.m. 2006), Annan slags relation (uppgift saknas)
12675;Mot man 15 år och äldre;4;12141;Indelat efter kön (ej mot barn under 15 år t.o.m. 2007);Brott mot brottsbalken, 3-7 kap. Brott mot person, 3 kap. Brott mot liv och hälsa, Misshandel inkl. grov (5, 6 §), Indelat efter kön (ej mot barn under 15 år t.o.m. 2007), Mot pojkar och män (ej mot barn under 15 år t.o.m. 2007), Utomhus, Bekant med offret, Mot man 15 år och äldre
12628;Inomhus;2;12141;Indelat efter kön (ej mot barn under 15 år t.o.m. 2007);Brott mot brottsbalken, 3-7 kap. Brott mot person, 3 kap. Brott mot liv och hälsa, Misshandel inkl. grov (5, 6 §), Indelat efter kön (ej mot barn under 15 år t.o.m. 2007), Mot pojkar och män (ej mot barn under 15 år t.o.m. 2007), Inomhus
12632;Obekant med offret;3;12141;Indelat efter kön (ej mot barn under 15 år t.o.m. 2007);Brott mot brottsbalken, 3-7 kap. Brott mot person, 3 kap. Brott mot liv och hälsa, Misshandel inkl. grov (5, 6 §), Indelat efter kön (ej mot barn under 15 år t.o.m. 2007), Mot pojkar och män (ej mot barn under 15 år t.o.m. 2007), Inomhus, Obekant med offret
12643;Mot pojke 0-6 år;4;12141;Indelat efter kön (ej mot barn under 15 år t.o.m. 2007);Brott mot brottsbalken, 3-7 kap. Brott mot person, 3 kap. Brott mot liv och hälsa, Misshandel inkl. grov (5, 6 §), Indelat efter kön (ej mot barn under 15 år t.o.m. 2007), Mot pojkar och män (ej mot barn under 15 år t.o.m. 2007), Inomhus, Obekant med offret, Mot pojke 0-6 år
12652;Mot pojke 7-14 år;4;12141;Indelat efter kön (ej mot barn under 15 år t.o.m. 2007);Brott mot brottsbalken, 3-7 kap. Brott mot person, 3 kap. Brott mot liv och hälsa, Misshandel inkl. grov (5, 6 §), Indelat efter kön (ej mot barn under 15 år t.o.m. 2007), Mot pojkar och män (ej mot barn under 15 år t.o.m. 2007), Inomhus, Obekant med offret, Mot pojke 7-14 år
12668;Mot pojke 15-17 år;4;12141;Indelat efter kön (ej mot barn under 15 år t.o.m. 2007);Brott mot brottsbalken, 3-7 kap. Brott mot person, 3 kap. Brott mot liv och hälsa, Misshandel inkl. grov (5, 6 §), Indelat efter kön (ej mot barn under 15 år t.o.m. 2007), Mot pojkar och män (ej mot barn under 15 år t.o.m. 2007), Inomhus, Obekant med offret, Mot pojke 15-17 år
12666;Mot man 18 år och äldre (15 år och äldre t.o.m. 2006);4;12141;Indelat efter kön (ej mot barn under 15 år t.o.m. 2007);Brott mot brottsbalken, 3-7 kap. Brott mot person, 3 kap. Brott mot liv och hälsa, Misshandel inkl. grov (5, 6 §), Indelat efter kön (ej mot barn under 15 år t.o.m. 2007), Mot pojkar och män (ej mot barn under 15 år t.o.m. 2007), Inomhus, Obekant med offret, Mot man 18 år och äldre (15 år och äldre t.o.m. 2006)
12676;Mot man 15 år och äldre;4;12141;Indelat efter kön (ej mot barn under 15 år t.o.m. 2007);Brott mot brottsbalken, 3-7 kap. Brott mot person, 3 kap. Brott mot liv och hälsa, Misshandel inkl. grov (5, 6 §), Indelat efter kön (ej mot barn under 15 år t.o.m. 2007), Mot pojkar och män (ej mot barn under 15 år t.o.m. 2007), Inomhus, Obekant med offret, Mot man 15 år och äldre
12636;Bekant med offret;3;12141;Indelat efter kön (ej mot barn under 15 år t.o.m. 2007);Brott mot brottsbalken, 3-7 kap. Brott mot person, 3 kap. Brott mot liv och hälsa, Misshandel inkl. grov (5, 6 §), Indelat efter kön (ej mot barn under 15 år t.o.m. 2007), Mot pojkar och män (ej mot barn under 15 år t.o.m. 2007), Inomhus, Bekant med offret
12644;Mot pojke 0-6 år;4;12141;Indelat efter kön (ej mot barn under 15 år t.o.m. 2007);Brott mot brottsbalken, 3-7 kap. Brott mot person, 3 kap. Brott mot liv och hälsa, Misshandel inkl. grov (5, 6 §), Indelat efter kön (ej mot barn under 15 år t.o.m. 2007), Mot pojkar och män (ej mot barn under 15 år t.o.m. 2007), Inomhus, Bekant med offret, Mot pojke 0-6 år
12653;Mot pojke 7-14 år;4;12141;Indelat efter kön (ej mot barn under 15 år t.o.m. 2007);Brott mot brottsbalken, 3-7 kap. Brott mot person, 3 kap. Brott mot liv och hälsa, Misshandel inkl. grov (5, 6 §), Indelat efter kön (ej mot barn under 15 år t.o.m. 2007), Mot pojkar och män (ej mot barn under 15 år t.o.m. 2007), Inomhus, Bekant med offret, Mot pojke 7-14 år
12669;Mot pojke 15-17 år;4;12141;Indelat efter kön (ej mot barn under 15 år t.o.m. 2007);Brott mot brottsbalken, 3-7 kap. Brott mot person, 3 kap. Brott mot liv och hälsa, Misshandel inkl. grov (5, 6 §), Indelat efter kön (ej mot barn under 15 år t.o.m. 2007), Mot pojkar och män (ej mot barn under 15 år t.o.m. 2007), Inomhus, Bekant med offret, Mot pojke 15-17 år
12667;Mot man 18 år och äldre (15 år och äldre t.o.m. 2006);4;12141;Indelat efter kön (ej mot barn under 15 år t.o.m. 2007);Brott mot brottsbalken, 3-7 kap. Brott mot person, 3 kap. Brott mot liv och hälsa, Misshandel inkl. grov (5, 6 §), Indelat efter kön (ej mot barn under 15 år t.o.m. 2007), Mot pojkar och män (ej mot barn under 15 år t.o.m. 2007), Inomhus, Bekant med offret, Mot man 18 år och äldre (15 år och äldre t.o.m. 2006)
12680;Närstående genom parrelation (uppgift saknas);5;12141;Indelat efter kön (ej mot barn under 15 år t.o.m. 2007);Brott mot brottsbalken, 3-7 kap. Brott mot person, 3 kap. Brott mot liv och hälsa, Misshandel inkl. grov (5, 6 §), Indelat efter kön (ej mot barn under 15 år t.o.m. 2007), Mot pojkar och män (ej mot barn under 15 år t.o.m. 2007), Inomhus, Bekant med offret, Mot man 18 år och äldre (15 år och äldre t.o.m. 2006), Närstående genom parrelation (uppgift saknas)
13936;Närstående genom släktskap/familj (uppgift saknas);5;12141;Indelat efter kön (ej mot barn under 15 år t.o.m. 2007);Brott mot brottsbalken, 3-7 kap. Brott mot person, 3 kap. Brott mot liv och hälsa, Misshandel inkl. grov (5, 6 §), Indelat efter kön (ej mot barn under 15 år t.o.m. 2007), Mot pojkar och män (ej mot barn under 15 år t.o.m. 2007), Inomhus, Bekant med offret, Mot man 18 år och äldre (15 år och äldre t.o.m. 2006), Närstående genom släktskap/familj (uppgift saknas)
12681;Annan slags relation (uppgift saknas);5;12141;Indelat efter kön (ej mot barn under 15 år t.o.m. 2007);Brott mot brottsbalken, 3-7 kap. Brott mot person, 3 kap. Brott mot liv och hälsa, Misshandel inkl. grov (5, 6 §), Indelat efter kön (ej mot barn under 15 år t.o.m. 2007), Mot pojkar och män (ej mot barn under 15 år t.o.m. 2007), Inomhus, Bekant med offret, Mot man 18 år och äldre (15 år och äldre t.o.m. 2006), Annan slags relation (uppgift saknas)
12677;Mot man 15 år och äldre;4;12141;Indelat efter kön (ej mot barn under 15 år t.o.m. 2007);Brott mot brottsbalken, 3-7 kap. Brott mot person, 3 kap. Brott mot liv och hälsa, Misshandel inkl. grov (5, 6 §), Indelat efter kön (ej mot barn under 15 år t.o.m. 2007), Mot pojkar och män (ej mot barn under 15 år t.o.m. 2007), Inomhus, Bekant med offret, Mot man 15 år och äldre
11131;Vållande till annans död (7, 10 §);0;11131;Vållande till annans död (7, 10 §);Brott mot brottsbalken, 3-7 kap. Brott mot person, 3 kap. Brott mot liv och hälsa, Vållande till annans död (7, 10 §)
11131;Vållande till annans död (7, 10 §);1;11090;3 kap. Brott mot liv och hälsa;Brott mot brottsbalken, 3-7 kap. Brott mot person, 3 kap. Brott mot liv och hälsa, Vållande till annans död (7, 10 §)
11287;I samband med trafikolycka;1;11131;Vållande till annans död (7, 10 §);Brott mot brottsbalken, 3-7 kap. Brott mot person, 3 kap. Brott mot liv och hälsa, Vållande till annans död (7, 10 §), I samband med trafikolycka
11738;I samband med arbetsmiljöbrott eller arbetsolycka;1;11131;Vållande till annans död (7, 10 §);Brott mot brottsbalken, 3-7 kap. Brott mot person, 3 kap. Brott mot liv och hälsa, Vållande till annans död (7, 10 §), I samband med arbetsmiljöbrott eller arbetsolycka
11739;Övriga fall;1;11131;Vållande till annans död (7, 10 §);Brott mot brottsbalken, 3-7 kap. Brott mot person, 3 kap. Brott mot liv och hälsa, Vållande till annans död (7, 10 §), Övriga fall
11734;Vållande till kroppsskada/sjukdom, ej i samband med trafikolycka (8, 10 §);0;11734;Vållande till kroppsskada/sjukdom, ej i samband med trafikolycka (8, 10 §);Brott mot brottsbalken, 3-7 kap. Brott mot person, 3 kap. Brott mot liv och hälsa, Vållande till kroppsskada/sjukdom, ej i samband med trafikolycka (8, 10 §)
11734;Vållande till kroppsskada/sjukdom, ej i samband med trafikolycka (8, 10 §);1;11090;3 kap. Brott mot liv och hälsa;Brott mot brottsbalken, 3-7 kap. Brott mot person, 3 kap. Brott mot liv och hälsa, Vållande till kroppsskada/sjukdom, ej i samband med trafikolycka (8, 10 §)
11735;I samband med arbetsmiljöbrott eller arbetsolycka;1;11734;Vållande till kroppsskada/sjukdom, ej i samband med trafikolycka (8, 10 §);Brott mot brottsbalken, 3-7 kap. Brott mot person, 3 kap. Brott mot liv och hälsa, Vållande till kroppsskada/sjukdom, ej i samband med trafikolycka (8, 10 §), I samband med arbetsmiljöbrott eller arbetsolycka
11736;Övriga fall;1;11734;Vållande till kroppsskada/sjukdom, ej i samband med trafikolycka (8, 10 §);Brott mot brottsbalken, 3-7 kap. Brott mot person, 3 kap. Brott mot liv och hälsa, Vållande till kroppsskada/sjukdom, ej i samband med trafikolycka (8, 10 §), Övriga fall
11740;Framkallande av fara för annan (9, 10 §);0;11740;Framkallande av fara för annan (9, 10 §);Brott mot brottsbalken, 3-7 kap. Brott mot person, 3 kap. Brott mot liv och hälsa, Framkallande av fara för annan (9, 10 §)
11740;Framkallande av fara för annan (9, 10 §);1;11090;3 kap. Brott mot liv och hälsa;Brott mot brottsbalken, 3-7 kap. Brott mot person, 3 kap. Brott mot liv och hälsa, Framkallande av fara för annan (9, 10 §)
11741;Fara som framkallats för arbetstagare i samband med arbetsmiljöbrott eller arbetsolycka;1;11740;Framkallande av fara för annan (9, 10 §);Brott mot brottsbalken, 3-7 kap. Brott mot person, 3 kap. Brott mot liv och hälsa, Framkallande av fara för annan (9, 10 §), Fara som framkallats för arbetstagare i samband med arbetsmiljöbrott eller arbetsolycka
11742;Övriga fall;1;11740;Framkallande av fara för annan (9, 10 §);Brott mot brottsbalken, 3-7 kap. Brott mot person, 3 kap. Brott mot liv och hälsa, Framkallande av fara för annan (9, 10 §), Övriga fall
11091;4 kap. Brott mot frihet och frid;0;11091;4 kap. Brott mot frihet och frid;Brott mot brottsbalken, 3-7 kap. Brott mot person, 4 kap. Brott mot frihet och frid
11091;4 kap. Brott mot frihet och frid;1;11086;3-7 kap. Brott mot person;Brott mot brottsbalken, 3-7 kap. Brott mot person, 4 kap. Brott mot frihet och frid
11297;Människorov, olaga frihetsberövande (1-2 §);1;11091;4 kap. Brott mot frihet och frid;Brott mot brottsbalken, 3-7 kap. Brott mot person, 4 kap. Brott mot frihet och frid, Människorov, olaga frihetsberövande (1-2 §)
14227;Människorov (1 §);2;11091;4 kap. Brott mot frihet och frid;Brott mot brottsbalken, 3-7 kap. Brott mot person, 4 kap. Brott mot frihet och frid, Människorov, olaga frihetsberövande (1-2 §), Människorov (1 §)
14293;Olaga frihetsberövande (2§) (fr o m 2020);2;11091;4 kap. Brott mot frihet och frid;Brott mot brottsbalken, 3-7 kap. Brott mot person, 4 kap. Brott mot frihet och frid, Människorov, olaga frihetsberövande (1-2 §), Olaga frihetsberövande (2§) (fr o m 2020)
14294;Mot flicka under 18 år;3;11091;4 kap. Brott mot frihet och frid;Brott mot brottsbalken, 3-7 kap. Brott mot person, 4 kap. Brott mot frihet och frid, Människorov, olaga frihetsberövande (1-2 §), Olaga frihetsberövande (2§) (fr o m 2020), Mot flicka under 18 år
14295;Mot pojke under 18 år;3;11091;4 kap. Brott mot frihet och frid;Brott mot brottsbalken, 3-7 kap. Brott mot person, 4 kap. Brott mot frihet och frid, Människorov, olaga frihetsberövande (1-2 §), Olaga frihetsberövande (2§) (fr o m 2020), Mot pojke under 18 år
14296;Mot kvinna 18 år eller äldre;3;11091;4 kap. Brott mot frihet och frid;Brott mot brottsbalken, 3-7 kap. Brott mot person, 4 kap. Brott mot frihet och frid, Människorov, olaga frihetsberövande (1-2 §), Olaga frihetsberövande (2§) (fr o m 2020), Mot kvinna 18 år eller äldre
14302;Närstående genom parrelation;4;11091;4 kap. Brott mot frihet och frid;Brott mot brottsbalken, 3-7 kap. Brott mot person, 4 kap. Brott mot frihet och frid, Människorov, olaga frihetsberövande (1-2 §), Olaga frihetsberövande (2§) (fr o m 2020), Mot kvinna 18 år eller äldre, Närstående genom parrelation
14303;Närstående genom släktskap/familj;4;11091;4 kap. Brott mot frihet och frid;Brott mot brottsbalken, 3-7 kap. Brott mot person, 4 kap. Brott mot frihet och frid, Människorov, olaga frihetsberövande (1-2 §), Olaga frihetsberövande (2§) (fr o m 2020), Mot kvinna 18 år eller äldre, Närstående genom släktskap/familj
14304;Annan slags relation eller bekantskap;4;11091;4 kap. Brott mot frihet och frid;Brott mot brottsbalken, 3-7 kap. Brott mot person, 4 kap. Brott mot frihet och frid, Människorov, olaga frihetsberövande (1-2 §), Olaga frihetsberövande (2§) (fr o m 2020), Mot kvinna 18 år eller äldre, Annan slags relation eller bekantskap
14305;Obekanta;4;11091;4 kap. Brott mot frihet och frid;Brott mot brottsbalken, 3-7 kap. Brott mot person, 4 kap. Brott mot frihet och frid, Människorov, olaga frihetsberövande (1-2 §), Olaga frihetsberövande (2§) (fr o m 2020), Mot kvinna 18 år eller äldre, Obekanta
14297;Mot man 18 år eller äldre;3;11091;4 kap. Brott mot frihet och frid;Brott mot brottsbalken, 3-7 kap. Brott mot person, 4 kap. Brott mot frihet och frid, Människorov, olaga frihetsberövande (1-2 §), Olaga frihetsberövande (2§) (fr o m 2020), Mot man 18 år eller äldre
14298;Närstående genom parrelation;4;11091;4 kap. Brott mot frihet och frid;Brott mot brottsbalken, 3-7 kap. Brott mot person, 4 kap. Brott mot frihet och frid, Människorov, olaga frihetsberövande (1-2 §), Olaga frihetsberövande (2§) (fr o m 2020), Mot man 18 år eller äldre, Närstående genom parrelation
14299;Närstående genom släktskap/familj;4;11091;4 kap. Brott mot frihet och frid;Brott mot brottsbalken, 3-7 kap. Brott mot person, 4 kap. Brott mot frihet och frid, Människorov, olaga frihetsberövande (1-2 §), Olaga frihetsberövande (2§) (fr o m 2020), Mot man 18 år eller äldre, Närstående genom släktskap/familj
14300;Annan slags relation eller bekantskap;4;11091;4 kap. Brott mot frihet och frid;Brott mot brottsbalken, 3-7 kap. Brott mot person, 4 kap. Brott mot frihet och frid, Människorov, olaga frihetsberövande (1-2 §), Olaga frihetsberövande (2§) (fr o m 2020), Mot man 18 år eller äldre, Annan slags relation eller bekantskap
14301;Obekanta;4;11091;4 kap. Brott mot frihet och frid;Brott mot brottsbalken, 3-7 kap. Brott mot person, 4 kap. Brott mot frihet och frid, Människorov, olaga frihetsberövande (1-2 §), Olaga frihetsberövande (2§) (fr o m 2020), Mot man 18 år eller äldre, Obekanta
11298;Människohandel (1 a §);1;11091;4 kap. Brott mot frihet och frid;Brott mot brottsbalken, 3-7 kap. Brott mot person, 4 kap. Brott mot frihet och frid, Människohandel (1 a §)
13044;Människohandel för sexuella ändamål;2;11091;4 kap. Brott mot frihet och frid;Brott mot brottsbalken, 3-7 kap. Brott mot person, 4 kap. Brott mot frihet och frid, Människohandel (1 a §), Människohandel för sexuella ändamål
13048;Med barn under 18 år;3;11091;4 kap. Brott mot frihet och frid;Brott mot brottsbalken, 3-7 kap. Brott mot person, 4 kap. Brott mot frihet och frid, Människohandel (1 a §), Människohandel för sexuella ändamål , Med barn under 18 år
13052;Med person 18 år eller äldre;3;11091;4 kap. Brott mot frihet och frid;Brott mot brottsbalken, 3-7 kap. Brott mot person, 4 kap. Brott mot frihet och frid, Människohandel (1 a §), Människohandel för sexuella ändamål , Med person 18 år eller äldre
13045;Människohandel för tvångsarbete;2;11091;4 kap. Brott mot frihet och frid;Brott mot brottsbalken, 3-7 kap. Brott mot person, 4 kap. Brott mot frihet och frid, Människohandel (1 a §), Människohandel för tvångsarbete
13049;Med barn under 18 år;3;11091;4 kap. Brott mot frihet och frid;Brott mot brottsbalken, 3-7 kap. Brott mot person, 4 kap. Brott mot frihet och frid, Människohandel (1 a §), Människohandel för tvångsarbete, Med barn under 18 år
13053;Med person 18 år eller äldre;3;11091;4 kap. Brott mot frihet och frid;Brott mot brottsbalken, 3-7 kap. Brott mot person, 4 kap. Brott mot frihet och frid, Människohandel (1 a §), Människohandel för tvångsarbete, Med person 18 år eller äldre
13046;Människohandel för tiggeri;2;11091;4 kap. Brott mot frihet och frid;Brott mot brottsbalken, 3-7 kap. Brott mot person, 4 kap. Brott mot frihet och frid, Människohandel (1 a §), Människohandel för tiggeri
13050;Med barn under 18 år;3;11091;4 kap. Brott mot frihet och frid;Brott mot brottsbalken, 3-7 kap. Brott mot person, 4 kap. Brott mot frihet och frid, Människohandel (1 a §), Människohandel för tiggeri, Med barn under 18 år
13054;Med person 18 år eller äldre;3;11091;4 kap. Brott mot frihet och frid;Brott mot brottsbalken, 3-7 kap. Brott mot person, 4 kap. Brott mot frihet och frid, Människohandel (1 a §), Människohandel för tiggeri, Med person 18 år eller äldre
13047;Människohandel för organhandel;2;11091;4 kap. Brott mot frihet och frid;Brott mot brottsbalken, 3-7 kap. Brott mot person, 4 kap. Brott mot frihet och frid, Människohandel (1 a §), Människohandel för organhandel
13051;Med barn under 18 år;3;11091;4 kap. Brott mot frihet och frid;Brott mot brottsbalken, 3-7 kap. Brott mot person, 4 kap. Brott mot frihet och frid, Människohandel (1 a §), Människohandel för organhandel, Med barn under 18 år
13055;Med person 18 år eller äldre;3;11091;4 kap. Brott mot frihet och frid;Brott mot brottsbalken, 3-7 kap. Brott mot person, 4 kap. Brott mot frihet och frid, Människohandel (1 a §), Människohandel för organhandel, Med person 18 år eller äldre
13072;Människohandel för krigstjänst;2;11091;4 kap. Brott mot frihet och frid;Brott mot brottsbalken, 3-7 kap. Brott mot person, 4 kap. Brott mot frihet och frid, Människohandel (1 a §), Människohandel för krigstjänst
13073;Med barn under 18 år;3;11091;4 kap. Brott mot frihet och frid;Brott mot brottsbalken, 3-7 kap. Brott mot person, 4 kap. Brott mot frihet och frid, Människohandel (1 a §), Människohandel för krigstjänst, Med barn under 18 år
13074;Med person 18 år eller äldre;3;11091;4 kap. Brott mot frihet och frid;Brott mot brottsbalken, 3-7 kap. Brott mot person, 4 kap. Brott mot frihet och frid, Människohandel (1 a §), Människohandel för krigstjänst, Med person 18 år eller äldre
13075;Människohandel för övriga ändamål;2;11091;4 kap. Brott mot frihet och frid;Brott mot brottsbalken, 3-7 kap. Brott mot person, 4 kap. Brott mot frihet och frid, Människohandel (1 a §), Människohandel för övriga ändamål
13076;Med barn under 18 år;3;11091;4 kap. Brott mot frihet och frid;Brott mot brottsbalken, 3-7 kap. Brott mot person, 4 kap. Brott mot frihet och frid, Människohandel (1 a §), Människohandel för övriga ändamål, Med barn under 18 år
13077;Med person 18 år eller äldre;3;11091;4 kap. Brott mot frihet och frid;Brott mot brottsbalken, 3-7 kap. Brott mot person, 4 kap. Brott mot frihet och frid, Människohandel (1 a §), Människohandel för övriga ändamål, Med person 18 år eller äldre
13056;Annan människohandel än för sexuella ändamål;2;11091;4 kap. Brott mot frihet och frid;Brott mot brottsbalken, 3-7 kap. Brott mot person, 4 kap. Brott mot frihet och frid, Människohandel (1 a §), Annan människohandel än för sexuella ändamål
13057;Med barn under 18 år;3;11091;4 kap. Brott mot frihet och frid;Brott mot brottsbalken, 3-7 kap. Brott mot person, 4 kap. Brott mot frihet och frid, Människohandel (1 a §), Annan människohandel än för sexuella ändamål, Med barn under 18 år
13058;Med person 18 år eller äldre;3;11091;4 kap. Brott mot frihet och frid;Brott mot brottsbalken, 3-7 kap. Brott mot person, 4 kap. Brott mot frihet och frid, Människohandel (1 a §), Annan människohandel än för sexuella ändamål, Med person 18 år eller äldre
5225;Människoexploatering (1 b §);1;11091;4 kap. Brott mot frihet och frid;Brott mot brottsbalken, 3-7 kap. Brott mot person, 4 kap. Brott mot frihet och frid, Människoexploatering (1 b §)
5226;Människoexploatering för tvångsarbete el. arbete under orimliga villkor;2;11091;4 kap. Brott mot frihet och frid;Brott mot brottsbalken, 3-7 kap. Brott mot person, 4 kap. Brott mot frihet och frid, Människoexploatering (1 b §), Människoexploatering för tvångsarbete el. arbete under orimliga villkor
5228;Med barn under 18 år;3;11091;4 kap. Brott mot frihet och frid;Brott mot brottsbalken, 3-7 kap. Brott mot person, 4 kap. Brott mot frihet och frid, Människoexploatering (1 b §), Människoexploatering för tvångsarbete el. arbete under orimliga villkor, Med barn under 18 år
5230;Med person 18 år eller äldre;3;11091;4 kap. Brott mot frihet och frid;Brott mot brottsbalken, 3-7 kap. Brott mot person, 4 kap. Brott mot frihet och frid, Människoexploatering (1 b §), Människoexploatering för tvångsarbete el. arbete under orimliga villkor, Med person 18 år eller äldre
5227;Människoexploatering för tiggeri;2;11091;4 kap. Brott mot frihet och frid;Brott mot brottsbalken, 3-7 kap. Brott mot person, 4 kap. Brott mot frihet och frid, Människoexploatering (1 b §), Människoexploatering för tiggeri
5229;Med barn under 18 år;3;11091;4 kap. Brott mot frihet och frid;Brott mot brottsbalken, 3-7 kap. Brott mot person, 4 kap. Brott mot frihet och frid, Människoexploatering (1 b §), Människoexploatering för tiggeri, Med barn under 18 år
5231;Med person 18 år eller äldre;3;11091;4 kap. Brott mot frihet och frid;Brott mot brottsbalken, 3-7 kap. Brott mot person, 4 kap. Brott mot frihet och frid, Människoexploatering (1 b §), Människoexploatering för tiggeri, Med person 18 år eller äldre
14575;Barnfridsbrott (3 §);1;11091;4 kap. Brott mot frihet och frid;Brott mot brottsbalken, 3-7 kap. Brott mot person, 4 kap. Brott mot frihet och frid, Barnfridsbrott (3 §)
14576;Mot flicka under 18 år;2;11091;4 kap. Brott mot frihet och frid;Brott mot brottsbalken, 3-7 kap. Brott mot person, 4 kap. Brott mot frihet och frid, Barnfridsbrott (3 §), Mot flicka under 18 år
14577;Mot pojke under 18 år;2;11091;4 kap. Brott mot frihet och frid;Brott mot brottsbalken, 3-7 kap. Brott mot person, 4 kap. Brott mot frihet och frid, Barnfridsbrott (3 §), Mot pojke under 18 år
5046;Olaga tvång (4 §);1;11091;4 kap. Brott mot frihet och frid;Brott mot brottsbalken, 3-7 kap. Brott mot person, 4 kap. Brott mot frihet och frid, Olaga tvång (4 §)
5047;Mot barn under 18 år;2;11091;4 kap. Brott mot frihet och frid;Brott mot brottsbalken, 3-7 kap. Brott mot person, 4 kap. Brott mot frihet och frid, Olaga tvång (4 §), Mot barn under 18 år
5050;Mot flicka under 18 år;3;11091;4 kap. Brott mot frihet och frid;Brott mot brottsbalken, 3-7 kap. Brott mot person, 4 kap. Brott mot frihet och frid, Olaga tvång (4 §), Mot barn under 18 år, Mot flicka under 18 år
5051;Mot pojke under 18 år;3;11091;4 kap. Brott mot frihet och frid;Brott mot brottsbalken, 3-7 kap. Brott mot person, 4 kap. Brott mot frihet och frid, Olaga tvång (4 §), Mot barn under 18 år, Mot pojke under 18 år
5048;Mot kvinna 18 år eller äldre;2;11091;4 kap. Brott mot frihet och frid;Brott mot brottsbalken, 3-7 kap. Brott mot person, 4 kap. Brott mot frihet och frid, Olaga tvång (4 §), Mot kvinna 18 år eller äldre
14310;Närstående genom parrelation;3;11091;4 kap. Brott mot frihet och frid;Brott mot brottsbalken, 3-7 kap. Brott mot person, 4 kap. Brott mot frihet och frid, Olaga tvång (4 §), Mot kvinna 18 år eller äldre, Närstående genom parrelation
14312;Närstående genom släktskap/familj;3;11091;4 kap. Brott mot frihet och frid;Brott mot brottsbalken, 3-7 kap. Brott mot person, 4 kap. Brott mot frihet och frid, Olaga tvång (4 §), Mot kvinna 18 år eller äldre, Närstående genom släktskap/familj
14313;Annan slags relation eller bekantskap;3;11091;4 kap. Brott mot frihet och frid;Brott mot brottsbalken, 3-7 kap. Brott mot person, 4 kap. Brott mot frihet och frid, Olaga tvång (4 §), Mot kvinna 18 år eller äldre, Annan slags relation eller bekantskap
14314;Obekanta;3;11091;4 kap. Brott mot frihet och frid;Brott mot brottsbalken, 3-7 kap. Brott mot person, 4 kap. Brott mot frihet och frid, Olaga tvång (4 §), Mot kvinna 18 år eller äldre, Obekanta
5049;Mot man 18 år eller äldre;2;11091;4 kap. Brott mot frihet och frid;Brott mot brottsbalken, 3-7 kap. Brott mot person, 4 kap. Brott mot frihet och frid, Olaga tvång (4 §), Mot man 18 år eller äldre
14306;Närstående genom parrelation;3;11091;4 kap. Brott mot frihet och frid;Brott mot brottsbalken, 3-7 kap. Brott mot person, 4 kap. Brott mot frihet och frid, Olaga tvång (4 §), Mot man 18 år eller äldre, Närstående genom parrelation
14307;Närstående genom släktskap/familj;3;11091;4 kap. Brott mot frihet och frid;Brott mot brottsbalken, 3-7 kap. Brott mot person, 4 kap. Brott mot frihet och frid, Olaga tvång (4 §), Mot man 18 år eller äldre, Närstående genom släktskap/familj
14308;Annan slags relation eller bekantskap;3;11091;4 kap. Brott mot frihet och frid;Brott mot brottsbalken, 3-7 kap. Brott mot person, 4 kap. Brott mot frihet och frid, Olaga tvång (4 §), Mot man 18 år eller äldre, Annan slags relation eller bekantskap
14309;Obekanta;3;11091;4 kap. Brott mot frihet och frid;Brott mot brottsbalken, 3-7 kap. Brott mot person, 4 kap. Brott mot frihet och frid, Olaga tvång (4 §), Mot man 18 år eller äldre, Obekanta
11306;Grov fridskränkning (4 a §);1;11091;4 kap. Brott mot frihet och frid;Brott mot brottsbalken, 3-7 kap. Brott mot person, 4 kap. Brott mot frihet och frid, Grov fridskränkning (4 a §)
11307;Mot barn under 18 år;2;11091;4 kap. Brott mot frihet och frid;Brott mot brottsbalken, 3-7 kap. Brott mot person, 4 kap. Brott mot frihet och frid, Grov fridskränkning (4 a §), Mot barn under 18 år
11308;Mot flicka under 18 år;3;11091;4 kap. Brott mot frihet och frid;Brott mot brottsbalken, 3-7 kap. Brott mot person, 4 kap. Brott mot frihet och frid, Grov fridskränkning (4 a §), Mot barn under 18 år, Mot flicka under 18 år
11748;Mot pojke under 18 år;3;11091;4 kap. Brott mot frihet och frid;Brott mot brottsbalken, 3-7 kap. Brott mot person, 4 kap. Brott mot frihet och frid, Grov fridskränkning (4 a §), Mot barn under 18 år, Mot pojke under 18 år
11749;Mot kvinna 18 år eller äldre;2;11091;4 kap. Brott mot frihet och frid;Brott mot brottsbalken, 3-7 kap. Brott mot person, 4 kap. Brott mot frihet och frid, Grov fridskränkning (4 a §), Mot kvinna 18 år eller äldre
13937;Närstående genom parrelation;3;11091;4 kap. Brott mot frihet och frid;Brott mot brottsbalken, 3-7 kap. Brott mot person, 4 kap. Brott mot frihet och frid, Grov fridskränkning (4 a §), Mot kvinna 18 år eller äldre, Närstående genom parrelation
13939;Närstående genom släktskap/familj;3;11091;4 kap. Brott mot frihet och frid;Brott mot brottsbalken, 3-7 kap. Brott mot person, 4 kap. Brott mot frihet och frid, Grov fridskränkning (4 a §), Mot kvinna 18 år eller äldre, Närstående genom släktskap/familj
11750;Mot man 18 år eller äldre;2;11091;4 kap. Brott mot frihet och frid;Brott mot brottsbalken, 3-7 kap. Brott mot person, 4 kap. Brott mot frihet och frid, Grov fridskränkning (4 a §), Mot man 18 år eller äldre
13938;Närstående genom parrelation;3;11091;4 kap. Brott mot frihet och frid;Brott mot brottsbalken, 3-7 kap. Brott mot person, 4 kap. Brott mot frihet och frid, Grov fridskränkning (4 a §), Mot man 18 år eller äldre, Närstående genom parrelation
13940;Närstående genom släktskap/familj;3;11091;4 kap. Brott mot frihet och frid;Brott mot brottsbalken, 3-7 kap. Brott mot person, 4 kap. Brott mot frihet och frid, Grov fridskränkning (4 a §), Mot man 18 år eller äldre, Närstående genom släktskap/familj
11751;Grov kvinnofridskränkning (4 a §);1;11091;4 kap. Brott mot frihet och frid;Brott mot brottsbalken, 3-7 kap. Brott mot person, 4 kap. Brott mot frihet och frid, Grov kvinnofridskränkning (4 a §)
11323;Olaga förföljelse (4 b §);1;11091;4 kap. Brott mot frihet och frid;Brott mot brottsbalken, 3-7 kap. Brott mot person, 4 kap. Brott mot frihet och frid, Olaga förföljelse (4 b §)
11324;Mot barn under 18 år;2;11091;4 kap. Brott mot frihet och frid;Brott mot brottsbalken, 3-7 kap. Brott mot person, 4 kap. Brott mot frihet och frid, Olaga förföljelse (4 b §), Mot barn under 18 år
11325;Mot flicka under 18 år;3;11091;4 kap. Brott mot frihet och frid;Brott mot brottsbalken, 3-7 kap. Brott mot person, 4 kap. Brott mot frihet och frid, Olaga förföljelse (4 b §), Mot barn under 18 år, Mot flicka under 18 år
11326;Mot pojke under 18 år;3;11091;4 kap. Brott mot frihet och frid;Brott mot brottsbalken, 3-7 kap. Brott mot person, 4 kap. Brott mot frihet och frid, Olaga förföljelse (4 b §), Mot barn under 18 år, Mot pojke under 18 år
11327;Mot kvinna 18 år eller äldre;2;11091;4 kap. Brott mot frihet och frid;Brott mot brottsbalken, 3-7 kap. Brott mot person, 4 kap. Brott mot frihet och frid, Olaga förföljelse (4 b §), Mot kvinna 18 år eller äldre
14319;Närstående genom parrelation;3;11091;4 kap. Brott mot frihet och frid;Brott mot brottsbalken, 3-7 kap. Brott mot person, 4 kap. Brott mot frihet och frid, Olaga förföljelse (4 b §), Mot kvinna 18 år eller äldre, Närstående genom parrelation
14320;Närstående genom släktskap/familj;3;11091;4 kap. Brott mot frihet och frid;Brott mot brottsbalken, 3-7 kap. Brott mot person, 4 kap. Brott mot frihet och frid, Olaga förföljelse (4 b §), Mot kvinna 18 år eller äldre, Närstående genom släktskap/familj
14321;Annan slags relation eller bekantskap;3;11091;4 kap. Brott mot frihet och frid;Brott mot brottsbalken, 3-7 kap. Brott mot person, 4 kap. Brott mot frihet och frid, Olaga förföljelse (4 b §), Mot kvinna 18 år eller äldre, Annan slags relation eller bekantskap
14322;Obekanta;3;11091;4 kap. Brott mot frihet och frid;Brott mot brottsbalken, 3-7 kap. Brott mot person, 4 kap. Brott mot frihet och frid, Olaga förföljelse (4 b §), Mot kvinna 18 år eller äldre, Obekanta
11328;Mot man 18 år eller äldre;2;11091;4 kap. Brott mot frihet och frid;Brott mot brottsbalken, 3-7 kap. Brott mot person, 4 kap. Brott mot frihet och frid, Olaga förföljelse (4 b §), Mot man 18 år eller äldre
14315;Närstående genom parrelation;3;11091;4 kap. Brott mot frihet och frid;Brott mot brottsbalken, 3-7 kap. Brott mot person, 4 kap. Brott mot frihet och frid, Olaga förföljelse (4 b §), Mot man 18 år eller äldre, Närstående genom parrelation
14316;Närstående genom släktskap/familj;3;11091;4 kap. Brott mot frihet och frid;Brott mot brottsbalken, 3-7 kap. Brott mot person, 4 kap. Brott mot frihet och frid, Olaga förföljelse (4 b §), Mot man 18 år eller äldre, Närstående genom släktskap/familj
14317;Annan slags relation eller bekantskap;3;11091;4 kap. Brott mot frihet och frid;Brott mot brottsbalken, 3-7 kap. Brott mot person, 4 kap. Brott mot frihet och frid, Olaga förföljelse (4 b §), Mot man 18 år eller äldre, Annan slags relation eller bekantskap
14318;Obekanta;3;11091;4 kap. Brott mot frihet och frid;Brott mot brottsbalken, 3-7 kap. Brott mot person, 4 kap. Brott mot frihet och frid, Olaga förföljelse (4 b §), Mot man 18 år eller äldre, Obekanta
13086;Äktenskapstvång, vilseledande till tvångsäktenskapsresa (4 c, 4 d §);1;11091;4 kap. Brott mot frihet och frid;Brott mot brottsbalken, 3-7 kap. Brott mot person, 4 kap. Brott mot frihet och frid, Äktenskapstvång, vilseledande till tvångsäktenskapsresa (4 c, 4 d §)
14488;Äktenskapstvång (4 c § 1-2 st.);2;11091;4 kap. Brott mot frihet och frid;Brott mot brottsbalken, 3-7 kap. Brott mot person, 4 kap. Brott mot frihet och frid, Äktenskapstvång, vilseledande till tvångsäktenskapsresa (4 c, 4 d §), Äktenskapstvång (4 c § 1-2 st.)
14912;Mot kvinna 18 år eller äldre;3;11091;4 kap. Brott mot frihet och frid;Brott mot brottsbalken, 3-7 kap. Brott mot person, 4 kap. Brott mot frihet och frid, Äktenskapstvång, vilseledande till tvångsäktenskapsresa (4 c, 4 d §), Äktenskapstvång (4 c § 1-2 st.), Mot kvinna 18 år eller äldre
14919;Mot man 18 år eller äldre;3;11091;4 kap. Brott mot frihet och frid;Brott mot brottsbalken, 3-7 kap. Brott mot person, 4 kap. Brott mot frihet och frid, Äktenskapstvång, vilseledande till tvångsäktenskapsresa (4 c, 4 d §), Äktenskapstvång (4 c § 1-2 st.), Mot man 18 år eller äldre
14489;Barnäktenskapsbrott (4 c § 3 st.);2;11091;4 kap. Brott mot frihet och frid;Brott mot brottsbalken, 3-7 kap. Brott mot person, 4 kap. Brott mot frihet och frid, Äktenskapstvång, vilseledande till tvångsäktenskapsresa (4 c, 4 d §), Barnäktenskapsbrott (4 c § 3 st.)
14913;Mot flicka under 18 år;3;11091;4 kap. Brott mot frihet och frid;Brott mot brottsbalken, 3-7 kap. Brott mot person, 4 kap. Brott mot frihet och frid, Äktenskapstvång, vilseledande till tvångsäktenskapsresa (4 c, 4 d §), Barnäktenskapsbrott (4 c § 3 st.), Mot flicka under 18 år
14918;Mot pojke under 18 år;3;11091;4 kap. Brott mot frihet och frid;Brott mot brottsbalken, 3-7 kap. Brott mot person, 4 kap. Brott mot frihet och frid, Äktenskapstvång, vilseledande till tvångsäktenskapsresa (4 c, 4 d §), Barnäktenskapsbrott (4 c § 3 st.), Mot pojke under 18 år
14491;Vilseledande till äktenskapsresa (4 d §);2;11091;4 kap. Brott mot frihet och frid;Brott mot brottsbalken, 3-7 kap. Brott mot person, 4 kap. Brott mot frihet och frid, Äktenskapstvång, vilseledande till tvångsäktenskapsresa (4 c, 4 d §), Vilseledande till äktenskapsresa (4 d §)
14914;Mot barn under 18 år;3;11091;4 kap. Brott mot frihet och frid;Brott mot brottsbalken, 3-7 kap. Brott mot person, 4 kap. Brott mot frihet och frid, Äktenskapstvång, vilseledande till tvångsäktenskapsresa (4 c, 4 d §), Vilseledande till äktenskapsresa (4 d §), Mot barn under 18 år
14920;Mot flicka under 18 år;4;11091;4 kap. Brott mot frihet och frid;Brott mot brottsbalken, 3-7 kap. Brott mot person, 4 kap. Brott mot frihet och frid, Äktenskapstvång, vilseledande till tvångsäktenskapsresa (4 c, 4 d §), Vilseledande till äktenskapsresa (4 d §), Mot barn under 18 år, Mot flicka under 18 år
14921;Mot pojke under 18 år;4;11091;4 kap. Brott mot frihet och frid;Brott mot brottsbalken, 3-7 kap. Brott mot person, 4 kap. Brott mot frihet och frid, Äktenskapstvång, vilseledande till tvångsäktenskapsresa (4 c, 4 d §), Vilseledande till äktenskapsresa (4 d §), Mot barn under 18 år, Mot pojke under 18 år
14916;Mot kvinna 18 år eller äldre;3;11091;4 kap. Brott mot frihet och frid;Brott mot brottsbalken, 3-7 kap. Brott mot person, 4 kap. Brott mot frihet och frid, Äktenskapstvång, vilseledande till tvångsäktenskapsresa (4 c, 4 d §), Vilseledande till äktenskapsresa (4 d §), Mot kvinna 18 år eller äldre
14917;Mot man 18 år eller äldre;3;11091;4 kap. Brott mot frihet och frid;Brott mot brottsbalken, 3-7 kap. Brott mot person, 4 kap. Brott mot frihet och frid, Äktenskapstvång, vilseledande till tvångsäktenskapsresa (4 c, 4 d §), Vilseledande till äktenskapsresa (4 d §), Mot man 18 år eller äldre
14684;Hedersförtryck (4 e §);1;11091;4 kap. Brott mot frihet och frid;Brott mot brottsbalken, 3-7 kap. Brott mot person, 4 kap. Brott mot frihet och frid, Hedersförtryck (4 e §)
14685;Mot barn under 18 år;2;11091;4 kap. Brott mot frihet och frid;Brott mot brottsbalken, 3-7 kap. Brott mot person, 4 kap. Brott mot frihet och frid, Hedersförtryck (4 e §), Mot barn under 18 år
14686;Mot flicka under 18 år;3;11091;4 kap. Brott mot frihet och frid;Brott mot brottsbalken, 3-7 kap. Brott mot person, 4 kap. Brott mot frihet och frid, Hedersförtryck (4 e §), Mot barn under 18 år, Mot flicka under 18 år
14687;Mot pojke under 18 år;3;11091;4 kap. Brott mot frihet och frid;Brott mot brottsbalken, 3-7 kap. Brott mot person, 4 kap. Brott mot frihet och frid, Hedersförtryck (4 e §), Mot barn under 18 år, Mot pojke under 18 år
14688;Mot kvinna 18 år eller äldre;2;11091;4 kap. Brott mot frihet och frid;Brott mot brottsbalken, 3-7 kap. Brott mot person, 4 kap. Brott mot frihet och frid, Hedersförtryck (4 e §), Mot kvinna 18 år eller äldre
14690;Mot man 18 år eller äldre;2;11091;4 kap. Brott mot frihet och frid;Brott mot brottsbalken, 3-7 kap. Brott mot person, 4 kap. Brott mot frihet och frid, Hedersförtryck (4 e §), Mot man 18 år eller äldre
14907;Oskuldskontroll (4 f §);1;11091;4 kap. Brott mot frihet och frid;Brott mot brottsbalken, 3-7 kap. Brott mot person, 4 kap. Brott mot frihet och frid, Oskuldskontroll (4 f §)
14908;Mot flicka under 18 år;2;11091;4 kap. Brott mot frihet och frid;Brott mot brottsbalken, 3-7 kap. Brott mot person, 4 kap. Brott mot frihet och frid, Oskuldskontroll (4 f §), Mot flicka under 18 år
14910;Mot kvinna 18 år eller äldre;2;11091;4 kap. Brott mot frihet och frid;Brott mot brottsbalken, 3-7 kap. Brott mot person, 4 kap. Brott mot frihet och frid, Oskuldskontroll (4 f §), Mot kvinna 18 år eller äldre
14904;Intygande av sexuell oskuld (4 g §);1;11091;4 kap. Brott mot frihet och frid;Brott mot brottsbalken, 3-7 kap. Brott mot person, 4 kap. Brott mot frihet och frid, Intygande av sexuell oskuld (4 g §)
14905;Mot flicka under 18 år;2;11091;4 kap. Brott mot frihet och frid;Brott mot brottsbalken, 3-7 kap. Brott mot person, 4 kap. Brott mot frihet och frid, Intygande av sexuell oskuld (4 g §), Mot flicka under 18 år
14911;Mot kvinna 18 år eller äldre;2;11091;4 kap. Brott mot frihet och frid;Brott mot brottsbalken, 3-7 kap. Brott mot person, 4 kap. Brott mot frihet och frid, Intygande av sexuell oskuld (4 g §), Mot kvinna 18 år eller äldre
11314;Olaga hot (5 §);1;11091;4 kap. Brott mot frihet och frid;Brott mot brottsbalken, 3-7 kap. Brott mot person, 4 kap. Brott mot frihet och frid, Olaga hot (5 §)
11315;Mot barn under 18 år;2;11091;4 kap. Brott mot frihet och frid;Brott mot brottsbalken, 3-7 kap. Brott mot person, 4 kap. Brott mot frihet och frid, Olaga hot (5 §), Mot barn under 18 år
11316;Mot flicka under 18 år;3;11091;4 kap. Brott mot frihet och frid;Brott mot brottsbalken, 3-7 kap. Brott mot person, 4 kap. Brott mot frihet och frid, Olaga hot (5 §), Mot barn under 18 år, Mot flicka under 18 år
13125;Internetrelaterat;4;11091;4 kap. Brott mot frihet och frid;Brott mot brottsbalken, 3-7 kap. Brott mot person, 4 kap. Brott mot frihet och frid, Olaga hot (5 §), Mot barn under 18 år, Mot flicka under 18 år, Internetrelaterat
13126;Ej internetrelaterat;4;11091;4 kap. Brott mot frihet och frid;Brott mot brottsbalken, 3-7 kap. Brott mot person, 4 kap. Brott mot frihet och frid, Olaga hot (5 §), Mot barn under 18 år, Mot flicka under 18 år, Ej internetrelaterat
11317;Mot pojke under 18 år;3;11091;4 kap. Brott mot frihet och frid;Brott mot brottsbalken, 3-7 kap. Brott mot person, 4 kap. Brott mot frihet och frid, Olaga hot (5 §), Mot barn under 18 år, Mot pojke under 18 år
13127;Internetrelaterat;4;11091;4 kap. Brott mot frihet och frid;Brott mot brottsbalken, 3-7 kap. Brott mot person, 4 kap. Brott mot frihet och frid, Olaga hot (5 §), Mot barn under 18 år, Mot pojke under 18 år, Internetrelaterat
13128;Ej internetrelaterat;4;11091;4 kap. Brott mot frihet och frid;Brott mot brottsbalken, 3-7 kap. Brott mot person, 4 kap. Brott mot frihet och frid, Olaga hot (5 §), Mot barn under 18 år, Mot pojke under 18 år, Ej internetrelaterat
11318;Mot kvinna 18 år eller äldre;2;11091;4 kap. Brott mot frihet och frid;Brott mot brottsbalken, 3-7 kap. Brott mot person, 4 kap. Brott mot frihet och frid, Olaga hot (5 §), Mot kvinna 18 år eller äldre
13129;Internetrelaterad;3;11091;4 kap. Brott mot frihet och frid;Brott mot brottsbalken, 3-7 kap. Brott mot person, 4 kap. Brott mot frihet och frid, Olaga hot (5 §), Mot kvinna 18 år eller äldre, Internetrelaterad
13130;Ej internetrelaterad;3;11091;4 kap. Brott mot frihet och frid;Brott mot brottsbalken, 3-7 kap. Brott mot person, 4 kap. Brott mot frihet och frid, Olaga hot (5 §), Mot kvinna 18 år eller äldre, Ej internetrelaterad
14336;Närstående genom parrelation;3;11091;4 kap. Brott mot frihet och frid;Brott mot brottsbalken, 3-7 kap. Brott mot person, 4 kap. Brott mot frihet och frid, Olaga hot (5 §), Mot kvinna 18 år eller äldre, Närstående genom parrelation
14346;Internetrelaterat;4;11091;4 kap. Brott mot frihet och frid;Brott mot brottsbalken, 3-7 kap. Brott mot person, 4 kap. Brott mot frihet och frid, Olaga hot (5 §), Mot kvinna 18 år eller äldre, Närstående genom parrelation, Internetrelaterat
14347;Ej internetrelaterat;4;11091;4 kap. Brott mot frihet och frid;Brott mot brottsbalken, 3-7 kap. Brott mot person, 4 kap. Brott mot frihet och frid, Olaga hot (5 §), Mot kvinna 18 år eller äldre, Närstående genom parrelation, Ej internetrelaterat
14337;Närstående genom släktskap/familj;3;11091;4 kap. Brott mot frihet och frid;Brott mot brottsbalken, 3-7 kap. Brott mot person, 4 kap. Brott mot frihet och frid, Olaga hot (5 §), Mot kvinna 18 år eller äldre, Närstående genom släktskap/familj
14344;Internetrelaterat;4;11091;4 kap. Brott mot frihet och frid;Brott mot brottsbalken, 3-7 kap. Brott mot person, 4 kap. Brott mot frihet och frid, Olaga hot (5 §), Mot kvinna 18 år eller äldre, Närstående genom släktskap/familj, Internetrelaterat
14345;Ej internetrelaterat;4;11091;4 kap. Brott mot frihet och frid;Brott mot brottsbalken, 3-7 kap. Brott mot person, 4 kap. Brott mot frihet och frid, Olaga hot (5 §), Mot kvinna 18 år eller äldre, Närstående genom släktskap/familj, Ej internetrelaterat
14338;Annan slags relation eller bekantskap;3;11091;4 kap. Brott mot frihet och frid;Brott mot brottsbalken, 3-7 kap. Brott mot person, 4 kap. Brott mot frihet och frid, Olaga hot (5 §), Mot kvinna 18 år eller äldre, Annan slags relation eller bekantskap
14342;Internetrelaterat;4;11091;4 kap. Brott mot frihet och frid;Brott mot brottsbalken, 3-7 kap. Brott mot person, 4 kap. Brott mot frihet och frid, Olaga hot (5 §), Mot kvinna 18 år eller äldre, Annan slags relation eller bekantskap, Internetrelaterat
14343;Ej internetrelaterat;4;11091;4 kap. Brott mot frihet och frid;Brott mot brottsbalken, 3-7 kap. Brott mot person, 4 kap. Brott mot frihet och frid, Olaga hot (5 §), Mot kvinna 18 år eller äldre, Annan slags relation eller bekantskap, Ej internetrelaterat
14339;Obekanta;3;11091;4 kap. Brott mot frihet och frid;Brott mot brottsbalken, 3-7 kap. Brott mot person, 4 kap. Brott mot frihet och frid, Olaga hot (5 §), Mot kvinna 18 år eller äldre, Obekanta
14340;Internetrelaterat;4;11091;4 kap. Brott mot frihet och frid;Brott mot brottsbalken, 3-7 kap. Brott mot person, 4 kap. Brott mot frihet och frid, Olaga hot (5 §), Mot kvinna 18 år eller äldre, Obekanta, Internetrelaterat
14341;Ej internetrelaterat;4;11091;4 kap. Brott mot frihet och frid;Brott mot brottsbalken, 3-7 kap. Brott mot person, 4 kap. Brott mot frihet och frid, Olaga hot (5 §), Mot kvinna 18 år eller äldre, Obekanta, Ej internetrelaterat
11319;Mot man 18 år eller äldre;2;11091;4 kap. Brott mot frihet och frid;Brott mot brottsbalken, 3-7 kap. Brott mot person, 4 kap. Brott mot frihet och frid, Olaga hot (5 §), Mot man 18 år eller äldre
13131;Internetrelaterad;3;11091;4 kap. Brott mot frihet och frid;Brott mot brottsbalken, 3-7 kap. Brott mot person, 4 kap. Brott mot frihet och frid, Olaga hot (5 §), Mot man 18 år eller äldre, Internetrelaterad
13132;Ej internetrelaterad;3;11091;4 kap. Brott mot frihet och frid;Brott mot brottsbalken, 3-7 kap. Brott mot person, 4 kap. Brott mot frihet och frid, Olaga hot (5 §), Mot man 18 år eller äldre, Ej internetrelaterad
14323;Närstående genom parrelation;3;11091;4 kap. Brott mot frihet och frid;Brott mot brottsbalken, 3-7 kap. Brott mot person, 4 kap. Brott mot frihet och frid, Olaga hot (5 §), Mot man 18 år eller äldre, Närstående genom parrelation
14334;Internetrelaterat;4;11091;4 kap. Brott mot frihet och frid;Brott mot brottsbalken, 3-7 kap. Brott mot person, 4 kap. Brott mot frihet och frid, Olaga hot (5 §), Mot man 18 år eller äldre, Närstående genom parrelation, Internetrelaterat
14335;Ej internetrelaterat;4;11091;4 kap. Brott mot frihet och frid;Brott mot brottsbalken, 3-7 kap. Brott mot person, 4 kap. Brott mot frihet och frid, Olaga hot (5 §), Mot man 18 år eller äldre, Närstående genom parrelation, Ej internetrelaterat
14324;Närstående genom släktskap/familj;3;11091;4 kap. Brott mot frihet och frid;Brott mot brottsbalken, 3-7 kap. Brott mot person, 4 kap. Brott mot frihet och frid, Olaga hot (5 §), Mot man 18 år eller äldre, Närstående genom släktskap/familj
14332;Internetrelaterat;4;11091;4 kap. Brott mot frihet och frid;Brott mot brottsbalken, 3-7 kap. Brott mot person, 4 kap. Brott mot frihet och frid, Olaga hot (5 §), Mot man 18 år eller äldre, Närstående genom släktskap/familj, Internetrelaterat
14333;Ej internetrelaterat;4;11091;4 kap. Brott mot frihet och frid;Brott mot brottsbalken, 3-7 kap. Brott mot person, 4 kap. Brott mot frihet och frid, Olaga hot (5 §), Mot man 18 år eller äldre, Närstående genom släktskap/familj, Ej internetrelaterat
14325;Annan slags relation eller bekantskap;3;11091;4 kap. Brott mot frihet och frid;Brott mot brottsbalken, 3-7 kap. Brott mot person, 4 kap. Brott mot frihet och frid, Olaga hot (5 §), Mot man 18 år eller äldre, Annan slags relation eller bekantskap
14330;Internetrelaterat;4;11091;4 kap. Brott mot frihet och frid;Brott mot brottsbalken, 3-7 kap. Brott mot person, 4 kap. Brott mot frihet och frid, Olaga hot (5 §), Mot man 18 år eller äldre, Annan slags relation eller bekantskap, Internetrelaterat
14331;Ej internetrelaterat;4;11091;4 kap. Brott mot frihet och frid;Brott mot brottsbalken, 3-7 kap. Brott mot person, 4 kap. Brott mot frihet och frid, Olaga hot (5 §), Mot man 18 år eller äldre, Annan slags relation eller bekantskap, Ej internetrelaterat
14326;Obekanta;3;11091;4 kap. Brott mot frihet och frid;Brott mot brottsbalken, 3-7 kap. Brott mot person, 4 kap. Brott mot frihet och frid, Olaga hot (5 §), Mot man 18 år eller äldre, Obekanta
14327;Internetrelaterat;4;11091;4 kap. Brott mot frihet och frid;Brott mot brottsbalken, 3-7 kap. Brott mot person, 4 kap. Brott mot frihet och frid, Olaga hot (5 §), Mot man 18 år eller äldre, Obekanta, Internetrelaterat
14329;Ej internetrelaterat;4;11091;4 kap. Brott mot frihet och frid;Brott mot brottsbalken, 3-7 kap. Brott mot person, 4 kap. Brott mot frihet och frid, Olaga hot (5 §), Mot man 18 år eller äldre, Obekanta, Ej internetrelaterat
11320;Mot grupp;2;11091;4 kap. Brott mot frihet och frid;Brott mot brottsbalken, 3-7 kap. Brott mot person, 4 kap. Brott mot frihet och frid, Olaga hot (5 §), Mot grupp
13133;Internetrelaterad;3;11091;4 kap. Brott mot frihet och frid;Brott mot brottsbalken, 3-7 kap. Brott mot person, 4 kap. Brott mot frihet och frid, Olaga hot (5 §), Mot grupp, Internetrelaterad
13134;Ej internetrelaterad;3;11091;4 kap. Brott mot frihet och frid;Brott mot brottsbalken, 3-7 kap. Brott mot person, 4 kap. Brott mot frihet och frid, Olaga hot (5 §), Mot grupp, Ej internetrelaterad
11329;Hemfridsbrott, olaga intrång (6 §);1;11091;4 kap. Brott mot frihet och frid;Brott mot brottsbalken, 3-7 kap. Brott mot person, 4 kap. Brott mot frihet och frid, Hemfridsbrott, olaga intrång (6 §)
13084;Kränkande fotografering (6 a §);1;11091;4 kap. Brott mot frihet och frid;Brott mot brottsbalken, 3-7 kap. Brott mot person, 4 kap. Brott mot frihet och frid, Kränkande fotografering (6 a §)
13184;Olovlig identitetsanvändning (6 b §);1;11091;4 kap. Brott mot frihet och frid;Brott mot brottsbalken, 3-7 kap. Brott mot person, 4 kap. Brott mot frihet och frid, Olovlig identitetsanvändning (6 b §)
13185;Mot barn under 18 år;2;11091;4 kap. Brott mot frihet och frid;Brott mot brottsbalken, 3-7 kap. Brott mot person, 4 kap. Brott mot frihet och frid, Olovlig identitetsanvändning (6 b §), Mot barn under 18 år
13186;Mot flicka under 18 år;3;11091;4 kap. Brott mot frihet och frid;Brott mot brottsbalken, 3-7 kap. Brott mot person, 4 kap. Brott mot frihet och frid, Olovlig identitetsanvändning (6 b §), Mot barn under 18 år, Mot flicka under 18 år
13187;Mot pojke under 18 år;3;11091;4 kap. Brott mot frihet och frid;Brott mot brottsbalken, 3-7 kap. Brott mot person, 4 kap. Brott mot frihet och frid, Olovlig identitetsanvändning (6 b §), Mot barn under 18 år, Mot pojke under 18 år
13188;Mot kvinna 18 år eller äldre;2;11091;4 kap. Brott mot frihet och frid;Brott mot brottsbalken, 3-7 kap. Brott mot person, 4 kap. Brott mot frihet och frid, Olovlig identitetsanvändning (6 b §), Mot kvinna 18 år eller äldre
13189;Mot man 18 år eller äldre;2;11091;4 kap. Brott mot frihet och frid;Brott mot brottsbalken, 3-7 kap. Brott mot person, 4 kap. Brott mot frihet och frid, Olovlig identitetsanvändning (6 b §), Mot man 18 år eller äldre
5053;Olaga integritetsintrång (6 c, 6 d §);1;11091;4 kap. Brott mot frihet och frid;Brott mot brottsbalken, 3-7 kap. Brott mot person, 4 kap. Brott mot frihet och frid, Olaga integritetsintrång (6 c, 6 d §)
5054;Mot barn under 18 år;2;11091;4 kap. Brott mot frihet och frid;Brott mot brottsbalken, 3-7 kap. Brott mot person, 4 kap. Brott mot frihet och frid, Olaga integritetsintrång (6 c, 6 d §), Mot barn under 18 år
5057;Mot flicka under 18 år;3;11091;4 kap. Brott mot frihet och frid;Brott mot brottsbalken, 3-7 kap. Brott mot person, 4 kap. Brott mot frihet och frid, Olaga integritetsintrång (6 c, 6 d §), Mot barn under 18 år, Mot flicka under 18 år
5058;Mot pojke under 18 år;3;11091;4 kap. Brott mot frihet och frid;Brott mot brottsbalken, 3-7 kap. Brott mot person, 4 kap. Brott mot frihet och frid, Olaga integritetsintrång (6 c, 6 d §), Mot barn under 18 år, Mot pojke under 18 år
5055;Mot kvinna 18 år eller äldre;2;11091;4 kap. Brott mot frihet och frid;Brott mot brottsbalken, 3-7 kap. Brott mot person, 4 kap. Brott mot frihet och frid, Olaga integritetsintrång (6 c, 6 d §), Mot kvinna 18 år eller äldre
14352;Närstående genom parrelation;3;11091;4 kap. Brott mot frihet och frid;Brott mot brottsbalken, 3-7 kap. Brott mot person, 4 kap. Brott mot frihet och frid, Olaga integritetsintrång (6 c, 6 d §), Mot kvinna 18 år eller äldre, Närstående genom parrelation
14353;Närstående genom släktskap/familj;3;11091;4 kap. Brott mot frihet och frid;Brott mot brottsbalken, 3-7 kap. Brott mot person, 4 kap. Brott mot frihet och frid, Olaga integritetsintrång (6 c, 6 d §), Mot kvinna 18 år eller äldre, Närstående genom släktskap/familj
14354;Annan slags relation eller bekantskap;3;11091;4 kap. Brott mot frihet och frid;Brott mot brottsbalken, 3-7 kap. Brott mot person, 4 kap. Brott mot frihet och frid, Olaga integritetsintrång (6 c, 6 d §), Mot kvinna 18 år eller äldre, Annan slags relation eller bekantskap
14355;Obekanta;3;11091;4 kap. Brott mot frihet och frid;Brott mot brottsbalken, 3-7 kap. Brott mot person, 4 kap. Brott mot frihet och frid, Olaga integritetsintrång (6 c, 6 d §), Mot kvinna 18 år eller äldre, Obekanta
5056;Mot man 18 år eller äldre;2;11091;4 kap. Brott mot frihet och frid;Brott mot brottsbalken, 3-7 kap. Brott mot person, 4 kap. Brott mot frihet och frid, Olaga integritetsintrång (6 c, 6 d §), Mot man 18 år eller äldre
14348;Närstående genom parrelation;3;11091;4 kap. Brott mot frihet och frid;Brott mot brottsbalken, 3-7 kap. Brott mot person, 4 kap. Brott mot frihet och frid, Olaga integritetsintrång (6 c, 6 d §), Mot man 18 år eller äldre, Närstående genom parrelation
14349;Närstående genom släktskap/familj;3;11091;4 kap. Brott mot frihet och frid;Brott mot brottsbalken, 3-7 kap. Brott mot person, 4 kap. Brott mot frihet och frid, Olaga integritetsintrång (6 c, 6 d §), Mot man 18 år eller äldre, Närstående genom släktskap/familj
14350;Annan slags relation eller bekantskap;3;11091;4 kap. Brott mot frihet och frid;Brott mot brottsbalken, 3-7 kap. Brott mot person, 4 kap. Brott mot frihet och frid, Olaga integritetsintrång (6 c, 6 d §), Mot man 18 år eller äldre, Annan slags relation eller bekantskap
14351;Obekanta;3;11091;4 kap. Brott mot frihet och frid;Brott mot brottsbalken, 3-7 kap. Brott mot person, 4 kap. Brott mot frihet och frid, Olaga integritetsintrång (6 c, 6 d §), Mot man 18 år eller äldre, Obekanta
11330;Ofredande (7 §);1;11091;4 kap. Brott mot frihet och frid;Brott mot brottsbalken, 3-7 kap. Brott mot person, 4 kap. Brott mot frihet och frid, Ofredande (7 §)
11331;Mot barn under 18 år;2;11091;4 kap. Brott mot frihet och frid;Brott mot brottsbalken, 3-7 kap. Brott mot person, 4 kap. Brott mot frihet och frid, Ofredande (7 §), Mot barn under 18 år
11332;Mot flicka under 18 år;3;11091;4 kap. Brott mot frihet och frid;Brott mot brottsbalken, 3-7 kap. Brott mot person, 4 kap. Brott mot frihet och frid, Ofredande (7 §), Mot barn under 18 år, Mot flicka under 18 år
11333;Mot pojke under 18 år;3;11091;4 kap. Brott mot frihet och frid;Brott mot brottsbalken, 3-7 kap. Brott mot person, 4 kap. Brott mot frihet och frid, Ofredande (7 §), Mot barn under 18 år, Mot pojke under 18 år
11334;Mot kvinna 18 år eller äldre;2;11091;4 kap. Brott mot frihet och frid;Brott mot brottsbalken, 3-7 kap. Brott mot person, 4 kap. Brott mot frihet och frid, Ofredande (7 §), Mot kvinna 18 år eller äldre
14361;Närstående genom parrelation;3;11091;4 kap. Brott mot frihet och frid;Brott mot brottsbalken, 3-7 kap. Brott mot person, 4 kap. Brott mot frihet och frid, Ofredande (7 §), Mot kvinna 18 år eller äldre, Närstående genom parrelation
14362;Närstående genom släktskap/familj;3;11091;4 kap. Brott mot frihet och frid;Brott mot brottsbalken, 3-7 kap. Brott mot person, 4 kap. Brott mot frihet och frid, Ofredande (7 §), Mot kvinna 18 år eller äldre, Närstående genom släktskap/familj
14363;Annan slags relation eller bekantskap;3;11091;4 kap. Brott mot frihet och frid;Brott mot brottsbalken, 3-7 kap. Brott mot person, 4 kap. Brott mot frihet och frid, Ofredande (7 §), Mot kvinna 18 år eller äldre, Annan slags relation eller bekantskap
14364;Obekanta;3;11091;4 kap. Brott mot frihet och frid;Brott mot brottsbalken, 3-7 kap. Brott mot person, 4 kap. Brott mot frihet och frid, Ofredande (7 §), Mot kvinna 18 år eller äldre, Obekanta
11335;Mot man 18 år eller äldre;2;11091;4 kap. Brott mot frihet och frid;Brott mot brottsbalken, 3-7 kap. Brott mot person, 4 kap. Brott mot frihet och frid, Ofredande (7 §), Mot man 18 år eller äldre
14356;Närstående genom parrelation;3;11091;4 kap. Brott mot frihet och frid;Brott mot brottsbalken, 3-7 kap. Brott mot person, 4 kap. Brott mot frihet och frid, Ofredande (7 §), Mot man 18 år eller äldre, Närstående genom parrelation
14357;Närstående genom släktskap/familj;3;11091;4 kap. Brott mot frihet och frid;Brott mot brottsbalken, 3-7 kap. Brott mot person, 4 kap. Brott mot frihet och frid, Ofredande (7 §), Mot man 18 år eller äldre, Närstående genom släktskap/familj
14358;Annan slags relation eller bekantskap;3;11091;4 kap. Brott mot frihet och frid;Brott mot brottsbalken, 3-7 kap. Brott mot person, 4 kap. Brott mot frihet och frid, Ofredande (7 §), Mot man 18 år eller äldre, Annan slags relation eller bekantskap
14359;Obekanta;3;11091;4 kap. Brott mot frihet och frid;Brott mot brottsbalken, 3-7 kap. Brott mot person, 4 kap. Brott mot frihet och frid, Ofredande (7 §), Mot man 18 år eller äldre, Obekanta
11336;Mot grupp;2;11091;4 kap. Brott mot frihet och frid;Brott mot brottsbalken, 3-7 kap. Brott mot person, 4 kap. Brott mot frihet och frid, Ofredande (7 §), Mot grupp
14578;Uppmaning till självmord (7 a § 1 st.);1;11091;4 kap. Brott mot frihet och frid;Brott mot brottsbalken, 3-7 kap. Brott mot person, 4 kap. Brott mot frihet och frid, Uppmaning till självmord (7 a § 1 st.)
14579;Mot barn under 18 år;2;11091;4 kap. Brott mot frihet och frid;Brott mot brottsbalken, 3-7 kap. Brott mot person, 4 kap. Brott mot frihet och frid, Uppmaning till självmord (7 a § 1 st.), Mot barn under 18 år
14582;Mot flicka under 18 år;3;11091;4 kap. Brott mot frihet och frid;Brott mot brottsbalken, 3-7 kap. Brott mot person, 4 kap. Brott mot frihet och frid, Uppmaning till självmord (7 a § 1 st.), Mot barn under 18 år, Mot flicka under 18 år
14581;Mot pojke under 18 år;3;11091;4 kap. Brott mot frihet och frid;Brott mot brottsbalken, 3-7 kap. Brott mot person, 4 kap. Brott mot frihet och frid, Uppmaning till självmord (7 a § 1 st.), Mot barn under 18 år, Mot pojke under 18 år
14580;Mot kvinna 18 år eller äldre;2;11091;4 kap. Brott mot frihet och frid;Brott mot brottsbalken, 3-7 kap. Brott mot person, 4 kap. Brott mot frihet och frid, Uppmaning till självmord (7 a § 1 st.), Mot kvinna 18 år eller äldre
14583;Mot man 18 år eller äldre;2;11091;4 kap. Brott mot frihet och frid;Brott mot brottsbalken, 3-7 kap. Brott mot person, 4 kap. Brott mot frihet och frid, Uppmaning till självmord (7 a § 1 st.), Mot man 18 år eller äldre
14584;Oaktsam uppmaning till självmord (7a § 1 st.);1;11091;4 kap. Brott mot frihet och frid;Brott mot brottsbalken, 3-7 kap. Brott mot person, 4 kap. Brott mot frihet och frid, Oaktsam uppmaning till självmord (7a § 1 st.)
14595;Mot barn under 18 år;2;11091;4 kap. Brott mot frihet och frid;Brott mot brottsbalken, 3-7 kap. Brott mot person, 4 kap. Brott mot frihet och frid, Oaktsam uppmaning till självmord (7a § 1 st.), Mot barn under 18 år
14597;Mot flicka under 18 år;3;11091;4 kap. Brott mot frihet och frid;Brott mot brottsbalken, 3-7 kap. Brott mot person, 4 kap. Brott mot frihet och frid, Oaktsam uppmaning till självmord (7a § 1 st.), Mot barn under 18 år, Mot flicka under 18 år
14596;Mot pojke under 18 år;3;11091;4 kap. Brott mot frihet och frid;Brott mot brottsbalken, 3-7 kap. Brott mot person, 4 kap. Brott mot frihet och frid, Oaktsam uppmaning till självmord (7a § 1 st.), Mot barn under 18 år, Mot pojke under 18 år
14593;Mot kvinna 18 år eller äldre;2;11091;4 kap. Brott mot frihet och frid;Brott mot brottsbalken, 3-7 kap. Brott mot person, 4 kap. Brott mot frihet och frid, Oaktsam uppmaning till självmord (7a § 1 st.), Mot kvinna 18 år eller äldre
14594;Mot man 18 år eller äldre;2;11091;4 kap. Brott mot frihet och frid;Brott mot brottsbalken, 3-7 kap. Brott mot person, 4 kap. Brott mot frihet och frid, Oaktsam uppmaning till självmord (7a § 1 st.), Mot man 18 år eller äldre
14940;Psykiskt våld (7b §);1;11091;4 kap. Brott mot frihet och frid;Brott mot brottsbalken, 3-7 kap. Brott mot person, 4 kap. Brott mot frihet och frid, Psykiskt våld (7b §)
14950;Mot barn under 18 år;2;11091;4 kap. Brott mot frihet och frid;Brott mot brottsbalken, 3-7 kap. Brott mot person, 4 kap. Brott mot frihet och frid, Psykiskt våld (7b §), Mot barn under 18 år
14952;Mot flicka under 18 år;3;11091;4 kap. Brott mot frihet och frid;Brott mot brottsbalken, 3-7 kap. Brott mot person, 4 kap. Brott mot frihet och frid, Psykiskt våld (7b §), Mot barn under 18 år, Mot flicka under 18 år
14951;Mot pojke under 18 år;3;11091;4 kap. Brott mot frihet och frid;Brott mot brottsbalken, 3-7 kap. Brott mot person, 4 kap. Brott mot frihet och frid, Psykiskt våld (7b §), Mot barn under 18 år, Mot pojke under 18 år
14948;Mot kvinna 18 år eller äldre;2;11091;4 kap. Brott mot frihet och frid;Brott mot brottsbalken, 3-7 kap. Brott mot person, 4 kap. Brott mot frihet och frid, Psykiskt våld (7b §), Mot kvinna 18 år eller äldre
14957;Närstående genom parrelation;3;11091;4 kap. Brott mot frihet och frid;Brott mot brottsbalken, 3-7 kap. Brott mot person, 4 kap. Brott mot frihet och frid, Psykiskt våld (7b §), Mot kvinna 18 år eller äldre, Närstående genom parrelation
14956;Närstående genom släktskap/familj;3;11091;4 kap. Brott mot frihet och frid;Brott mot brottsbalken, 3-7 kap. Brott mot person, 4 kap. Brott mot frihet och frid, Psykiskt våld (7b §), Mot kvinna 18 år eller äldre, Närstående genom släktskap/familj
14955;Annan slags relation eller bekantskap;3;11091;4 kap. Brott mot frihet och frid;Brott mot brottsbalken, 3-7 kap. Brott mot person, 4 kap. Brott mot frihet och frid, Psykiskt våld (7b §), Mot kvinna 18 år eller äldre, Annan slags relation eller bekantskap
14953;Obekanta;3;11091;4 kap. Brott mot frihet och frid;Brott mot brottsbalken, 3-7 kap. Brott mot person, 4 kap. Brott mot frihet och frid, Psykiskt våld (7b §), Mot kvinna 18 år eller äldre, Obekanta
14947;Mot man 18 år eller äldre;2;11091;4 kap. Brott mot frihet och frid;Brott mot brottsbalken, 3-7 kap. Brott mot person, 4 kap. Brott mot frihet och frid, Psykiskt våld (7b §), Mot man 18 år eller äldre
14961;Närstående genom parrelation;3;11091;4 kap. Brott mot frihet och frid;Brott mot brottsbalken, 3-7 kap. Brott mot person, 4 kap. Brott mot frihet och frid, Psykiskt våld (7b §), Mot man 18 år eller äldre, Närstående genom parrelation
14960;Närstående genom släktskap/familj;3;11091;4 kap. Brott mot frihet och frid;Brott mot brottsbalken, 3-7 kap. Brott mot person, 4 kap. Brott mot frihet och frid, Psykiskt våld (7b §), Mot man 18 år eller äldre, Närstående genom släktskap/familj
14959;Annan slags relation eller bekantskap;3;11091;4 kap. Brott mot frihet och frid;Brott mot brottsbalken, 3-7 kap. Brott mot person, 4 kap. Brott mot frihet och frid, Psykiskt våld (7b §), Mot man 18 år eller äldre, Annan slags relation eller bekantskap
14958;Obekanta;3;11091;4 kap. Brott mot frihet och frid;Brott mot brottsbalken, 3-7 kap. Brott mot person, 4 kap. Brott mot frihet och frid, Psykiskt våld (7b §), Mot man 18 år eller äldre, Obekanta
11305;Olovlig avlyssning m.m. (8-9 a §);1;11091;4 kap. Brott mot frihet och frid;Brott mot brottsbalken, 3-7 kap. Brott mot person, 4 kap. Brott mot frihet och frid, Olovlig avlyssning m.m. (8-9 a §)
11337;Dataintrång (9 c §);1;11091;4 kap. Brott mot frihet och frid;Brott mot brottsbalken, 3-7 kap. Brott mot person, 4 kap. Brott mot frihet och frid, Dataintrång (9 c §)
14492;Genom överbelastningsattack;3;11091;4 kap. Brott mot frihet och frid;Brott mot brottsbalken, 3-7 kap. Brott mot person, 4 kap. Brott mot frihet och frid, Dataintrång (9 c §),  Genom överbelastningsattack
14493;Med hjälp av skadlig kod i utpressningssyfte;3;11091;4 kap. Brott mot frihet och frid;Brott mot brottsbalken, 3-7 kap. Brott mot person, 4 kap. Brott mot frihet och frid, Dataintrång (9 c §),  Med hjälp av skadlig kod i utpressningssyfte
14494;Genom olovlig registerslagning;3;11091;4 kap. Brott mot frihet och frid;Brott mot brottsbalken, 3-7 kap. Brott mot person, 4 kap. Brott mot frihet och frid, Dataintrång (9 c §),  Genom olovlig registerslagning
14495;I sociala medier eller e-tjänster;3;11091;4 kap. Brott mot frihet och frid;Brott mot brottsbalken, 3-7 kap. Brott mot person, 4 kap. Brott mot frihet och frid, Dataintrång (9 c §),  I sociala medier eller e-tjänster
14496;Övrigt dataintrång;2;11091;4 kap. Brott mot frihet och frid;Brott mot brottsbalken, 3-7 kap. Brott mot person, 4 kap. Brott mot frihet och frid, Dataintrång (9 c §), Övrigt dataintrång
11092;5 kap. Ärekränkningsbrott;0;11092;5 kap. Ärekränkningsbrott;Brott mot brottsbalken, 3-7 kap. Brott mot person, 5 kap. Ärekränkningsbrott
11092;5 kap. Ärekränkningsbrott;1;11086;3-7 kap. Brott mot person;Brott mot brottsbalken, 3-7 kap. Brott mot person, 5 kap. Ärekränkningsbrott
13087;Mot barn under 18 år;1;11092;5 kap. Ärekränkningsbrott;Brott mot brottsbalken, 3-7 kap. Brott mot person, 5 kap. Ärekränkningsbrott, Mot barn under 18 år
13090;Mot flicka under 18 år;2;11092;5 kap. Ärekränkningsbrott;Brott mot brottsbalken, 3-7 kap. Brott mot person, 5 kap. Ärekränkningsbrott, Mot barn under 18 år, Mot flicka under 18 år
13135;Internetrelaterad;3;11092;5 kap. Ärekränkningsbrott;Brott mot brottsbalken, 3-7 kap. Brott mot person, 5 kap. Ärekränkningsbrott, Mot barn under 18 år, Mot flicka under 18 år, Internetrelaterad
13136;Ej internetrelaterad;3;11092;5 kap. Ärekränkningsbrott;Brott mot brottsbalken, 3-7 kap. Brott mot person, 5 kap. Ärekränkningsbrott, Mot barn under 18 år, Mot flicka under 18 år, Ej internetrelaterad
13091;Mot pojke under 18 år;2;11092;5 kap. Ärekränkningsbrott;Brott mot brottsbalken, 3-7 kap. Brott mot person, 5 kap. Ärekränkningsbrott, Mot barn under 18 år, Mot pojke under 18 år
13137;Internetrelaterad;3;11092;5 kap. Ärekränkningsbrott;Brott mot brottsbalken, 3-7 kap. Brott mot person, 5 kap. Ärekränkningsbrott, Mot barn under 18 år, Mot pojke under 18 år, Internetrelaterad
13138;Ej internetrelaterad;3;11092;5 kap. Ärekränkningsbrott;Brott mot brottsbalken, 3-7 kap. Brott mot person, 5 kap. Ärekränkningsbrott, Mot barn under 18 år, Mot pojke under 18 år, Ej internetrelaterad
13088;Mot kvinna 18 år eller äldre;1;11092;5 kap. Ärekränkningsbrott;Brott mot brottsbalken, 3-7 kap. Brott mot person, 5 kap. Ärekränkningsbrott, Mot kvinna 18 år eller äldre
13139;Internetrelaterad;2;11092;5 kap. Ärekränkningsbrott;Brott mot brottsbalken, 3-7 kap. Brott mot person, 5 kap. Ärekränkningsbrott, Mot kvinna 18 år eller äldre, Internetrelaterad
13140;Ej internetrelaterad;2;11092;5 kap. Ärekränkningsbrott;Brott mot brottsbalken, 3-7 kap. Brott mot person, 5 kap. Ärekränkningsbrott, Mot kvinna 18 år eller äldre, Ej internetrelaterad
13089;Mot man 18 år eller äldre;1;11092;5 kap. Ärekränkningsbrott;Brott mot brottsbalken, 3-7 kap. Brott mot person, 5 kap. Ärekränkningsbrott, Mot man 18 år eller äldre
13141;Internetrelaterad;2;11092;5 kap. Ärekränkningsbrott;Brott mot brottsbalken, 3-7 kap. Brott mot person, 5 kap. Ärekränkningsbrott, Mot man 18 år eller äldre, Internetrelaterad
13142;Ej internetrelaterad;2;11092;5 kap. Ärekränkningsbrott;Brott mot brottsbalken, 3-7 kap. Brott mot person, 5 kap. Ärekränkningsbrott, Mot man 18 år eller äldre, Ej internetrelaterad
11093;6 kap. Sexualbrott;0;11093;6 kap. Sexualbrott;Brott mot brottsbalken, 3-7 kap. Brott mot person, 6 kap. Sexualbrott
11093;6 kap. Sexualbrott;1;11086;3-7 kap. Brott mot person;Brott mot brottsbalken, 3-7 kap. Brott mot person, 6 kap. Sexualbrott
11338;Våldtäkt inkl. grov (1, 4 §);0;11338;Våldtäkt inkl. grov (1, 4 §);Brott mot brottsbalken, 3-7 kap. Brott mot person, 6 kap. Sexualbrott, Våldtäkt inkl. grov (1, 4 §)
11338;Våldtäkt inkl. grov (1, 4 §);1;11093;6 kap. Sexualbrott;Brott mot brottsbalken, 3-7 kap. Brott mot person, 6 kap. Sexualbrott, Våldtäkt inkl. grov (1, 4 §)
12818;Indelat efter ålder;0;12818;Indelat efter ålder;Brott mot brottsbalken, 3-7 kap. Brott mot person, 6 kap. Sexualbrott, Våldtäkt inkl. grov (1, 4 §), Indelat efter ålder
12818;Indelat efter ålder;1;11338;Våldtäkt inkl. grov (1, 4 §);Brott mot brottsbalken, 3-7 kap. Brott mot person, 6 kap. Sexualbrott, Våldtäkt inkl. grov (1, 4 §), Indelat efter ålder
12820;Mot barn under 15 år (4 §);1;12818;Indelat efter ålder;Brott mot brottsbalken, 3-7 kap. Brott mot person, 6 kap. Sexualbrott, Våldtäkt inkl. grov (1, 4 §), Indelat efter ålder, Mot barn under 15 år (4 §)
12878;Fullbordad våldtäkt;2;12818;Indelat efter ålder;Brott mot brottsbalken, 3-7 kap. Brott mot person, 6 kap. Sexualbrott, Våldtäkt inkl. grov (1, 4 §), Indelat efter ålder, Mot barn under 15 år (4 §), Fullbordad våldtäkt
12886;Utomhus (t.o.m. 2024);3;12818;Indelat efter ålder;Brott mot brottsbalken, 3-7 kap. Brott mot person, 6 kap. Sexualbrott, Våldtäkt inkl. grov (1, 4 §), Indelat efter ålder, Mot barn under 15 år (4 §), Fullbordad våldtäkt, Utomhus (t.o.m. 2024)
12892;Inomhus (t.o.m. 2024);3;12818;Indelat efter ålder;Brott mot brottsbalken, 3-7 kap. Brott mot person, 6 kap. Sexualbrott, Våldtäkt inkl. grov (1, 4 §), Indelat efter ålder, Mot barn under 15 år (4 §), Fullbordad våldtäkt, Inomhus (t.o.m. 2024)
12879;Försök till våldtäkt;2;12818;Indelat efter ålder;Brott mot brottsbalken, 3-7 kap. Brott mot person, 6 kap. Sexualbrott, Våldtäkt inkl. grov (1, 4 §), Indelat efter ålder, Mot barn under 15 år (4 §), Försök till våldtäkt
12887;Utomhus (t.o.m. 2024);3;12818;Indelat efter ålder;Brott mot brottsbalken, 3-7 kap. Brott mot person, 6 kap. Sexualbrott, Våldtäkt inkl. grov (1, 4 §), Indelat efter ålder, Mot barn under 15 år (4 §), Försök till våldtäkt, Utomhus (t.o.m. 2024)
12893;Inomhus (t.o.m. 2024);3;12818;Indelat efter ålder;Brott mot brottsbalken, 3-7 kap. Brott mot person, 6 kap. Sexualbrott, Våldtäkt inkl. grov (1, 4 §), Indelat efter ålder, Mot barn under 15 år (4 §), Försök till våldtäkt, Inomhus (t.o.m. 2024)
12880;Mot flicka under 15 år;2;12818;Indelat efter ålder;Brott mot brottsbalken, 3-7 kap. Brott mot person, 6 kap. Sexualbrott, Våldtäkt inkl. grov (1, 4 §), Indelat efter ålder, Mot barn under 15 år (4 §), Mot flicka under 15 år
12882;Fullbordad våldtäkt;3;12818;Indelat efter ålder;Brott mot brottsbalken, 3-7 kap. Brott mot person, 6 kap. Sexualbrott, Våldtäkt inkl. grov (1, 4 §), Indelat efter ålder, Mot barn under 15 år (4 §), Mot flicka under 15 år, Fullbordad våldtäkt
12888;Utomhus (t.o.m. 2024);4;12818;Indelat efter ålder;Brott mot brottsbalken, 3-7 kap. Brott mot person, 6 kap. Sexualbrott, Våldtäkt inkl. grov (1, 4 §), Indelat efter ålder, Mot barn under 15 år (4 §), Mot flicka under 15 år, Fullbordad våldtäkt, Utomhus (t.o.m. 2024)
12894;Inomhus (t.o.m. 2024);4;12818;Indelat efter ålder;Brott mot brottsbalken, 3-7 kap. Brott mot person, 6 kap. Sexualbrott, Våldtäkt inkl. grov (1, 4 §), Indelat efter ålder, Mot barn under 15 år (4 §), Mot flicka under 15 år, Fullbordad våldtäkt, Inomhus (t.o.m. 2024)
12884;Försök till våldtäkt;3;12818;Indelat efter ålder;Brott mot brottsbalken, 3-7 kap. Brott mot person, 6 kap. Sexualbrott, Våldtäkt inkl. grov (1, 4 §), Indelat efter ålder, Mot barn under 15 år (4 §), Mot flicka under 15 år, Försök till våldtäkt
12889;Utomhus (t.o.m. 2024);4;12818;Indelat efter ålder;Brott mot brottsbalken, 3-7 kap. Brott mot person, 6 kap. Sexualbrott, Våldtäkt inkl. grov (1, 4 §), Indelat efter ålder, Mot barn under 15 år (4 §), Mot flicka under 15 år, Försök till våldtäkt, Utomhus (t.o.m. 2024)
12895;Inomhus (t.o.m. 2024);4;12818;Indelat efter ålder;Brott mot brottsbalken, 3-7 kap. Brott mot person, 6 kap. Sexualbrott, Våldtäkt inkl. grov (1, 4 §), Indelat efter ålder, Mot barn under 15 år (4 §), Mot flicka under 15 år, Försök till våldtäkt, Inomhus (t.o.m. 2024)
12881;Mot pojke under 15 år;2;12818;Indelat efter ålder;Brott mot brottsbalken, 3-7 kap. Brott mot person, 6 kap. Sexualbrott, Våldtäkt inkl. grov (1, 4 §), Indelat efter ålder, Mot barn under 15 år (4 §), Mot pojke under 15 år
12883;Fullbordad våldtäkt;3;12818;Indelat efter ålder;Brott mot brottsbalken, 3-7 kap. Brott mot person, 6 kap. Sexualbrott, Våldtäkt inkl. grov (1, 4 §), Indelat efter ålder, Mot barn under 15 år (4 §), Mot pojke under 15 år, Fullbordad våldtäkt
12890;Utomhus (t.o.m. 2024);4;12818;Indelat efter ålder;Brott mot brottsbalken, 3-7 kap. Brott mot person, 6 kap. Sexualbrott, Våldtäkt inkl. grov (1, 4 §), Indelat efter ålder, Mot barn under 15 år (4 §), Mot pojke under 15 år, Fullbordad våldtäkt, Utomhus (t.o.m. 2024)
12896;Inomhus (t.o.m. 2024);4;12818;Indelat efter ålder;Brott mot brottsbalken, 3-7 kap. Brott mot person, 6 kap. Sexualbrott, Våldtäkt inkl. grov (1, 4 §), Indelat efter ålder, Mot barn under 15 år (4 §), Mot pojke under 15 år, Fullbordad våldtäkt, Inomhus (t.o.m. 2024)
12885;Försök till våldtäkt;3;12818;Indelat efter ålder;Brott mot brottsbalken, 3-7 kap. Brott mot person, 6 kap. Sexualbrott, Våldtäkt inkl. grov (1, 4 §), Indelat efter ålder, Mot barn under 15 år (4 §), Mot pojke under 15 år, Försök till våldtäkt
12891;Utomhus (t.o.m. 2024);4;12818;Indelat efter ålder;Brott mot brottsbalken, 3-7 kap. Brott mot person, 6 kap. Sexualbrott, Våldtäkt inkl. grov (1, 4 §), Indelat efter ålder, Mot barn under 15 år (4 §), Mot pojke under 15 år, Försök till våldtäkt, Utomhus (t.o.m. 2024)
12897;Inomhus (t.o.m. 2024);4;12818;Indelat efter ålder;Brott mot brottsbalken, 3-7 kap. Brott mot person, 6 kap. Sexualbrott, Våldtäkt inkl. grov (1, 4 §), Indelat efter ålder, Mot barn under 15 år (4 §), Mot pojke under 15 år, Försök till våldtäkt, Inomhus (t.o.m. 2024)
12821;Mot barn 15-17 år (1, 4 §);1;12818;Indelat efter ålder;Brott mot brottsbalken, 3-7 kap. Brott mot person, 6 kap. Sexualbrott, Våldtäkt inkl. grov (1, 4 §), Indelat efter ålder, Mot barn 15-17 år (1, 4 §)
12898;Mot flicka 15-17 år;2;12818;Indelat efter ålder;Brott mot brottsbalken, 3-7 kap. Brott mot person, 6 kap. Sexualbrott, Våldtäkt inkl. grov (1, 4 §), Indelat efter ålder, Mot barn 15-17 år (1, 4 §), Mot flicka 15-17 år
12900;Fullbordad våldtäkt;3;12818;Indelat efter ålder;Brott mot brottsbalken, 3-7 kap. Brott mot person, 6 kap. Sexualbrott, Våldtäkt inkl. grov (1, 4 §), Indelat efter ålder, Mot barn 15-17 år (1, 4 §), Mot flicka 15-17 år, Fullbordad våldtäkt
12904;Utomhus (t.o.m. 2024);4;12818;Indelat efter ålder;Brott mot brottsbalken, 3-7 kap. Brott mot person, 6 kap. Sexualbrott, Våldtäkt inkl. grov (1, 4 §), Indelat efter ålder, Mot barn 15-17 år (1, 4 §), Mot flicka 15-17 år, Fullbordad våldtäkt, Utomhus (t.o.m. 2024)
12918;Inomhus (t.o.m. 2024);4;12818;Indelat efter ålder;Brott mot brottsbalken, 3-7 kap. Brott mot person, 6 kap. Sexualbrott, Våldtäkt inkl. grov (1, 4 §), Indelat efter ålder, Mot barn 15-17 år (1, 4 §), Mot flicka 15-17 år, Fullbordad våldtäkt, Inomhus (t.o.m. 2024)
12902;Försök till våldtäkt;3;12818;Indelat efter ålder;Brott mot brottsbalken, 3-7 kap. Brott mot person, 6 kap. Sexualbrott, Våldtäkt inkl. grov (1, 4 §), Indelat efter ålder, Mot barn 15-17 år (1, 4 §), Mot flicka 15-17 år, Försök till våldtäkt
12905;Utomhus (t.o.m. 2024);4;12818;Indelat efter ålder;Brott mot brottsbalken, 3-7 kap. Brott mot person, 6 kap. Sexualbrott, Våldtäkt inkl. grov (1, 4 §), Indelat efter ålder, Mot barn 15-17 år (1, 4 §), Mot flicka 15-17 år, Försök till våldtäkt, Utomhus (t.o.m. 2024)
12917;Inomhus (t.o.m. 2024);4;12818;Indelat efter ålder;Brott mot brottsbalken, 3-7 kap. Brott mot person, 6 kap. Sexualbrott, Våldtäkt inkl. grov (1, 4 §), Indelat efter ålder, Mot barn 15-17 år (1, 4 §), Mot flicka 15-17 år, Försök till våldtäkt, Inomhus (t.o.m. 2024)
12899;Mot pojke 15-17 år;2;12818;Indelat efter ålder;Brott mot brottsbalken, 3-7 kap. Brott mot person, 6 kap. Sexualbrott, Våldtäkt inkl. grov (1, 4 §), Indelat efter ålder, Mot barn 15-17 år (1, 4 §), Mot pojke 15-17 år
12901;Fullbordad våldtäkt;3;12818;Indelat efter ålder;Brott mot brottsbalken, 3-7 kap. Brott mot person, 6 kap. Sexualbrott, Våldtäkt inkl. grov (1, 4 §), Indelat efter ålder, Mot barn 15-17 år (1, 4 §), Mot pojke 15-17 år, Fullbordad våldtäkt
12906;Utomhus (t.o.m. 2024);4;12818;Indelat efter ålder;Brott mot brottsbalken, 3-7 kap. Brott mot person, 6 kap. Sexualbrott, Våldtäkt inkl. grov (1, 4 §), Indelat efter ålder, Mot barn 15-17 år (1, 4 §), Mot pojke 15-17 år, Fullbordad våldtäkt, Utomhus (t.o.m. 2024)
12916;Inomhus (t.o.m. 2024);4;12818;Indelat efter ålder;Brott mot brottsbalken, 3-7 kap. Brott mot person, 6 kap. Sexualbrott, Våldtäkt inkl. grov (1, 4 §), Indelat efter ålder, Mot barn 15-17 år (1, 4 §), Mot pojke 15-17 år, Fullbordad våldtäkt, Inomhus (t.o.m. 2024)
12903;Försök till våldtäkt;3;12818;Indelat efter ålder;Brott mot brottsbalken, 3-7 kap. Brott mot person, 6 kap. Sexualbrott, Våldtäkt inkl. grov (1, 4 §), Indelat efter ålder, Mot barn 15-17 år (1, 4 §), Mot pojke 15-17 år, Försök till våldtäkt
12907;Utomhus (t.o.m. 2024);4;12818;Indelat efter ålder;Brott mot brottsbalken, 3-7 kap. Brott mot person, 6 kap. Sexualbrott, Våldtäkt inkl. grov (1, 4 §), Indelat efter ålder, Mot barn 15-17 år (1, 4 §), Mot pojke 15-17 år, Försök till våldtäkt, Utomhus (t.o.m. 2024)
12915;Inomhus (t.o.m. 2024);4;12818;Indelat efter ålder;Brott mot brottsbalken, 3-7 kap. Brott mot person, 6 kap. Sexualbrott, Våldtäkt inkl. grov (1, 4 §), Indelat efter ålder, Mot barn 15-17 år (1, 4 §), Mot pojke 15-17 år, Försök till våldtäkt, Inomhus (t.o.m. 2024)
12908;Mot kvinna 18 år eller äldre (1 §) (15 år och äldre t.o.m. 2006);1;12818;Indelat efter ålder;Brott mot brottsbalken, 3-7 kap. Brott mot person, 6 kap. Sexualbrott, Våldtäkt inkl. grov (1, 4 §), Indelat efter ålder, Mot kvinna 18 år eller äldre (1 §) (15 år och äldre t.o.m. 2006)
12909;Fullbordad våldtäkt;2;12818;Indelat efter ålder;Brott mot brottsbalken, 3-7 kap. Brott mot person, 6 kap. Sexualbrott, Våldtäkt inkl. grov (1, 4 §), Indelat efter ålder, Mot kvinna 18 år eller äldre (1 §) (15 år och äldre t.o.m. 2006), Fullbordad våldtäkt
12911;Utomhus;3;12818;Indelat efter ålder;Brott mot brottsbalken, 3-7 kap. Brott mot person, 6 kap. Sexualbrott, Våldtäkt inkl. grov (1, 4 §), Indelat efter ålder, Mot kvinna 18 år eller äldre (1 §) (15 år och äldre t.o.m. 2006), Fullbordad våldtäkt, Utomhus
13949;Närstående genom parrelation;4;12818;Indelat efter ålder;Brott mot brottsbalken, 3-7 kap. Brott mot person, 6 kap. Sexualbrott, Våldtäkt inkl. grov (1, 4 §), Indelat efter ålder, Mot kvinna 18 år eller äldre (1 §) (15 år och äldre t.o.m. 2006), Fullbordad våldtäkt, Utomhus, Närstående genom parrelation
13953;Närstående genom släktskap/familj;4;12818;Indelat efter ålder;Brott mot brottsbalken, 3-7 kap. Brott mot person, 6 kap. Sexualbrott, Våldtäkt inkl. grov (1, 4 §), Indelat efter ålder, Mot kvinna 18 år eller äldre (1 §) (15 år och äldre t.o.m. 2006), Fullbordad våldtäkt, Utomhus, Närstående genom släktskap/familj
13961;Annan slags relation;4;12818;Indelat efter ålder;Brott mot brottsbalken, 3-7 kap. Brott mot person, 6 kap. Sexualbrott, Våldtäkt inkl. grov (1, 4 §), Indelat efter ålder, Mot kvinna 18 år eller äldre (1 §) (15 år och äldre t.o.m. 2006), Fullbordad våldtäkt, Utomhus, Annan slags relation
13967;Obekanta;4;12818;Indelat efter ålder;Brott mot brottsbalken, 3-7 kap. Brott mot person, 6 kap. Sexualbrott, Våldtäkt inkl. grov (1, 4 §), Indelat efter ålder, Mot kvinna 18 år eller äldre (1 §) (15 år och äldre t.o.m. 2006), Fullbordad våldtäkt, Utomhus, Obekanta
12914;Inomhus;3;12818;Indelat efter ålder;Brott mot brottsbalken, 3-7 kap. Brott mot person, 6 kap. Sexualbrott, Våldtäkt inkl. grov (1, 4 §), Indelat efter ålder, Mot kvinna 18 år eller äldre (1 §) (15 år och äldre t.o.m. 2006), Fullbordad våldtäkt, Inomhus
13950;Närstående genom parrelation;4;12818;Indelat efter ålder;Brott mot brottsbalken, 3-7 kap. Brott mot person, 6 kap. Sexualbrott, Våldtäkt inkl. grov (1, 4 §), Indelat efter ålder, Mot kvinna 18 år eller äldre (1 §) (15 år och äldre t.o.m. 2006), Fullbordad våldtäkt, Inomhus, Närstående genom parrelation
13954;Närstående genom släktskap/familj;4;12818;Indelat efter ålder;Brott mot brottsbalken, 3-7 kap. Brott mot person, 6 kap. Sexualbrott, Våldtäkt inkl. grov (1, 4 §), Indelat efter ålder, Mot kvinna 18 år eller äldre (1 §) (15 år och äldre t.o.m. 2006), Fullbordad våldtäkt, Inomhus, Närstående genom släktskap/familj
13962;Annan slags relation;4;12818;Indelat efter ålder;Brott mot brottsbalken, 3-7 kap. Brott mot person, 6 kap. Sexualbrott, Våldtäkt inkl. grov (1, 4 §), Indelat efter ålder, Mot kvinna 18 år eller äldre (1 §) (15 år och äldre t.o.m. 2006), Fullbordad våldtäkt, Inomhus, Annan slags relation
13968;Obekanta;4;12818;Indelat efter ålder;Brott mot brottsbalken, 3-7 kap. Brott mot person, 6 kap. Sexualbrott, Våldtäkt inkl. grov (1, 4 §), Indelat efter ålder, Mot kvinna 18 år eller äldre (1 §) (15 år och äldre t.o.m. 2006), Fullbordad våldtäkt, Inomhus, Obekanta
12910;Försök till våldtäkt;2;12818;Indelat efter ålder;Brott mot brottsbalken, 3-7 kap. Brott mot person, 6 kap. Sexualbrott, Våldtäkt inkl. grov (1, 4 §), Indelat efter ålder, Mot kvinna 18 år eller äldre (1 §) (15 år och äldre t.o.m. 2006), Försök till våldtäkt
12912;Utomhus;3;12818;Indelat efter ålder;Brott mot brottsbalken, 3-7 kap. Brott mot person, 6 kap. Sexualbrott, Våldtäkt inkl. grov (1, 4 §), Indelat efter ålder, Mot kvinna 18 år eller äldre (1 §) (15 år och äldre t.o.m. 2006), Försök till våldtäkt, Utomhus
13945;Närstående genom parrelation;4;12818;Indelat efter ålder;Brott mot brottsbalken, 3-7 kap. Brott mot person, 6 kap. Sexualbrott, Våldtäkt inkl. grov (1, 4 §), Indelat efter ålder, Mot kvinna 18 år eller äldre (1 §) (15 år och äldre t.o.m. 2006), Försök till våldtäkt, Utomhus, Närstående genom parrelation
13946;Närstående genom släktskap/familj;4;12818;Indelat efter ålder;Brott mot brottsbalken, 3-7 kap. Brott mot person, 6 kap. Sexualbrott, Våldtäkt inkl. grov (1, 4 §), Indelat efter ålder, Mot kvinna 18 år eller äldre (1 §) (15 år och äldre t.o.m. 2006), Försök till våldtäkt, Utomhus, Närstående genom släktskap/familj
13947;Annan slags relation;4;12818;Indelat efter ålder;Brott mot brottsbalken, 3-7 kap. Brott mot person, 6 kap. Sexualbrott, Våldtäkt inkl. grov (1, 4 §), Indelat efter ålder, Mot kvinna 18 år eller äldre (1 §) (15 år och äldre t.o.m. 2006), Försök till våldtäkt, Utomhus, Annan slags relation
13948;Obekanta;4;12818;Indelat efter ålder;Brott mot brottsbalken, 3-7 kap. Brott mot person, 6 kap. Sexualbrott, Våldtäkt inkl. grov (1, 4 §), Indelat efter ålder, Mot kvinna 18 år eller äldre (1 §) (15 år och äldre t.o.m. 2006), Försök till våldtäkt, Utomhus, Obekanta
12913;Inomhus;3;12818;Indelat efter ålder;Brott mot brottsbalken, 3-7 kap. Brott mot person, 6 kap. Sexualbrott, Våldtäkt inkl. grov (1, 4 §), Indelat efter ålder, Mot kvinna 18 år eller äldre (1 §) (15 år och äldre t.o.m. 2006), Försök till våldtäkt, Inomhus
13941;Närstående genom parrelation;4;12818;Indelat efter ålder;Brott mot brottsbalken, 3-7 kap. Brott mot person, 6 kap. Sexualbrott, Våldtäkt inkl. grov (1, 4 §), Indelat efter ålder, Mot kvinna 18 år eller äldre (1 §) (15 år och äldre t.o.m. 2006), Försök till våldtäkt, Inomhus, Närstående genom parrelation
13942;Närstående genom släktskap/familj;4;12818;Indelat efter ålder;Brott mot brottsbalken, 3-7 kap. Brott mot person, 6 kap. Sexualbrott, Våldtäkt inkl. grov (1, 4 §), Indelat efter ålder, Mot kvinna 18 år eller äldre (1 §) (15 år och äldre t.o.m. 2006), Försök till våldtäkt, Inomhus, Närstående genom släktskap/familj
13943;Annan slags relation;4;12818;Indelat efter ålder;Brott mot brottsbalken, 3-7 kap. Brott mot person, 6 kap. Sexualbrott, Våldtäkt inkl. grov (1, 4 §), Indelat efter ålder, Mot kvinna 18 år eller äldre (1 §) (15 år och äldre t.o.m. 2006), Försök till våldtäkt, Inomhus, Annan slags relation
13944;Obekanta;4;12818;Indelat efter ålder;Brott mot brottsbalken, 3-7 kap. Brott mot person, 6 kap. Sexualbrott, Våldtäkt inkl. grov (1, 4 §), Indelat efter ålder, Mot kvinna 18 år eller äldre (1 §) (15 år och äldre t.o.m. 2006), Försök till våldtäkt, Inomhus, Obekanta
12823;Mot man 18 år eller äldre (1 §) (15 år och äldre t.o.m. 2006);1;12818;Indelat efter ålder;Brott mot brottsbalken, 3-7 kap. Brott mot person, 6 kap. Sexualbrott, Våldtäkt inkl. grov (1, 4 §), Indelat efter ålder, Mot man 18 år eller äldre (1 §) (15 år och äldre t.o.m. 2006)
12861;Fullbordad våldtäkt;2;12818;Indelat efter ålder;Brott mot brottsbalken, 3-7 kap. Brott mot person, 6 kap. Sexualbrott, Våldtäkt inkl. grov (1, 4 §), Indelat efter ålder, Mot man 18 år eller äldre (1 §) (15 år och äldre t.o.m. 2006), Fullbordad våldtäkt
12868;Utomhus;3;12818;Indelat efter ålder;Brott mot brottsbalken, 3-7 kap. Brott mot person, 6 kap. Sexualbrott, Våldtäkt inkl. grov (1, 4 §), Indelat efter ålder, Mot man 18 år eller äldre (1 §) (15 år och äldre t.o.m. 2006), Fullbordad våldtäkt, Utomhus
13951;Närstående genom parrelation;4;12818;Indelat efter ålder;Brott mot brottsbalken, 3-7 kap. Brott mot person, 6 kap. Sexualbrott, Våldtäkt inkl. grov (1, 4 §), Indelat efter ålder, Mot man 18 år eller äldre (1 §) (15 år och äldre t.o.m. 2006), Fullbordad våldtäkt, Utomhus, Närstående genom parrelation
13955;Närstående genom släktskap/familj;4;12818;Indelat efter ålder;Brott mot brottsbalken, 3-7 kap. Brott mot person, 6 kap. Sexualbrott, Våldtäkt inkl. grov (1, 4 §), Indelat efter ålder, Mot man 18 år eller äldre (1 §) (15 år och äldre t.o.m. 2006), Fullbordad våldtäkt, Utomhus, Närstående genom släktskap/familj
13963;Annan slags relation;4;12818;Indelat efter ålder;Brott mot brottsbalken, 3-7 kap. Brott mot person, 6 kap. Sexualbrott, Våldtäkt inkl. grov (1, 4 §), Indelat efter ålder, Mot man 18 år eller äldre (1 §) (15 år och äldre t.o.m. 2006), Fullbordad våldtäkt, Utomhus, Annan slags relation
13969;Obekanta;4;12818;Indelat efter ålder;Brott mot brottsbalken, 3-7 kap. Brott mot person, 6 kap. Sexualbrott, Våldtäkt inkl. grov (1, 4 §), Indelat efter ålder, Mot man 18 år eller äldre (1 §) (15 år och äldre t.o.m. 2006), Fullbordad våldtäkt, Utomhus, Obekanta
12874;Inomhus;3;12818;Indelat efter ålder;Brott mot brottsbalken, 3-7 kap. Brott mot person, 6 kap. Sexualbrott, Våldtäkt inkl. grov (1, 4 §), Indelat efter ålder, Mot man 18 år eller äldre (1 §) (15 år och äldre t.o.m. 2006), Fullbordad våldtäkt, Inomhus
13952;Närstående genom parrelation;4;12818;Indelat efter ålder;Brott mot brottsbalken, 3-7 kap. Brott mot person, 6 kap. Sexualbrott, Våldtäkt inkl. grov (1, 4 §), Indelat efter ålder, Mot man 18 år eller äldre (1 §) (15 år och äldre t.o.m. 2006), Fullbordad våldtäkt, Inomhus, Närstående genom parrelation
13956;Närstående genom släktskap/familj;4;12818;Indelat efter ålder;Brott mot brottsbalken, 3-7 kap. Brott mot person, 6 kap. Sexualbrott, Våldtäkt inkl. grov (1, 4 §), Indelat efter ålder, Mot man 18 år eller äldre (1 §) (15 år och äldre t.o.m. 2006), Fullbordad våldtäkt, Inomhus, Närstående genom släktskap/familj
13964;Annan slags relation;4;12818;Indelat efter ålder;Brott mot brottsbalken, 3-7 kap. Brott mot person, 6 kap. Sexualbrott, Våldtäkt inkl. grov (1, 4 §), Indelat efter ålder, Mot man 18 år eller äldre (1 §) (15 år och äldre t.o.m. 2006), Fullbordad våldtäkt, Inomhus, Annan slags relation
13970;Obekanta;4;12818;Indelat efter ålder;Brott mot brottsbalken, 3-7 kap. Brott mot person, 6 kap. Sexualbrott, Våldtäkt inkl. grov (1, 4 §), Indelat efter ålder, Mot man 18 år eller äldre (1 §) (15 år och äldre t.o.m. 2006), Fullbordad våldtäkt, Inomhus, Obekanta
12864;Försök till våldtäkt;2;12818;Indelat efter ålder;Brott mot brottsbalken, 3-7 kap. Brott mot person, 6 kap. Sexualbrott, Våldtäkt inkl. grov (1, 4 §), Indelat efter ålder, Mot man 18 år eller äldre (1 §) (15 år och äldre t.o.m. 2006), Försök till våldtäkt
12869;Utomhus;3;12818;Indelat efter ålder;Brott mot brottsbalken, 3-7 kap. Brott mot person, 6 kap. Sexualbrott, Våldtäkt inkl. grov (1, 4 §), Indelat efter ålder, Mot man 18 år eller äldre (1 §) (15 år och äldre t.o.m. 2006), Försök till våldtäkt, Utomhus
13959;Närstående genom parrelation;4;12818;Indelat efter ålder;Brott mot brottsbalken, 3-7 kap. Brott mot person, 6 kap. Sexualbrott, Våldtäkt inkl. grov (1, 4 §), Indelat efter ålder, Mot man 18 år eller äldre (1 §) (15 år och äldre t.o.m. 2006), Försök till våldtäkt, Utomhus, Närstående genom parrelation
13957;Närstående genom släktskap/familj;4;12818;Indelat efter ålder;Brott mot brottsbalken, 3-7 kap. Brott mot person, 6 kap. Sexualbrott, Våldtäkt inkl. grov (1, 4 §), Indelat efter ålder, Mot man 18 år eller äldre (1 §) (15 år och äldre t.o.m. 2006), Försök till våldtäkt, Utomhus, Närstående genom släktskap/familj
13965;Annan slags relation;4;12818;Indelat efter ålder;Brott mot brottsbalken, 3-7 kap. Brott mot person, 6 kap. Sexualbrott, Våldtäkt inkl. grov (1, 4 §), Indelat efter ålder, Mot man 18 år eller äldre (1 §) (15 år och äldre t.o.m. 2006), Försök till våldtäkt, Utomhus, Annan slags relation
13971;Obekanta;4;12818;Indelat efter ålder;Brott mot brottsbalken, 3-7 kap. Brott mot person, 6 kap. Sexualbrott, Våldtäkt inkl. grov (1, 4 §), Indelat efter ålder, Mot man 18 år eller äldre (1 §) (15 år och äldre t.o.m. 2006), Försök till våldtäkt, Utomhus, Obekanta
12875;Inomhus;3;12818;Indelat efter ålder;Brott mot brottsbalken, 3-7 kap. Brott mot person, 6 kap. Sexualbrott, Våldtäkt inkl. grov (1, 4 §), Indelat efter ålder, Mot man 18 år eller äldre (1 §) (15 år och äldre t.o.m. 2006), Försök till våldtäkt, Inomhus
13960;Närstående genom parrelation;4;12818;Indelat efter ålder;Brott mot brottsbalken, 3-7 kap. Brott mot person, 6 kap. Sexualbrott, Våldtäkt inkl. grov (1, 4 §), Indelat efter ålder, Mot man 18 år eller äldre (1 §) (15 år och äldre t.o.m. 2006), Försök till våldtäkt, Inomhus, Närstående genom parrelation
13958;Närstående genom släktskap/familj;4;12818;Indelat efter ålder;Brott mot brottsbalken, 3-7 kap. Brott mot person, 6 kap. Sexualbrott, Våldtäkt inkl. grov (1, 4 §), Indelat efter ålder, Mot man 18 år eller äldre (1 §) (15 år och äldre t.o.m. 2006), Försök till våldtäkt, Inomhus, Närstående genom släktskap/familj
13966;Annan slags relation;4;12818;Indelat efter ålder;Brott mot brottsbalken, 3-7 kap. Brott mot person, 6 kap. Sexualbrott, Våldtäkt inkl. grov (1, 4 §), Indelat efter ålder, Mot man 18 år eller äldre (1 §) (15 år och äldre t.o.m. 2006), Försök till våldtäkt, Inomhus, Annan slags relation
13972;Obekanta;4;12818;Indelat efter ålder;Brott mot brottsbalken, 3-7 kap. Brott mot person, 6 kap. Sexualbrott, Våldtäkt inkl. grov (1, 4 §), Indelat efter ålder, Mot man 18 år eller äldre (1 §) (15 år och äldre t.o.m. 2006), Försök till våldtäkt, Inomhus, Obekanta
12824;Mot person 15 år eller äldre;1;12818;Indelat efter ålder;Brott mot brottsbalken, 3-7 kap. Brott mot person, 6 kap. Sexualbrott, Våldtäkt inkl. grov (1, 4 §), Indelat efter ålder, Mot person 15 år eller äldre
12862;Fullbordad våldtäkt;2;12818;Indelat efter ålder;Brott mot brottsbalken, 3-7 kap. Brott mot person, 6 kap. Sexualbrott, Våldtäkt inkl. grov (1, 4 §), Indelat efter ålder, Mot person 15 år eller äldre, Fullbordad våldtäkt
12870;Utomhus (t.o.m. 2024);3;12818;Indelat efter ålder;Brott mot brottsbalken, 3-7 kap. Brott mot person, 6 kap. Sexualbrott, Våldtäkt inkl. grov (1, 4 §), Indelat efter ålder, Mot person 15 år eller äldre, Fullbordad våldtäkt, Utomhus (t.o.m. 2024)
12876;Inomhus (t.o.m. 2024);3;12818;Indelat efter ålder;Brott mot brottsbalken, 3-7 kap. Brott mot person, 6 kap. Sexualbrott, Våldtäkt inkl. grov (1, 4 §), Indelat efter ålder, Mot person 15 år eller äldre, Fullbordad våldtäkt, Inomhus (t.o.m. 2024)
12865;Försök till våldtäkt;2;12818;Indelat efter ålder;Brott mot brottsbalken, 3-7 kap. Brott mot person, 6 kap. Sexualbrott, Våldtäkt inkl. grov (1, 4 §), Indelat efter ålder, Mot person 15 år eller äldre, Försök till våldtäkt
12871;Utomhus (t.o.m. 2024);3;12818;Indelat efter ålder;Brott mot brottsbalken, 3-7 kap. Brott mot person, 6 kap. Sexualbrott, Våldtäkt inkl. grov (1, 4 §), Indelat efter ålder, Mot person 15 år eller äldre, Försök till våldtäkt, Utomhus (t.o.m. 2024)
12877;Inomhus (t.o.m. 2024);3;12818;Indelat efter ålder;Brott mot brottsbalken, 3-7 kap. Brott mot person, 6 kap. Sexualbrott, Våldtäkt inkl. grov (1, 4 §), Indelat efter ålder, Mot person 15 år eller äldre, Försök till våldtäkt, Inomhus (t.o.m. 2024)
12819;Indelat efter kön (ej mot barn under 15 år t.o.m. 2007);0;12819;Indelat efter kön (ej mot barn under 15 år t.o.m. 2007);Brott mot brottsbalken, 3-7 kap. Brott mot person, 6 kap. Sexualbrott, Våldtäkt inkl. grov (1, 4 §), Indelat efter kön (ej mot barn under 15 år t.o.m. 2007)
12819;Indelat efter kön (ej mot barn under 15 år t.o.m. 2007);1;11338;Våldtäkt inkl. grov (1, 4 §);Brott mot brottsbalken, 3-7 kap. Brott mot person, 6 kap. Sexualbrott, Våldtäkt inkl. grov (1, 4 §), Indelat efter kön (ej mot barn under 15 år t.o.m. 2007)
12919;Mot flickor och kvinnor (ej mot barn under 15 år t.o.m. 2007);1;12819;Indelat efter kön (ej mot barn under 15 år t.o.m. 2007);Brott mot brottsbalken, 3-7 kap. Brott mot person, 6 kap. Sexualbrott, Våldtäkt inkl. grov (1, 4 §), Indelat efter kön (ej mot barn under 15 år t.o.m. 2007), Mot flickor och kvinnor (ej mot barn under 15 år t.o.m. 2007)
12921;Mot flicka under 15 år (4 §);2;12819;Indelat efter kön (ej mot barn under 15 år t.o.m. 2007);Brott mot brottsbalken, 3-7 kap. Brott mot person, 6 kap. Sexualbrott, Våldtäkt inkl. grov (1, 4 §), Indelat efter kön (ej mot barn under 15 år t.o.m. 2007), Mot flickor och kvinnor (ej mot barn under 15 år t.o.m. 2007), Mot flicka under 15 år (4 §)
12927;Fullbordad våldtäkt;3;12819;Indelat efter kön (ej mot barn under 15 år t.o.m. 2007);Brott mot brottsbalken, 3-7 kap. Brott mot person, 6 kap. Sexualbrott, Våldtäkt inkl. grov (1, 4 §), Indelat efter kön (ej mot barn under 15 år t.o.m. 2007), Mot flickor och kvinnor (ej mot barn under 15 år t.o.m. 2007), Mot flicka under 15 år (4 §), Fullbordad våldtäkt
12939;Utomhus (t.o.m. 2024);4;12819;Indelat efter kön (ej mot barn under 15 år t.o.m. 2007);Brott mot brottsbalken, 3-7 kap. Brott mot person, 6 kap. Sexualbrott, Våldtäkt inkl. grov (1, 4 §), Indelat efter kön (ej mot barn under 15 år t.o.m. 2007), Mot flickor och kvinnor (ej mot barn under 15 år t.o.m. 2007), Mot flicka under 15 år (4 §), Fullbordad våldtäkt, Utomhus (t.o.m. 2024)
12951;Inomhus (t.o.m. 2024);4;12819;Indelat efter kön (ej mot barn under 15 år t.o.m. 2007);Brott mot brottsbalken, 3-7 kap. Brott mot person, 6 kap. Sexualbrott, Våldtäkt inkl. grov (1, 4 §), Indelat efter kön (ej mot barn under 15 år t.o.m. 2007), Mot flickor och kvinnor (ej mot barn under 15 år t.o.m. 2007), Mot flicka under 15 år (4 §), Fullbordad våldtäkt, Inomhus (t.o.m. 2024)
12933;Försök till våldtäkt;3;12819;Indelat efter kön (ej mot barn under 15 år t.o.m. 2007);Brott mot brottsbalken, 3-7 kap. Brott mot person, 6 kap. Sexualbrott, Våldtäkt inkl. grov (1, 4 §), Indelat efter kön (ej mot barn under 15 år t.o.m. 2007), Mot flickor och kvinnor (ej mot barn under 15 år t.o.m. 2007), Mot flicka under 15 år (4 §), Försök till våldtäkt
12940;Utomhus (t.o.m. 2024);4;12819;Indelat efter kön (ej mot barn under 15 år t.o.m. 2007);Brott mot brottsbalken, 3-7 kap. Brott mot person, 6 kap. Sexualbrott, Våldtäkt inkl. grov (1, 4 §), Indelat efter kön (ej mot barn under 15 år t.o.m. 2007), Mot flickor och kvinnor (ej mot barn under 15 år t.o.m. 2007), Mot flicka under 15 år (4 §), Försök till våldtäkt, Utomhus (t.o.m. 2024)
12952;Inomhus (t.o.m. 2024);4;12819;Indelat efter kön (ej mot barn under 15 år t.o.m. 2007);Brott mot brottsbalken, 3-7 kap. Brott mot person, 6 kap. Sexualbrott, Våldtäkt inkl. grov (1, 4 §), Indelat efter kön (ej mot barn under 15 år t.o.m. 2007), Mot flickor och kvinnor (ej mot barn under 15 år t.o.m. 2007), Mot flicka under 15 år (4 §), Försök till våldtäkt, Inomhus (t.o.m. 2024)
12923;Mot flicka 15-17 år (1, 4 §);2;12819;Indelat efter kön (ej mot barn under 15 år t.o.m. 2007);Brott mot brottsbalken, 3-7 kap. Brott mot person, 6 kap. Sexualbrott, Våldtäkt inkl. grov (1, 4 §), Indelat efter kön (ej mot barn under 15 år t.o.m. 2007), Mot flickor och kvinnor (ej mot barn under 15 år t.o.m. 2007), Mot flicka 15-17 år (1, 4 §)
12928;Fullbordad våldtäkt;3;12819;Indelat efter kön (ej mot barn under 15 år t.o.m. 2007);Brott mot brottsbalken, 3-7 kap. Brott mot person, 6 kap. Sexualbrott, Våldtäkt inkl. grov (1, 4 §), Indelat efter kön (ej mot barn under 15 år t.o.m. 2007), Mot flickor och kvinnor (ej mot barn under 15 år t.o.m. 2007), Mot flicka 15-17 år (1, 4 §) , Fullbordad våldtäkt
12941;Utomhus (t.o.m. 2024);4;12819;Indelat efter kön (ej mot barn under 15 år t.o.m. 2007);Brott mot brottsbalken, 3-7 kap. Brott mot person, 6 kap. Sexualbrott, Våldtäkt inkl. grov (1, 4 §), Indelat efter kön (ej mot barn under 15 år t.o.m. 2007), Mot flickor och kvinnor (ej mot barn under 15 år t.o.m. 2007), Mot flicka 15-17 år (1, 4 §) , Fullbordad våldtäkt, Utomhus (t.o.m. 2024)
12953;Inomhus (t.o.m. 2024);4;12819;Indelat efter kön (ej mot barn under 15 år t.o.m. 2007);Brott mot brottsbalken, 3-7 kap. Brott mot person, 6 kap. Sexualbrott, Våldtäkt inkl. grov (1, 4 §), Indelat efter kön (ej mot barn under 15 år t.o.m. 2007), Mot flickor och kvinnor (ej mot barn under 15 år t.o.m. 2007), Mot flicka 15-17 år (1, 4 §) , Fullbordad våldtäkt, Inomhus (t.o.m. 2024)
12934;Försök till våldtäkt;3;12819;Indelat efter kön (ej mot barn under 15 år t.o.m. 2007);Brott mot brottsbalken, 3-7 kap. Brott mot person, 6 kap. Sexualbrott, Våldtäkt inkl. grov (1, 4 §), Indelat efter kön (ej mot barn under 15 år t.o.m. 2007), Mot flickor och kvinnor (ej mot barn under 15 år t.o.m. 2007), Mot flicka 15-17 år (1, 4 §) , Försök till våldtäkt
12942;Utomhus (t.o.m. 2024);4;12819;Indelat efter kön (ej mot barn under 15 år t.o.m. 2007);Brott mot brottsbalken, 3-7 kap. Brott mot person, 6 kap. Sexualbrott, Våldtäkt inkl. grov (1, 4 §), Indelat efter kön (ej mot barn under 15 år t.o.m. 2007), Mot flickor och kvinnor (ej mot barn under 15 år t.o.m. 2007), Mot flicka 15-17 år (1, 4 §) , Försök till våldtäkt, Utomhus (t.o.m. 2024)
12954;Inomhus (t.o.m. 2024);4;12819;Indelat efter kön (ej mot barn under 15 år t.o.m. 2007);Brott mot brottsbalken, 3-7 kap. Brott mot person, 6 kap. Sexualbrott, Våldtäkt inkl. grov (1, 4 §), Indelat efter kön (ej mot barn under 15 år t.o.m. 2007), Mot flickor och kvinnor (ej mot barn under 15 år t.o.m. 2007), Mot flicka 15-17 år (1, 4 §) , Försök till våldtäkt, Inomhus (t.o.m. 2024)
12925;Mot kvinna 18 år eller äldre (1 §) (15 år och äldre t.o.m. 2006);2;12819;Indelat efter kön (ej mot barn under 15 år t.o.m. 2007);Brott mot brottsbalken, 3-7 kap. Brott mot person, 6 kap. Sexualbrott, Våldtäkt inkl. grov (1, 4 §), Indelat efter kön (ej mot barn under 15 år t.o.m. 2007), Mot flickor och kvinnor (ej mot barn under 15 år t.o.m. 2007), Mot kvinna 18 år eller äldre (1 §) (15 år och äldre t.o.m. 2006)
12929;Fullbordad våldtäkt;3;12819;Indelat efter kön (ej mot barn under 15 år t.o.m. 2007);Brott mot brottsbalken, 3-7 kap. Brott mot person, 6 kap. Sexualbrott, Våldtäkt inkl. grov (1, 4 §), Indelat efter kön (ej mot barn under 15 år t.o.m. 2007), Mot flickor och kvinnor (ej mot barn under 15 år t.o.m. 2007), Mot kvinna 18 år eller äldre (1 §) (15 år och äldre t.o.m. 2006), Fullbordad våldtäkt
12943;Utomhus;4;12819;Indelat efter kön (ej mot barn under 15 år t.o.m. 2007);Brott mot brottsbalken, 3-7 kap. Brott mot person, 6 kap. Sexualbrott, Våldtäkt inkl. grov (1, 4 §), Indelat efter kön (ej mot barn under 15 år t.o.m. 2007), Mot flickor och kvinnor (ej mot barn under 15 år t.o.m. 2007), Mot kvinna 18 år eller äldre (1 §) (15 år och äldre t.o.m. 2006), Fullbordad våldtäkt, Utomhus
13973;Närstående genom parrelation;5;12819;Indelat efter kön (ej mot barn under 15 år t.o.m. 2007);Brott mot brottsbalken, 3-7 kap. Brott mot person, 6 kap. Sexualbrott, Våldtäkt inkl. grov (1, 4 §), Indelat efter kön (ej mot barn under 15 år t.o.m. 2007), Mot flickor och kvinnor (ej mot barn under 15 år t.o.m. 2007), Mot kvinna 18 år eller äldre (1 §) (15 år och äldre t.o.m. 2006), Fullbordad våldtäkt, Utomhus, Närstående genom parrelation
13981;Närstående genom släktskap/familj;5;12819;Indelat efter kön (ej mot barn under 15 år t.o.m. 2007);Brott mot brottsbalken, 3-7 kap. Brott mot person, 6 kap. Sexualbrott, Våldtäkt inkl. grov (1, 4 §), Indelat efter kön (ej mot barn under 15 år t.o.m. 2007), Mot flickor och kvinnor (ej mot barn under 15 år t.o.m. 2007), Mot kvinna 18 år eller äldre (1 §) (15 år och äldre t.o.m. 2006), Fullbordad våldtäkt, Utomhus, Närstående genom släktskap/familj
13989;Annan slags relation;5;12819;Indelat efter kön (ej mot barn under 15 år t.o.m. 2007);Brott mot brottsbalken, 3-7 kap. Brott mot person, 6 kap. Sexualbrott, Våldtäkt inkl. grov (1, 4 §), Indelat efter kön (ej mot barn under 15 år t.o.m. 2007), Mot flickor och kvinnor (ej mot barn under 15 år t.o.m. 2007), Mot kvinna 18 år eller äldre (1 §) (15 år och äldre t.o.m. 2006), Fullbordad våldtäkt, Utomhus, Annan slags relation
13997;Obekanta;5;12819;Indelat efter kön (ej mot barn under 15 år t.o.m. 2007);Brott mot brottsbalken, 3-7 kap. Brott mot person, 6 kap. Sexualbrott, Våldtäkt inkl. grov (1, 4 §), Indelat efter kön (ej mot barn under 15 år t.o.m. 2007), Mot flickor och kvinnor (ej mot barn under 15 år t.o.m. 2007), Mot kvinna 18 år eller äldre (1 §) (15 år och äldre t.o.m. 2006), Fullbordad våldtäkt, Utomhus, Obekanta
12955;Inomhus;4;12819;Indelat efter kön (ej mot barn under 15 år t.o.m. 2007);Brott mot brottsbalken, 3-7 kap. Brott mot person, 6 kap. Sexualbrott, Våldtäkt inkl. grov (1, 4 §), Indelat efter kön (ej mot barn under 15 år t.o.m. 2007), Mot flickor och kvinnor (ej mot barn under 15 år t.o.m. 2007), Mot kvinna 18 år eller äldre (1 §) (15 år och äldre t.o.m. 2006), Fullbordad våldtäkt, Inomhus
13974;Närstående genom parrelation;5;12819;Indelat efter kön (ej mot barn under 15 år t.o.m. 2007);Brott mot brottsbalken, 3-7 kap. Brott mot person, 6 kap. Sexualbrott, Våldtäkt inkl. grov (1, 4 §), Indelat efter kön (ej mot barn under 15 år t.o.m. 2007), Mot flickor och kvinnor (ej mot barn under 15 år t.o.m. 2007), Mot kvinna 18 år eller äldre (1 §) (15 år och äldre t.o.m. 2006), Fullbordad våldtäkt, Inomhus, Närstående genom parrelation
13982;Närstående genom släktskap/familj;5;12819;Indelat efter kön (ej mot barn under 15 år t.o.m. 2007);Brott mot brottsbalken, 3-7 kap. Brott mot person, 6 kap. Sexualbrott, Våldtäkt inkl. grov (1, 4 §), Indelat efter kön (ej mot barn under 15 år t.o.m. 2007), Mot flickor och kvinnor (ej mot barn under 15 år t.o.m. 2007), Mot kvinna 18 år eller äldre (1 §) (15 år och äldre t.o.m. 2006), Fullbordad våldtäkt, Inomhus, Närstående genom släktskap/familj
13990;Annan slags relation;5;12819;Indelat efter kön (ej mot barn under 15 år t.o.m. 2007);Brott mot brottsbalken, 3-7 kap. Brott mot person, 6 kap. Sexualbrott, Våldtäkt inkl. grov (1, 4 §), Indelat efter kön (ej mot barn under 15 år t.o.m. 2007), Mot flickor och kvinnor (ej mot barn under 15 år t.o.m. 2007), Mot kvinna 18 år eller äldre (1 §) (15 år och äldre t.o.m. 2006), Fullbordad våldtäkt, Inomhus, Annan slags relation
13998;Obekanta;5;12819;Indelat efter kön (ej mot barn under 15 år t.o.m. 2007);Brott mot brottsbalken, 3-7 kap. Brott mot person, 6 kap. Sexualbrott, Våldtäkt inkl. grov (1, 4 §), Indelat efter kön (ej mot barn under 15 år t.o.m. 2007), Mot flickor och kvinnor (ej mot barn under 15 år t.o.m. 2007), Mot kvinna 18 år eller äldre (1 §) (15 år och äldre t.o.m. 2006), Fullbordad våldtäkt, Inomhus, Obekanta
12935;Försök till våldtäkt;3;12819;Indelat efter kön (ej mot barn under 15 år t.o.m. 2007);Brott mot brottsbalken, 3-7 kap. Brott mot person, 6 kap. Sexualbrott, Våldtäkt inkl. grov (1, 4 §), Indelat efter kön (ej mot barn under 15 år t.o.m. 2007), Mot flickor och kvinnor (ej mot barn under 15 år t.o.m. 2007), Mot kvinna 18 år eller äldre (1 §) (15 år och äldre t.o.m. 2006), Försök till våldtäkt
12944;Utomhus;4;12819;Indelat efter kön (ej mot barn under 15 år t.o.m. 2007);Brott mot brottsbalken, 3-7 kap. Brott mot person, 6 kap. Sexualbrott, Våldtäkt inkl. grov (1, 4 §), Indelat efter kön (ej mot barn under 15 år t.o.m. 2007), Mot flickor och kvinnor (ej mot barn under 15 år t.o.m. 2007), Mot kvinna 18 år eller äldre (1 §) (15 år och äldre t.o.m. 2006), Försök till våldtäkt, Utomhus
13975;Närstående genom parrelation;5;12819;Indelat efter kön (ej mot barn under 15 år t.o.m. 2007);Brott mot brottsbalken, 3-7 kap. Brott mot person, 6 kap. Sexualbrott, Våldtäkt inkl. grov (1, 4 §), Indelat efter kön (ej mot barn under 15 år t.o.m. 2007), Mot flickor och kvinnor (ej mot barn under 15 år t.o.m. 2007), Mot kvinna 18 år eller äldre (1 §) (15 år och äldre t.o.m. 2006), Försök till våldtäkt, Utomhus, Närstående genom parrelation
13983;Närstående genom släktskap/familj;5;12819;Indelat efter kön (ej mot barn under 15 år t.o.m. 2007);Brott mot brottsbalken, 3-7 kap. Brott mot person, 6 kap. Sexualbrott, Våldtäkt inkl. grov (1, 4 §), Indelat efter kön (ej mot barn under 15 år t.o.m. 2007), Mot flickor och kvinnor (ej mot barn under 15 år t.o.m. 2007), Mot kvinna 18 år eller äldre (1 §) (15 år och äldre t.o.m. 2006), Försök till våldtäkt, Utomhus, Närstående genom släktskap/familj
13991;Annan slags relation;5;12819;Indelat efter kön (ej mot barn under 15 år t.o.m. 2007);Brott mot brottsbalken, 3-7 kap. Brott mot person, 6 kap. Sexualbrott, Våldtäkt inkl. grov (1, 4 §), Indelat efter kön (ej mot barn under 15 år t.o.m. 2007), Mot flickor och kvinnor (ej mot barn under 15 år t.o.m. 2007), Mot kvinna 18 år eller äldre (1 §) (15 år och äldre t.o.m. 2006), Försök till våldtäkt, Utomhus, Annan slags relation
13999;Obekanta;5;12819;Indelat efter kön (ej mot barn under 15 år t.o.m. 2007);Brott mot brottsbalken, 3-7 kap. Brott mot person, 6 kap. Sexualbrott, Våldtäkt inkl. grov (1, 4 §), Indelat efter kön (ej mot barn under 15 år t.o.m. 2007), Mot flickor och kvinnor (ej mot barn under 15 år t.o.m. 2007), Mot kvinna 18 år eller äldre (1 §) (15 år och äldre t.o.m. 2006), Försök till våldtäkt, Utomhus, Obekanta
12956;Inomhus;4;12819;Indelat efter kön (ej mot barn under 15 år t.o.m. 2007);Brott mot brottsbalken, 3-7 kap. Brott mot person, 6 kap. Sexualbrott, Våldtäkt inkl. grov (1, 4 §), Indelat efter kön (ej mot barn under 15 år t.o.m. 2007), Mot flickor och kvinnor (ej mot barn under 15 år t.o.m. 2007), Mot kvinna 18 år eller äldre (1 §) (15 år och äldre t.o.m. 2006), Försök till våldtäkt, Inomhus
13976;Närstående genom parrelation;5;12819;Indelat efter kön (ej mot barn under 15 år t.o.m. 2007);Brott mot brottsbalken, 3-7 kap. Brott mot person, 6 kap. Sexualbrott, Våldtäkt inkl. grov (1, 4 §), Indelat efter kön (ej mot barn under 15 år t.o.m. 2007), Mot flickor och kvinnor (ej mot barn under 15 år t.o.m. 2007), Mot kvinna 18 år eller äldre (1 §) (15 år och äldre t.o.m. 2006), Försök till våldtäkt, Inomhus, Närstående genom parrelation
13984;Närstående genom släktskap/familj;5;12819;Indelat efter kön (ej mot barn under 15 år t.o.m. 2007);Brott mot brottsbalken, 3-7 kap. Brott mot person, 6 kap. Sexualbrott, Våldtäkt inkl. grov (1, 4 §), Indelat efter kön (ej mot barn under 15 år t.o.m. 2007), Mot flickor och kvinnor (ej mot barn under 15 år t.o.m. 2007), Mot kvinna 18 år eller äldre (1 §) (15 år och äldre t.o.m. 2006), Försök till våldtäkt, Inomhus, Närstående genom släktskap/familj
13992;Annan slags relation;5;12819;Indelat efter kön (ej mot barn under 15 år t.o.m. 2007);Brott mot brottsbalken, 3-7 kap. Brott mot person, 6 kap. Sexualbrott, Våldtäkt inkl. grov (1, 4 §), Indelat efter kön (ej mot barn under 15 år t.o.m. 2007), Mot flickor och kvinnor (ej mot barn under 15 år t.o.m. 2007), Mot kvinna 18 år eller äldre (1 §) (15 år och äldre t.o.m. 2006), Försök till våldtäkt, Inomhus, Annan slags relation
14000;Obekanta;5;12819;Indelat efter kön (ej mot barn under 15 år t.o.m. 2007);Brott mot brottsbalken, 3-7 kap. Brott mot person, 6 kap. Sexualbrott, Våldtäkt inkl. grov (1, 4 §), Indelat efter kön (ej mot barn under 15 år t.o.m. 2007), Mot flickor och kvinnor (ej mot barn under 15 år t.o.m. 2007), Mot kvinna 18 år eller äldre (1 §) (15 år och äldre t.o.m. 2006), Försök till våldtäkt, Inomhus, Obekanta
12920;Mot pojkar och män (ej mot barn under 15 år t.o.m. 2007);1;12819;Indelat efter kön (ej mot barn under 15 år t.o.m. 2007);Brott mot brottsbalken, 3-7 kap. Brott mot person, 6 kap. Sexualbrott, Våldtäkt inkl. grov (1, 4 §), Indelat efter kön (ej mot barn under 15 år t.o.m. 2007), Mot pojkar och män (ej mot barn under 15 år t.o.m. 2007)
12922;Mot pojke under 15 år (4 §);2;12819;Indelat efter kön (ej mot barn under 15 år t.o.m. 2007);Brott mot brottsbalken, 3-7 kap. Brott mot person, 6 kap. Sexualbrott, Våldtäkt inkl. grov (1, 4 §), Indelat efter kön (ej mot barn under 15 år t.o.m. 2007), Mot pojkar och män (ej mot barn under 15 år t.o.m. 2007), Mot pojke under 15 år (4 §)
12930;Fullbordad våldtäkt;3;12819;Indelat efter kön (ej mot barn under 15 år t.o.m. 2007);Brott mot brottsbalken, 3-7 kap. Brott mot person, 6 kap. Sexualbrott, Våldtäkt inkl. grov (1, 4 §), Indelat efter kön (ej mot barn under 15 år t.o.m. 2007), Mot pojkar och män (ej mot barn under 15 år t.o.m. 2007), Mot pojke under 15 år (4 §), Fullbordad våldtäkt
12945;Utomhus (t.o.m. 2024);4;12819;Indelat efter kön (ej mot barn under 15 år t.o.m. 2007);Brott mot brottsbalken, 3-7 kap. Brott mot person, 6 kap. Sexualbrott, Våldtäkt inkl. grov (1, 4 §), Indelat efter kön (ej mot barn under 15 år t.o.m. 2007), Mot pojkar och män (ej mot barn under 15 år t.o.m. 2007), Mot pojke under 15 år (4 §), Fullbordad våldtäkt, Utomhus (t.o.m. 2024)
12957;Inomhus (t.o.m. 2024);4;12819;Indelat efter kön (ej mot barn under 15 år t.o.m. 2007);Brott mot brottsbalken, 3-7 kap. Brott mot person, 6 kap. Sexualbrott, Våldtäkt inkl. grov (1, 4 §), Indelat efter kön (ej mot barn under 15 år t.o.m. 2007), Mot pojkar och män (ej mot barn under 15 år t.o.m. 2007), Mot pojke under 15 år (4 §), Fullbordad våldtäkt, Inomhus (t.o.m. 2024)
12936;Försök till våldtäkt;3;12819;Indelat efter kön (ej mot barn under 15 år t.o.m. 2007);Brott mot brottsbalken, 3-7 kap. Brott mot person, 6 kap. Sexualbrott, Våldtäkt inkl. grov (1, 4 §), Indelat efter kön (ej mot barn under 15 år t.o.m. 2007), Mot pojkar och män (ej mot barn under 15 år t.o.m. 2007), Mot pojke under 15 år (4 §), Försök till våldtäkt
12946;Utomhus (t.o.m. 2024);4;12819;Indelat efter kön (ej mot barn under 15 år t.o.m. 2007);Brott mot brottsbalken, 3-7 kap. Brott mot person, 6 kap. Sexualbrott, Våldtäkt inkl. grov (1, 4 §), Indelat efter kön (ej mot barn under 15 år t.o.m. 2007), Mot pojkar och män (ej mot barn under 15 år t.o.m. 2007), Mot pojke under 15 år (4 §), Försök till våldtäkt, Utomhus (t.o.m. 2024)
12958;Inomhus (t.o.m. 2024);4;12819;Indelat efter kön (ej mot barn under 15 år t.o.m. 2007);Brott mot brottsbalken, 3-7 kap. Brott mot person, 6 kap. Sexualbrott, Våldtäkt inkl. grov (1, 4 §), Indelat efter kön (ej mot barn under 15 år t.o.m. 2007), Mot pojkar och män (ej mot barn under 15 år t.o.m. 2007), Mot pojke under 15 år (4 §), Försök till våldtäkt, Inomhus (t.o.m. 2024)
12924;Mot pojke 15-17 år (1, 4 §);2;12819;Indelat efter kön (ej mot barn under 15 år t.o.m. 2007);Brott mot brottsbalken, 3-7 kap. Brott mot person, 6 kap. Sexualbrott, Våldtäkt inkl. grov (1, 4 §), Indelat efter kön (ej mot barn under 15 år t.o.m. 2007), Mot pojkar och män (ej mot barn under 15 år t.o.m. 2007), Mot pojke 15-17 år (1, 4 §)
12931;Fullbordad våldtäkt;3;12819;Indelat efter kön (ej mot barn under 15 år t.o.m. 2007);Brott mot brottsbalken, 3-7 kap. Brott mot person, 6 kap. Sexualbrott, Våldtäkt inkl. grov (1, 4 §), Indelat efter kön (ej mot barn under 15 år t.o.m. 2007), Mot pojkar och män (ej mot barn under 15 år t.o.m. 2007), Mot pojke 15-17 år (1, 4 §) , Fullbordad våldtäkt
12947;Utomhus (t.o.m. 2024);4;12819;Indelat efter kön (ej mot barn under 15 år t.o.m. 2007);Brott mot brottsbalken, 3-7 kap. Brott mot person, 6 kap. Sexualbrott, Våldtäkt inkl. grov (1, 4 §), Indelat efter kön (ej mot barn under 15 år t.o.m. 2007), Mot pojkar och män (ej mot barn under 15 år t.o.m. 2007), Mot pojke 15-17 år (1, 4 §) , Fullbordad våldtäkt, Utomhus (t.o.m. 2024)
12959;Inomhus (t.o.m. 2024);4;12819;Indelat efter kön (ej mot barn under 15 år t.o.m. 2007);Brott mot brottsbalken, 3-7 kap. Brott mot person, 6 kap. Sexualbrott, Våldtäkt inkl. grov (1, 4 §), Indelat efter kön (ej mot barn under 15 år t.o.m. 2007), Mot pojkar och män (ej mot barn under 15 år t.o.m. 2007), Mot pojke 15-17 år (1, 4 §) , Fullbordad våldtäkt, Inomhus (t.o.m. 2024)
12937;Försök till våldtäkt;3;12819;Indelat efter kön (ej mot barn under 15 år t.o.m. 2007);Brott mot brottsbalken, 3-7 kap. Brott mot person, 6 kap. Sexualbrott, Våldtäkt inkl. grov (1, 4 §), Indelat efter kön (ej mot barn under 15 år t.o.m. 2007), Mot pojkar och män (ej mot barn under 15 år t.o.m. 2007), Mot pojke 15-17 år (1, 4 §) , Försök till våldtäkt
12948;Utomhus (t.o.m. 2024);4;12819;Indelat efter kön (ej mot barn under 15 år t.o.m. 2007);Brott mot brottsbalken, 3-7 kap. Brott mot person, 6 kap. Sexualbrott, Våldtäkt inkl. grov (1, 4 §), Indelat efter kön (ej mot barn under 15 år t.o.m. 2007), Mot pojkar och män (ej mot barn under 15 år t.o.m. 2007), Mot pojke 15-17 år (1, 4 §) , Försök till våldtäkt, Utomhus (t.o.m. 2024)
12960;Inomhus (t.o.m. 2024);4;12819;Indelat efter kön (ej mot barn under 15 år t.o.m. 2007);Brott mot brottsbalken, 3-7 kap. Brott mot person, 6 kap. Sexualbrott, Våldtäkt inkl. grov (1, 4 §), Indelat efter kön (ej mot barn under 15 år t.o.m. 2007), Mot pojkar och män (ej mot barn under 15 år t.o.m. 2007), Mot pojke 15-17 år (1, 4 §) , Försök till våldtäkt, Inomhus (t.o.m. 2024)
12926;Mot man 18 år eller äldre (1 §) (15 år och äldre t.o.m. 2006);2;12819;Indelat efter kön (ej mot barn under 15 år t.o.m. 2007);Brott mot brottsbalken, 3-7 kap. Brott mot person, 6 kap. Sexualbrott, Våldtäkt inkl. grov (1, 4 §), Indelat efter kön (ej mot barn under 15 år t.o.m. 2007), Mot pojkar och män (ej mot barn under 15 år t.o.m. 2007), Mot man 18 år eller äldre (1 §) (15 år och äldre t.o.m. 2006)
12932;Fullbordad våldtäkt;3;12819;Indelat efter kön (ej mot barn under 15 år t.o.m. 2007);Brott mot brottsbalken, 3-7 kap. Brott mot person, 6 kap. Sexualbrott, Våldtäkt inkl. grov (1, 4 §), Indelat efter kön (ej mot barn under 15 år t.o.m. 2007), Mot pojkar och män (ej mot barn under 15 år t.o.m. 2007), Mot man 18 år eller äldre (1 §) (15 år och äldre t.o.m. 2006), Fullbordad våldtäkt
12949;Utomhus;4;12819;Indelat efter kön (ej mot barn under 15 år t.o.m. 2007);Brott mot brottsbalken, 3-7 kap. Brott mot person, 6 kap. Sexualbrott, Våldtäkt inkl. grov (1, 4 §), Indelat efter kön (ej mot barn under 15 år t.o.m. 2007), Mot pojkar och män (ej mot barn under 15 år t.o.m. 2007), Mot man 18 år eller äldre (1 §) (15 år och äldre t.o.m. 2006), Fullbordad våldtäkt, Utomhus
13977;Närstående genom parrelation;5;12819;Indelat efter kön (ej mot barn under 15 år t.o.m. 2007);Brott mot brottsbalken, 3-7 kap. Brott mot person, 6 kap. Sexualbrott, Våldtäkt inkl. grov (1, 4 §), Indelat efter kön (ej mot barn under 15 år t.o.m. 2007), Mot pojkar och män (ej mot barn under 15 år t.o.m. 2007), Mot man 18 år eller äldre (1 §) (15 år och äldre t.o.m. 2006), Fullbordad våldtäkt, Utomhus, Närstående genom parrelation
13985;Närstående genom släktskap/familj;5;12819;Indelat efter kön (ej mot barn under 15 år t.o.m. 2007);Brott mot brottsbalken, 3-7 kap. Brott mot person, 6 kap. Sexualbrott, Våldtäkt inkl. grov (1, 4 §), Indelat efter kön (ej mot barn under 15 år t.o.m. 2007), Mot pojkar och män (ej mot barn under 15 år t.o.m. 2007), Mot man 18 år eller äldre (1 §) (15 år och äldre t.o.m. 2006), Fullbordad våldtäkt, Utomhus, Närstående genom släktskap/familj
13993;Annan slags relation;5;12819;Indelat efter kön (ej mot barn under 15 år t.o.m. 2007);Brott mot brottsbalken, 3-7 kap. Brott mot person, 6 kap. Sexualbrott, Våldtäkt inkl. grov (1, 4 §), Indelat efter kön (ej mot barn under 15 år t.o.m. 2007), Mot pojkar och män (ej mot barn under 15 år t.o.m. 2007), Mot man 18 år eller äldre (1 §) (15 år och äldre t.o.m. 2006), Fullbordad våldtäkt, Utomhus, Annan slags relation
14001;Obekanta;5;12819;Indelat efter kön (ej mot barn under 15 år t.o.m. 2007);Brott mot brottsbalken, 3-7 kap. Brott mot person, 6 kap. Sexualbrott, Våldtäkt inkl. grov (1, 4 §), Indelat efter kön (ej mot barn under 15 år t.o.m. 2007), Mot pojkar och män (ej mot barn under 15 år t.o.m. 2007), Mot man 18 år eller äldre (1 §) (15 år och äldre t.o.m. 2006), Fullbordad våldtäkt, Utomhus, Obekanta
12961;Inomhus;4;12819;Indelat efter kön (ej mot barn under 15 år t.o.m. 2007);Brott mot brottsbalken, 3-7 kap. Brott mot person, 6 kap. Sexualbrott, Våldtäkt inkl. grov (1, 4 §), Indelat efter kön (ej mot barn under 15 år t.o.m. 2007), Mot pojkar och män (ej mot barn under 15 år t.o.m. 2007), Mot man 18 år eller äldre (1 §) (15 år och äldre t.o.m. 2006), Fullbordad våldtäkt, Inomhus
13978;Närstående genom parrelation;5;12819;Indelat efter kön (ej mot barn under 15 år t.o.m. 2007);Brott mot brottsbalken, 3-7 kap. Brott mot person, 6 kap. Sexualbrott, Våldtäkt inkl. grov (1, 4 §), Indelat efter kön (ej mot barn under 15 år t.o.m. 2007), Mot pojkar och män (ej mot barn under 15 år t.o.m. 2007), Mot man 18 år eller äldre (1 §) (15 år och äldre t.o.m. 2006), Fullbordad våldtäkt, Inomhus, Närstående genom parrelation
13986;Närstående genom släktskap/familj;5;12819;Indelat efter kön (ej mot barn under 15 år t.o.m. 2007);Brott mot brottsbalken, 3-7 kap. Brott mot person, 6 kap. Sexualbrott, Våldtäkt inkl. grov (1, 4 §), Indelat efter kön (ej mot barn under 15 år t.o.m. 2007), Mot pojkar och män (ej mot barn under 15 år t.o.m. 2007), Mot man 18 år eller äldre (1 §) (15 år och äldre t.o.m. 2006), Fullbordad våldtäkt, Inomhus, Närstående genom släktskap/familj
13994;Annan slags relation;5;12819;Indelat efter kön (ej mot barn under 15 år t.o.m. 2007);Brott mot brottsbalken, 3-7 kap. Brott mot person, 6 kap. Sexualbrott, Våldtäkt inkl. grov (1, 4 §), Indelat efter kön (ej mot barn under 15 år t.o.m. 2007), Mot pojkar och män (ej mot barn under 15 år t.o.m. 2007), Mot man 18 år eller äldre (1 §) (15 år och äldre t.o.m. 2006), Fullbordad våldtäkt, Inomhus, Annan slags relation
14002;Obekanta;5;12819;Indelat efter kön (ej mot barn under 15 år t.o.m. 2007);Brott mot brottsbalken, 3-7 kap. Brott mot person, 6 kap. Sexualbrott, Våldtäkt inkl. grov (1, 4 §), Indelat efter kön (ej mot barn under 15 år t.o.m. 2007), Mot pojkar och män (ej mot barn under 15 år t.o.m. 2007), Mot man 18 år eller äldre (1 §) (15 år och äldre t.o.m. 2006), Fullbordad våldtäkt, Inomhus, Obekanta
12938;Försök till våldtäkt;3;12819;Indelat efter kön (ej mot barn under 15 år t.o.m. 2007);Brott mot brottsbalken, 3-7 kap. Brott mot person, 6 kap. Sexualbrott, Våldtäkt inkl. grov (1, 4 §), Indelat efter kön (ej mot barn under 15 år t.o.m. 2007), Mot pojkar och män (ej mot barn under 15 år t.o.m. 2007), Mot man 18 år eller äldre (1 §) (15 år och äldre t.o.m. 2006), Försök till våldtäkt
12950;Utomhus;4;12819;Indelat efter kön (ej mot barn under 15 år t.o.m. 2007);Brott mot brottsbalken, 3-7 kap. Brott mot person, 6 kap. Sexualbrott, Våldtäkt inkl. grov (1, 4 §), Indelat efter kön (ej mot barn under 15 år t.o.m. 2007), Mot pojkar och män (ej mot barn under 15 år t.o.m. 2007), Mot man 18 år eller äldre (1 §) (15 år och äldre t.o.m. 2006), Försök till våldtäkt, Utomhus
13979;Närstående genom parrelation;5;12819;Indelat efter kön (ej mot barn under 15 år t.o.m. 2007);Brott mot brottsbalken, 3-7 kap. Brott mot person, 6 kap. Sexualbrott, Våldtäkt inkl. grov (1, 4 §), Indelat efter kön (ej mot barn under 15 år t.o.m. 2007), Mot pojkar och män (ej mot barn under 15 år t.o.m. 2007), Mot man 18 år eller äldre (1 §) (15 år och äldre t.o.m. 2006), Försök till våldtäkt, Utomhus, Närstående genom parrelation
13987;Närstående genom släktskap/familj;5;12819;Indelat efter kön (ej mot barn under 15 år t.o.m. 2007);Brott mot brottsbalken, 3-7 kap. Brott mot person, 6 kap. Sexualbrott, Våldtäkt inkl. grov (1, 4 §), Indelat efter kön (ej mot barn under 15 år t.o.m. 2007), Mot pojkar och män (ej mot barn under 15 år t.o.m. 2007), Mot man 18 år eller äldre (1 §) (15 år och äldre t.o.m. 2006), Försök till våldtäkt, Utomhus, Närstående genom släktskap/familj
13995;Annan slags relation;5;12819;Indelat efter kön (ej mot barn under 15 år t.o.m. 2007);Brott mot brottsbalken, 3-7 kap. Brott mot person, 6 kap. Sexualbrott, Våldtäkt inkl. grov (1, 4 §), Indelat efter kön (ej mot barn under 15 år t.o.m. 2007), Mot pojkar och män (ej mot barn under 15 år t.o.m. 2007), Mot man 18 år eller äldre (1 §) (15 år och äldre t.o.m. 2006), Försök till våldtäkt, Utomhus, Annan slags relation
14003;Obekanta;5;12819;Indelat efter kön (ej mot barn under 15 år t.o.m. 2007);Brott mot brottsbalken, 3-7 kap. Brott mot person, 6 kap. Sexualbrott, Våldtäkt inkl. grov (1, 4 §), Indelat efter kön (ej mot barn under 15 år t.o.m. 2007), Mot pojkar och män (ej mot barn under 15 år t.o.m. 2007), Mot man 18 år eller äldre (1 §) (15 år och äldre t.o.m. 2006), Försök till våldtäkt, Utomhus, Obekanta
12962;Inomhus;4;12819;Indelat efter kön (ej mot barn under 15 år t.o.m. 2007);Brott mot brottsbalken, 3-7 kap. Brott mot person, 6 kap. Sexualbrott, Våldtäkt inkl. grov (1, 4 §), Indelat efter kön (ej mot barn under 15 år t.o.m. 2007), Mot pojkar och män (ej mot barn under 15 år t.o.m. 2007), Mot man 18 år eller äldre (1 §) (15 år och äldre t.o.m. 2006), Försök till våldtäkt, Inomhus
13980;Närstående genom parrelation;5;12819;Indelat efter kön (ej mot barn under 15 år t.o.m. 2007);Brott mot brottsbalken, 3-7 kap. Brott mot person, 6 kap. Sexualbrott, Våldtäkt inkl. grov (1, 4 §), Indelat efter kön (ej mot barn under 15 år t.o.m. 2007), Mot pojkar och män (ej mot barn under 15 år t.o.m. 2007), Mot man 18 år eller äldre (1 §) (15 år och äldre t.o.m. 2006), Försök till våldtäkt, Inomhus, Närstående genom parrelation
13988;Närstående genom släktskap/familj;5;12819;Indelat efter kön (ej mot barn under 15 år t.o.m. 2007);Brott mot brottsbalken, 3-7 kap. Brott mot person, 6 kap. Sexualbrott, Våldtäkt inkl. grov (1, 4 §), Indelat efter kön (ej mot barn under 15 år t.o.m. 2007), Mot pojkar och män (ej mot barn under 15 år t.o.m. 2007), Mot man 18 år eller äldre (1 §) (15 år och äldre t.o.m. 2006), Försök till våldtäkt, Inomhus, Närstående genom släktskap/familj
13996;Annan slags relation;5;12819;Indelat efter kön (ej mot barn under 15 år t.o.m. 2007);Brott mot brottsbalken, 3-7 kap. Brott mot person, 6 kap. Sexualbrott, Våldtäkt inkl. grov (1, 4 §), Indelat efter kön (ej mot barn under 15 år t.o.m. 2007), Mot pojkar och män (ej mot barn under 15 år t.o.m. 2007), Mot man 18 år eller äldre (1 §) (15 år och äldre t.o.m. 2006), Försök till våldtäkt, Inomhus, Annan slags relation
14004;Obekanta;5;12819;Indelat efter kön (ej mot barn under 15 år t.o.m. 2007);Brott mot brottsbalken, 3-7 kap. Brott mot person, 6 kap. Sexualbrott, Våldtäkt inkl. grov (1, 4 §), Indelat efter kön (ej mot barn under 15 år t.o.m. 2007), Mot pojkar och män (ej mot barn under 15 år t.o.m. 2007), Mot man 18 år eller äldre (1 §) (15 år och äldre t.o.m. 2006), Försök till våldtäkt, Inomhus, Obekanta
5232;Oaktsam våldtäkt (1 a §);0;5232;Oaktsam våldtäkt (1 a §);Brott mot brottsbalken, 3-7 kap. Brott mot person, 6 kap. Sexualbrott, Oaktsam våldtäkt (1 a §)
5232;Oaktsam våldtäkt (1 a §);1;11093;6 kap. Sexualbrott;Brott mot brottsbalken, 3-7 kap. Brott mot person, 6 kap. Sexualbrott, Oaktsam våldtäkt (1 a §)
5233;Mot barn 15-17 år;1;5232;Oaktsam våldtäkt (1 a §);Brott mot brottsbalken, 3-7 kap. Brott mot person, 6 kap. Sexualbrott, Oaktsam våldtäkt (1 a §), Mot barn 15-17 år
5236;Mot flicka 15-17 år;2;5232;Oaktsam våldtäkt (1 a §);Brott mot brottsbalken, 3-7 kap. Brott mot person, 6 kap. Sexualbrott, Oaktsam våldtäkt (1 a §), Mot barn 15-17 år, Mot flicka 15-17 år
5238;Utomhus (t.o.m. 2024);3;5232;Oaktsam våldtäkt (1 a §);Brott mot brottsbalken, 3-7 kap. Brott mot person, 6 kap. Sexualbrott, Oaktsam våldtäkt (1 a §), Mot barn 15-17 år, Mot flicka 15-17 år, Utomhus (t.o.m. 2024)
5242;Inomhus (t.o.m. 2024);3;5232;Oaktsam våldtäkt (1 a §);Brott mot brottsbalken, 3-7 kap. Brott mot person, 6 kap. Sexualbrott, Oaktsam våldtäkt (1 a §), Mot barn 15-17 år, Mot flicka 15-17 år, Inomhus (t.o.m. 2024)
5237;Mot pojke 15-17 år;2;5232;Oaktsam våldtäkt (1 a §);Brott mot brottsbalken, 3-7 kap. Brott mot person, 6 kap. Sexualbrott, Oaktsam våldtäkt (1 a §), Mot barn 15-17 år, Mot pojke 15-17 år
5239;Utomhus (t.o.m. 2024);3;5232;Oaktsam våldtäkt (1 a §);Brott mot brottsbalken, 3-7 kap. Brott mot person, 6 kap. Sexualbrott, Oaktsam våldtäkt (1 a §), Mot barn 15-17 år, Mot pojke 15-17 år, Utomhus (t.o.m. 2024)
5243;Inomhus (t.o.m. 2024);3;5232;Oaktsam våldtäkt (1 a §);Brott mot brottsbalken, 3-7 kap. Brott mot person, 6 kap. Sexualbrott, Oaktsam våldtäkt (1 a §), Mot barn 15-17 år, Mot pojke 15-17 år, Inomhus (t.o.m. 2024)
5234;Mot kvinna 18 år eller äldre;1;5232;Oaktsam våldtäkt (1 a §);Brott mot brottsbalken, 3-7 kap. Brott mot person, 6 kap. Sexualbrott, Oaktsam våldtäkt (1 a §), Mot kvinna 18 år eller äldre
5240;Utomhus;2;5232;Oaktsam våldtäkt (1 a §);Brott mot brottsbalken, 3-7 kap. Brott mot person, 6 kap. Sexualbrott, Oaktsam våldtäkt (1 a §), Mot kvinna 18 år eller äldre , Utomhus
14005;Närstående genom parrelation;3;5232;Oaktsam våldtäkt (1 a §);Brott mot brottsbalken, 3-7 kap. Brott mot person, 6 kap. Sexualbrott, Oaktsam våldtäkt (1 a §), Mot kvinna 18 år eller äldre , Utomhus, Närstående genom parrelation
14009;Närstående genom släktskap/familj;3;5232;Oaktsam våldtäkt (1 a §);Brott mot brottsbalken, 3-7 kap. Brott mot person, 6 kap. Sexualbrott, Oaktsam våldtäkt (1 a §), Mot kvinna 18 år eller äldre , Utomhus, Närstående genom släktskap/familj
14013;Annan slags relation;3;5232;Oaktsam våldtäkt (1 a §);Brott mot brottsbalken, 3-7 kap. Brott mot person, 6 kap. Sexualbrott, Oaktsam våldtäkt (1 a §), Mot kvinna 18 år eller äldre , Utomhus, Annan slags relation
14017;Obekanta;3;5232;Oaktsam våldtäkt (1 a §);Brott mot brottsbalken, 3-7 kap. Brott mot person, 6 kap. Sexualbrott, Oaktsam våldtäkt (1 a §), Mot kvinna 18 år eller äldre , Utomhus, Obekanta
5244;Inomhus;2;5232;Oaktsam våldtäkt (1 a §);Brott mot brottsbalken, 3-7 kap. Brott mot person, 6 kap. Sexualbrott, Oaktsam våldtäkt (1 a §), Mot kvinna 18 år eller äldre , Inomhus
14006;Närstående genom parrelation;3;5232;Oaktsam våldtäkt (1 a §);Brott mot brottsbalken, 3-7 kap. Brott mot person, 6 kap. Sexualbrott, Oaktsam våldtäkt (1 a §), Mot kvinna 18 år eller äldre , Inomhus, Närstående genom parrelation
14010;Närstående genom släktskap/familj;3;5232;Oaktsam våldtäkt (1 a §);Brott mot brottsbalken, 3-7 kap. Brott mot person, 6 kap. Sexualbrott, Oaktsam våldtäkt (1 a §), Mot kvinna 18 år eller äldre , Inomhus, Närstående genom släktskap/familj
14014;Annan slags relation;3;5232;Oaktsam våldtäkt (1 a §);Brott mot brottsbalken, 3-7 kap. Brott mot person, 6 kap. Sexualbrott, Oaktsam våldtäkt (1 a §), Mot kvinna 18 år eller äldre , Inomhus, Annan slags relation
14018;Obekanta;3;5232;Oaktsam våldtäkt (1 a §);Brott mot brottsbalken, 3-7 kap. Brott mot person, 6 kap. Sexualbrott, Oaktsam våldtäkt (1 a §), Mot kvinna 18 år eller äldre , Inomhus, Obekanta
5235;Mot man 18 år eller äldre;1;5232;Oaktsam våldtäkt (1 a §);Brott mot brottsbalken, 3-7 kap. Brott mot person, 6 kap. Sexualbrott, Oaktsam våldtäkt (1 a §), Mot man 18 år eller äldre
5241;Utomhus;2;5232;Oaktsam våldtäkt (1 a §);Brott mot brottsbalken, 3-7 kap. Brott mot person, 6 kap. Sexualbrott, Oaktsam våldtäkt (1 a §), Mot man 18 år eller äldre, Utomhus
14007;Närstående genom parrelation;3;5232;Oaktsam våldtäkt (1 a §);Brott mot brottsbalken, 3-7 kap. Brott mot person, 6 kap. Sexualbrott, Oaktsam våldtäkt (1 a §), Mot man 18 år eller äldre, Utomhus, Närstående genom parrelation
14011;Närstående genom släktskap/familj;3;5232;Oaktsam våldtäkt (1 a §);Brott mot brottsbalken, 3-7 kap. Brott mot person, 6 kap. Sexualbrott, Oaktsam våldtäkt (1 a §), Mot man 18 år eller äldre, Utomhus, Närstående genom släktskap/familj
14015;Annan slags relation;3;5232;Oaktsam våldtäkt (1 a §);Brott mot brottsbalken, 3-7 kap. Brott mot person, 6 kap. Sexualbrott, Oaktsam våldtäkt (1 a §), Mot man 18 år eller äldre, Utomhus, Annan slags relation
14019;Obekanta;3;5232;Oaktsam våldtäkt (1 a §);Brott mot brottsbalken, 3-7 kap. Brott mot person, 6 kap. Sexualbrott, Oaktsam våldtäkt (1 a §), Mot man 18 år eller äldre, Utomhus, Obekanta
5245;Inomhus;2;5232;Oaktsam våldtäkt (1 a §);Brott mot brottsbalken, 3-7 kap. Brott mot person, 6 kap. Sexualbrott, Oaktsam våldtäkt (1 a §), Mot man 18 år eller äldre, Inomhus
14008;Närstående genom parrelation;3;5232;Oaktsam våldtäkt (1 a §);Brott mot brottsbalken, 3-7 kap. Brott mot person, 6 kap. Sexualbrott, Oaktsam våldtäkt (1 a §), Mot man 18 år eller äldre, Inomhus, Närstående genom parrelation
14012;Närstående genom släktskap/familj;3;5232;Oaktsam våldtäkt (1 a §);Brott mot brottsbalken, 3-7 kap. Brott mot person, 6 kap. Sexualbrott, Oaktsam våldtäkt (1 a §), Mot man 18 år eller äldre, Inomhus, Närstående genom släktskap/familj
14016;Annan slags relation;3;5232;Oaktsam våldtäkt (1 a §);Brott mot brottsbalken, 3-7 kap. Brott mot person, 6 kap. Sexualbrott, Oaktsam våldtäkt (1 a §), Mot man 18 år eller äldre, Inomhus, Annan slags relation
14020;Obekanta;3;5232;Oaktsam våldtäkt (1 a §);Brott mot brottsbalken, 3-7 kap. Brott mot person, 6 kap. Sexualbrott, Oaktsam våldtäkt (1 a §), Mot man 18 år eller äldre, Inomhus, Obekanta
5246;Sexuellt övergrepp (2 §) (Fr. o. m. 2019);0;5246;Sexuellt övergrepp (2 §) (Fr. o. m. 2019);Brott mot brottsbalken, 3-7 kap. Brott mot person, 6 kap. Sexualbrott, Sexuellt övergrepp (2 §) (Fr. o. m. 2019)
5246;Sexuellt övergrepp (2 §) (Fr. o. m. 2019);1;11093;6 kap. Sexualbrott;Brott mot brottsbalken, 3-7 kap. Brott mot person, 6 kap. Sexualbrott, Sexuellt övergrepp (2 §) (Fr. o. m. 2019)
5249;Mot barn 15-17 år;1;5246;Sexuellt övergrepp (2 §) (Fr. o. m. 2019);Brott mot brottsbalken, 3-7 kap. Brott mot person, 6 kap. Sexualbrott, Sexuellt övergrepp (2 §) (Fr. o. m. 2019), Mot barn 15-17 år
5252;Mot flicka 15-17 år;2;5246;Sexuellt övergrepp (2 §) (Fr. o. m. 2019);Brott mot brottsbalken, 3-7 kap. Brott mot person, 6 kap. Sexualbrott, Sexuellt övergrepp (2 §) (Fr. o. m. 2019), Mot barn 15-17 år, Mot flicka 15-17 år
5253;Mot pojke 15-17 år;2;5246;Sexuellt övergrepp (2 §) (Fr. o. m. 2019);Brott mot brottsbalken, 3-7 kap. Brott mot person, 6 kap. Sexualbrott, Sexuellt övergrepp (2 §) (Fr. o. m. 2019), Mot barn 15-17 år, Mot pojke 15-17 år
5250;Mot kvinna 18 år eller äldre;1;5246;Sexuellt övergrepp (2 §) (Fr. o. m. 2019);Brott mot brottsbalken, 3-7 kap. Brott mot person, 6 kap. Sexualbrott, Sexuellt övergrepp (2 §) (Fr. o. m. 2019), Mot kvinna 18 år eller äldre
14369;Närstående genom parrelation;2;5246;Sexuellt övergrepp (2 §) (Fr. o. m. 2019);Brott mot brottsbalken, 3-7 kap. Brott mot person, 6 kap. Sexualbrott, Sexuellt övergrepp (2 §) (Fr. o. m. 2019), Mot kvinna 18 år eller äldre, Närstående genom parrelation
14370;Närstående genom släktskap/familj;2;5246;Sexuellt övergrepp (2 §) (Fr. o. m. 2019);Brott mot brottsbalken, 3-7 kap. Brott mot person, 6 kap. Sexualbrott, Sexuellt övergrepp (2 §) (Fr. o. m. 2019), Mot kvinna 18 år eller äldre, Närstående genom släktskap/familj
14371;Annan slags relation eller bekantskap;2;5246;Sexuellt övergrepp (2 §) (Fr. o. m. 2019);Brott mot brottsbalken, 3-7 kap. Brott mot person, 6 kap. Sexualbrott, Sexuellt övergrepp (2 §) (Fr. o. m. 2019), Mot kvinna 18 år eller äldre, Annan slags relation eller bekantskap
14372;Obekanta;2;5246;Sexuellt övergrepp (2 §) (Fr. o. m. 2019);Brott mot brottsbalken, 3-7 kap. Brott mot person, 6 kap. Sexualbrott, Sexuellt övergrepp (2 §) (Fr. o. m. 2019), Mot kvinna 18 år eller äldre, Obekanta
5251;Mot man 18 år eller äldre;1;5246;Sexuellt övergrepp (2 §) (Fr. o. m. 2019);Brott mot brottsbalken, 3-7 kap. Brott mot person, 6 kap. Sexualbrott, Sexuellt övergrepp (2 §) (Fr. o. m. 2019), Mot man 18 år eller äldre
14365;Närstående genom parrelation;2;5246;Sexuellt övergrepp (2 §) (Fr. o. m. 2019);Brott mot brottsbalken, 3-7 kap. Brott mot person, 6 kap. Sexualbrott, Sexuellt övergrepp (2 §) (Fr. o. m. 2019), Mot man 18 år eller äldre, Närstående genom parrelation
14366;Närstående genom släktskap/familj;2;5246;Sexuellt övergrepp (2 §) (Fr. o. m. 2019);Brott mot brottsbalken, 3-7 kap. Brott mot person, 6 kap. Sexualbrott, Sexuellt övergrepp (2 §) (Fr. o. m. 2019), Mot man 18 år eller äldre, Närstående genom släktskap/familj
14367;Annan slags relation eller bekantskap;2;5246;Sexuellt övergrepp (2 §) (Fr. o. m. 2019);Brott mot brottsbalken, 3-7 kap. Brott mot person, 6 kap. Sexualbrott, Sexuellt övergrepp (2 §) (Fr. o. m. 2019), Mot man 18 år eller äldre, Annan slags relation eller bekantskap
14368;Obekanta;2;5246;Sexuellt övergrepp (2 §) (Fr. o. m. 2019);Brott mot brottsbalken, 3-7 kap. Brott mot person, 6 kap. Sexualbrott, Sexuellt övergrepp (2 §) (Fr. o. m. 2019), Mot man 18 år eller äldre, Obekanta
11339;Sexuellt tvång, utnyttjande m.m. (5-6 §) (2, 3, 7 § t.o.m. 2019);0;11339;Sexuellt tvång, utnyttjande m.m. (5-6 §) (2, 3, 7 § t.o.m. 2019);Brott mot brottsbalken, 3-7 kap. Brott mot person, 6 kap. Sexualbrott, Sexuellt tvång, utnyttjande m.m. (5-6 §) (2, 3, 7 § t.o.m. 2019)
11339;Sexuellt tvång, utnyttjande m.m. (5-6 §) (2, 3, 7 § t.o.m. 2019);1;11093;6 kap. Sexualbrott;Brott mot brottsbalken, 3-7 kap. Brott mot person, 6 kap. Sexualbrott, Sexuellt tvång, utnyttjande m.m. (5-6 §) (2, 3, 7 § t.o.m. 2019)
13150;Sexuellt tvång, utnyttjande m.m (2, 3, 5, 7 §);1;11339;Sexuellt tvång, utnyttjande m.m. (5-6 §) (2, 3, 7 § t.o.m. 2019);Brott mot brottsbalken, 3-7 kap. Brott mot person, 6 kap. Sexualbrott, Sexuellt tvång, utnyttjande m.m. (5-6 §) (2, 3, 7 § t.o.m. 2019), Sexuellt tvång, utnyttjande m.m (2, 3, 5, 7 §)
13151;Sexuellt utnyttjande av barn under 15 år (5 § );2;11339;Sexuellt tvång, utnyttjande m.m. (5-6 §) (2, 3, 7 § t.o.m. 2019);Brott mot brottsbalken, 3-7 kap. Brott mot person, 6 kap. Sexualbrott, Sexuellt tvång, utnyttjande m.m. (5-6 §) (2, 3, 7 § t.o.m. 2019), Sexuellt tvång, utnyttjande m.m (2, 3, 5, 7 §), Sexuellt utnyttjande av barn under 15 år (5 § )
13155;Mot flicka under 15 år;3;11339;Sexuellt tvång, utnyttjande m.m. (5-6 §) (2, 3, 7 § t.o.m. 2019);Brott mot brottsbalken, 3-7 kap. Brott mot person, 6 kap. Sexualbrott, Sexuellt tvång, utnyttjande m.m. (5-6 §) (2, 3, 7 § t.o.m. 2019), Sexuellt tvång, utnyttjande m.m (2, 3, 5, 7 §), Sexuellt utnyttjande av barn under 15 år (5 § ), Mot flicka under 15 år
13156;Mot pojke under 15 år;3;11339;Sexuellt tvång, utnyttjande m.m. (5-6 §) (2, 3, 7 § t.o.m. 2019);Brott mot brottsbalken, 3-7 kap. Brott mot person, 6 kap. Sexualbrott, Sexuellt tvång, utnyttjande m.m. (5-6 §) (2, 3, 7 § t.o.m. 2019), Sexuellt tvång, utnyttjande m.m (2, 3, 5, 7 §), Sexuellt utnyttjande av barn under 15 år (5 § ), Mot pojke under 15 år
13152;Mot barn 15-17 år (5 §) (2, 3, 7 § t.o.m. 2018-06);2;11339;Sexuellt tvång, utnyttjande m.m. (5-6 §) (2, 3, 7 § t.o.m. 2019);Brott mot brottsbalken, 3-7 kap. Brott mot person, 6 kap. Sexualbrott, Sexuellt tvång, utnyttjande m.m. (5-6 §) (2, 3, 7 § t.o.m. 2019), Sexuellt tvång, utnyttjande m.m (2, 3, 5, 7 §), Mot barn 15-17 år (5 §) (2, 3, 7 § t.o.m. 2018-06)
13157;Mot flicka 15-17 år;3;11339;Sexuellt tvång, utnyttjande m.m. (5-6 §) (2, 3, 7 § t.o.m. 2019);Brott mot brottsbalken, 3-7 kap. Brott mot person, 6 kap. Sexualbrott, Sexuellt tvång, utnyttjande m.m. (5-6 §) (2, 3, 7 § t.o.m. 2019), Sexuellt tvång, utnyttjande m.m (2, 3, 5, 7 §), Mot barn 15-17 år (5 §) (2, 3, 7 § t.o.m. 2018-06), Mot flicka 15-17 år
13158;Mot pojke 15-17 år;3;11339;Sexuellt tvång, utnyttjande m.m. (5-6 §) (2, 3, 7 § t.o.m. 2019);Brott mot brottsbalken, 3-7 kap. Brott mot person, 6 kap. Sexualbrott, Sexuellt tvång, utnyttjande m.m. (5-6 §) (2, 3, 7 § t.o.m. 2019), Sexuellt tvång, utnyttjande m.m (2, 3, 5, 7 §), Mot barn 15-17 år (5 §) (2, 3, 7 § t.o.m. 2018-06), Mot pojke 15-17 år
13153;Mot person 18 år eller äldre;2;11339;Sexuellt tvång, utnyttjande m.m. (5-6 §) (2, 3, 7 § t.o.m. 2019);Brott mot brottsbalken, 3-7 kap. Brott mot person, 6 kap. Sexualbrott, Sexuellt tvång, utnyttjande m.m. (5-6 §) (2, 3, 7 § t.o.m. 2019), Sexuellt tvång, utnyttjande m.m (2, 3, 5, 7 §), Mot person 18 år eller äldre
13159;Mot kvinna 18 år eller äldre;3;11339;Sexuellt tvång, utnyttjande m.m. (5-6 §) (2, 3, 7 § t.o.m. 2019);Brott mot brottsbalken, 3-7 kap. Brott mot person, 6 kap. Sexualbrott, Sexuellt tvång, utnyttjande m.m. (5-6 §) (2, 3, 7 § t.o.m. 2019), Sexuellt tvång, utnyttjande m.m (2, 3, 5, 7 §), Mot person 18 år eller äldre, Mot kvinna 18 år eller äldre
13160;Mot man 18 år eller äldre;3;11339;Sexuellt tvång, utnyttjande m.m. (5-6 §) (2, 3, 7 § t.o.m. 2019);Brott mot brottsbalken, 3-7 kap. Brott mot person, 6 kap. Sexualbrott, Sexuellt tvång, utnyttjande m.m. (5-6 §) (2, 3, 7 § t.o.m. 2019), Sexuellt tvång, utnyttjande m.m (2, 3, 5, 7 §), Mot person 18 år eller äldre, Mot man 18 år eller äldre
13154;Mot person 15 år eller äldre;2;11339;Sexuellt tvång, utnyttjande m.m. (5-6 §) (2, 3, 7 § t.o.m. 2019);Brott mot brottsbalken, 3-7 kap. Brott mot person, 6 kap. Sexualbrott, Sexuellt tvång, utnyttjande m.m. (5-6 §) (2, 3, 7 § t.o.m. 2019), Sexuellt tvång, utnyttjande m.m (2, 3, 5, 7 §), Mot person 15 år eller äldre
13161;Sexuellt övergrepp mot barn (6 §);1;11339;Sexuellt tvång, utnyttjande m.m. (5-6 §) (2, 3, 7 § t.o.m. 2019);Brott mot brottsbalken, 3-7 kap. Brott mot person, 6 kap. Sexualbrott, Sexuellt tvång, utnyttjande m.m. (5-6 §) (2, 3, 7 § t.o.m. 2019), Sexuellt övergrepp mot barn (6 §)
13162;Mot barn under 15 år;2;11339;Sexuellt tvång, utnyttjande m.m. (5-6 §) (2, 3, 7 § t.o.m. 2019);Brott mot brottsbalken, 3-7 kap. Brott mot person, 6 kap. Sexualbrott, Sexuellt tvång, utnyttjande m.m. (5-6 §) (2, 3, 7 § t.o.m. 2019), Sexuellt övergrepp mot barn (6 §), Mot barn under 15 år
13164;Mot flicka under 15 år;3;11339;Sexuellt tvång, utnyttjande m.m. (5-6 §) (2, 3, 7 § t.o.m. 2019);Brott mot brottsbalken, 3-7 kap. Brott mot person, 6 kap. Sexualbrott, Sexuellt tvång, utnyttjande m.m. (5-6 §) (2, 3, 7 § t.o.m. 2019), Sexuellt övergrepp mot barn (6 §), Mot barn under 15 år, Mot flicka under 15 år
13165;Mot pojke under 15 år;3;11339;Sexuellt tvång, utnyttjande m.m. (5-6 §) (2, 3, 7 § t.o.m. 2019);Brott mot brottsbalken, 3-7 kap. Brott mot person, 6 kap. Sexualbrott, Sexuellt tvång, utnyttjande m.m. (5-6 §) (2, 3, 7 § t.o.m. 2019), Sexuellt övergrepp mot barn (6 §), Mot barn under 15 år, Mot pojke under 15 år
13163;Mot barn 15-17 år;2;11339;Sexuellt tvång, utnyttjande m.m. (5-6 §) (2, 3, 7 § t.o.m. 2019);Brott mot brottsbalken, 3-7 kap. Brott mot person, 6 kap. Sexualbrott, Sexuellt tvång, utnyttjande m.m. (5-6 §) (2, 3, 7 § t.o.m. 2019), Sexuellt övergrepp mot barn (6 §), Mot barn 15-17 år
13166;Mot flicka 15-17 år;3;11339;Sexuellt tvång, utnyttjande m.m. (5-6 §) (2, 3, 7 § t.o.m. 2019);Brott mot brottsbalken, 3-7 kap. Brott mot person, 6 kap. Sexualbrott, Sexuellt tvång, utnyttjande m.m. (5-6 §) (2, 3, 7 § t.o.m. 2019), Sexuellt övergrepp mot barn (6 §), Mot barn 15-17 år, Mot flicka 15-17 år
13167;Mot pojke 15-17 år;3;11339;Sexuellt tvång, utnyttjande m.m. (5-6 §) (2, 3, 7 § t.o.m. 2019);Brott mot brottsbalken, 3-7 kap. Brott mot person, 6 kap. Sexualbrott, Sexuellt tvång, utnyttjande m.m. (5-6 §) (2, 3, 7 § t.o.m. 2019), Sexuellt övergrepp mot barn (6 §), Mot barn 15-17 år, Mot pojke 15-17 år
5247;Oaktsamt sexuellt övergrepp (3 §) (Fr. o. m. 2019);0;5247;Oaktsamt sexuellt övergrepp (3 §) (Fr. o. m. 2019);Brott mot brottsbalken, 3-7 kap. Brott mot person, 6 kap. Sexualbrott, Oaktsamt sexuellt övergrepp (3 §) (Fr. o. m. 2019)
5247;Oaktsamt sexuellt övergrepp (3 §) (Fr. o. m. 2019);1;11093;6 kap. Sexualbrott;Brott mot brottsbalken, 3-7 kap. Brott mot person, 6 kap. Sexualbrott, Oaktsamt sexuellt övergrepp (3 §) (Fr. o. m. 2019)
5254;Mot barn 15-17 år;1;5247;Oaktsamt sexuellt övergrepp (3 §) (Fr. o. m. 2019);Brott mot brottsbalken, 3-7 kap. Brott mot person, 6 kap. Sexualbrott, Oaktsamt sexuellt övergrepp (3 §) (Fr. o. m. 2019), Mot barn 15-17 år
5255;Mot flicka 15-17 år;2;5247;Oaktsamt sexuellt övergrepp (3 §) (Fr. o. m. 2019);Brott mot brottsbalken, 3-7 kap. Brott mot person, 6 kap. Sexualbrott, Oaktsamt sexuellt övergrepp (3 §) (Fr. o. m. 2019), Mot barn 15-17 år, Mot flicka 15-17 år
5256;Mot pojke 15-17 år;2;5247;Oaktsamt sexuellt övergrepp (3 §) (Fr. o. m. 2019);Brott mot brottsbalken, 3-7 kap. Brott mot person, 6 kap. Sexualbrott, Oaktsamt sexuellt övergrepp (3 §) (Fr. o. m. 2019), Mot barn 15-17 år, Mot pojke 15-17 år
5257;Mot kvinna 18 år eller äldre;1;5247;Oaktsamt sexuellt övergrepp (3 §) (Fr. o. m. 2019);Brott mot brottsbalken, 3-7 kap. Brott mot person, 6 kap. Sexualbrott, Oaktsamt sexuellt övergrepp (3 §) (Fr. o. m. 2019), Mot kvinna 18 år eller äldre
14377;Närstående genom parrelation;2;5247;Oaktsamt sexuellt övergrepp (3 §) (Fr. o. m. 2019);Brott mot brottsbalken, 3-7 kap. Brott mot person, 6 kap. Sexualbrott, Oaktsamt sexuellt övergrepp (3 §) (Fr. o. m. 2019), Mot kvinna 18 år eller äldre, Närstående genom parrelation
14378;Närstående genom släktskap/familj;2;5247;Oaktsamt sexuellt övergrepp (3 §) (Fr. o. m. 2019);Brott mot brottsbalken, 3-7 kap. Brott mot person, 6 kap. Sexualbrott, Oaktsamt sexuellt övergrepp (3 §) (Fr. o. m. 2019), Mot kvinna 18 år eller äldre, Närstående genom släktskap/familj
14379;Annan slags relation eller bekantskap;2;5247;Oaktsamt sexuellt övergrepp (3 §) (Fr. o. m. 2019);Brott mot brottsbalken, 3-7 kap. Brott mot person, 6 kap. Sexualbrott, Oaktsamt sexuellt övergrepp (3 §) (Fr. o. m. 2019), Mot kvinna 18 år eller äldre, Annan slags relation eller bekantskap
14380;Obekanta;2;5247;Oaktsamt sexuellt övergrepp (3 §) (Fr. o. m. 2019);Brott mot brottsbalken, 3-7 kap. Brott mot person, 6 kap. Sexualbrott, Oaktsamt sexuellt övergrepp (3 §) (Fr. o. m. 2019), Mot kvinna 18 år eller äldre, Obekanta
5258;Mot man 18 år eller äldre;1;5247;Oaktsamt sexuellt övergrepp (3 §) (Fr. o. m. 2019);Brott mot brottsbalken, 3-7 kap. Brott mot person, 6 kap. Sexualbrott, Oaktsamt sexuellt övergrepp (3 §) (Fr. o. m. 2019), Mot man 18 år eller äldre
14373;Närstående genom parrelation;2;5247;Oaktsamt sexuellt övergrepp (3 §) (Fr. o. m. 2019);Brott mot brottsbalken, 3-7 kap. Brott mot person, 6 kap. Sexualbrott, Oaktsamt sexuellt övergrepp (3 §) (Fr. o. m. 2019), Mot man 18 år eller äldre, Närstående genom parrelation
14374;Närstående genom släktskap/familj;2;5247;Oaktsamt sexuellt övergrepp (3 §) (Fr. o. m. 2019);Brott mot brottsbalken, 3-7 kap. Brott mot person, 6 kap. Sexualbrott, Oaktsamt sexuellt övergrepp (3 §) (Fr. o. m. 2019), Mot man 18 år eller äldre, Närstående genom släktskap/familj
14375;Annan slags relation eller bekantskap;2;5247;Oaktsamt sexuellt övergrepp (3 §) (Fr. o. m. 2019);Brott mot brottsbalken, 3-7 kap. Brott mot person, 6 kap. Sexualbrott, Oaktsamt sexuellt övergrepp (3 §) (Fr. o. m. 2019), Mot man 18 år eller äldre, Annan slags relation eller bekantskap
14376;Obekanta;2;5247;Oaktsamt sexuellt övergrepp (3 §) (Fr. o. m. 2019);Brott mot brottsbalken, 3-7 kap. Brott mot person, 6 kap. Sexualbrott, Oaktsamt sexuellt övergrepp (3 §) (Fr. o. m. 2019), Mot man 18 år eller äldre, Obekanta
5248;Samlag med avkomling eller syskon (7 §) (Fr. o. m. 2019);0;5248;Samlag med avkomling eller syskon (7 §) (Fr. o. m. 2019);Brott mot brottsbalken, 3-7 kap. Brott mot person, 6 kap. Sexualbrott, Samlag med avkomling eller syskon (7 §) (Fr. o. m. 2019)
5248;Samlag med avkomling eller syskon (7 §) (Fr. o. m. 2019);1;11093;6 kap. Sexualbrott;Brott mot brottsbalken, 3-7 kap. Brott mot person, 6 kap. Sexualbrott, Samlag med avkomling eller syskon (7 §) (Fr. o. m. 2019)
5259;Mot barn 15-17 år;1;5248;Samlag med avkomling eller syskon (7 §) (Fr. o. m. 2019);Brott mot brottsbalken, 3-7 kap. Brott mot person, 6 kap. Sexualbrott, Samlag med avkomling eller syskon (7 §) (Fr. o. m. 2019), Mot barn 15-17 år
5261;Mot flicka 15-17 år;2;5248;Samlag med avkomling eller syskon (7 §) (Fr. o. m. 2019);Brott mot brottsbalken, 3-7 kap. Brott mot person, 6 kap. Sexualbrott, Samlag med avkomling eller syskon (7 §) (Fr. o. m. 2019), Mot barn 15-17 år, Mot flicka 15-17 år
5262;Mot pojke 15-17 år;2;5248;Samlag med avkomling eller syskon (7 §) (Fr. o. m. 2019);Brott mot brottsbalken, 3-7 kap. Brott mot person, 6 kap. Sexualbrott, Samlag med avkomling eller syskon (7 §) (Fr. o. m. 2019), Mot barn 15-17 år, Mot pojke 15-17 år
5263;Mot kvinna 18 år eller äldre;1;5248;Samlag med avkomling eller syskon (7 §) (Fr. o. m. 2019);Brott mot brottsbalken, 3-7 kap. Brott mot person, 6 kap. Sexualbrott, Samlag med avkomling eller syskon (7 §) (Fr. o. m. 2019), Mot kvinna 18 år eller äldre
5264;Mot man 18 år eller äldre;1;5248;Samlag med avkomling eller syskon (7 §) (Fr. o. m. 2019);Brott mot brottsbalken, 3-7 kap. Brott mot person, 6 kap. Sexualbrott, Samlag med avkomling eller syskon (7 §) (Fr. o. m. 2019), Mot man 18 år eller äldre
11780;Kontakt med barn i sexuellt syfte (grooming) (10 a §);0;11780;Kontakt med barn i sexuellt syfte (grooming) (10 a §);Brott mot brottsbalken, 3-7 kap. Brott mot person, 6 kap. Sexualbrott, Kontakt med barn i sexuellt syfte (grooming) (10 a §)
11780;Kontakt med barn i sexuellt syfte (grooming) (10 a §);1;11093;6 kap. Sexualbrott;Brott mot brottsbalken, 3-7 kap. Brott mot person, 6 kap. Sexualbrott, Kontakt med barn i sexuellt syfte (grooming) (10 a §)
14389;Med flicka under 15 år;1;11780;Kontakt med barn i sexuellt syfte (grooming) (10 a §);Brott mot brottsbalken, 3-7 kap. Brott mot person, 6 kap. Sexualbrott, Kontakt med barn i sexuellt syfte (grooming) (10 a §), Med flicka under 15 år
14390;Med pojke under 15 år;1;11780;Kontakt med barn i sexuellt syfte (grooming) (10 a §);Brott mot brottsbalken, 3-7 kap. Brott mot person, 6 kap. Sexualbrott, Kontakt med barn i sexuellt syfte (grooming) (10 a §), Med pojke under 15 år
11770;Utnyttjande av barn för sexuell posering, inkl grov (8 §);0;11770;Utnyttjande av barn för sexuell posering, inkl grov (8 §);Brott mot brottsbalken, 3-7 kap. Brott mot person, 6 kap. Sexualbrott, Utnyttjande av barn för sexuell posering, inkl grov (8 §)
11770;Utnyttjande av barn för sexuell posering, inkl grov (8 §);1;11093;6 kap. Sexualbrott;Brott mot brottsbalken, 3-7 kap. Brott mot person, 6 kap. Sexualbrott, Utnyttjande av barn för sexuell posering, inkl grov (8 §)
11771;Utnyttjande av barn genom köp av sexuell handling (9 §);0;11771;Utnyttjande av barn genom köp av sexuell handling (9 §);Brott mot brottsbalken, 3-7 kap. Brott mot person, 6 kap. Sexualbrott, Utnyttjande av barn genom köp av sexuell handling (9 §)
11771;Utnyttjande av barn genom köp av sexuell handling (9 §);1;11093;6 kap. Sexualbrott;Brott mot brottsbalken, 3-7 kap. Brott mot person, 6 kap. Sexualbrott, Utnyttjande av barn genom köp av sexuell handling (9 §)
11772;Sexuellt ofredande (10 §);0;11772;Sexuellt ofredande (10 §);Brott mot brottsbalken, 3-7 kap. Brott mot person, 6 kap. Sexualbrott, Sexuellt ofredande (10 §)
11772;Sexuellt ofredande (10 §);1;11093;6 kap. Sexualbrott;Brott mot brottsbalken, 3-7 kap. Brott mot person, 6 kap. Sexualbrott, Sexuellt ofredande (10 §)
11773;Exhibitionism (blottning) (t. o. m. 2023);1;11772;Sexuellt ofredande (10 §);Brott mot brottsbalken, 3-7 kap. Brott mot person, 6 kap. Sexualbrott, Sexuellt ofredande (10 §), Exhibitionism (blottning) (t. o. m. 2023)
11774;Annat sexuellt ofredande;1;11772;Sexuellt ofredande (10 §);Brott mot brottsbalken, 3-7 kap. Brott mot person, 6 kap. Sexualbrott, Sexuellt ofredande (10 §), Annat sexuellt ofredande
11775;Mot barn under 15 år;2;11772;Sexuellt ofredande (10 §);Brott mot brottsbalken, 3-7 kap. Brott mot person, 6 kap. Sexualbrott, Sexuellt ofredande (10 §), Annat sexuellt ofredande, Mot barn under 15 år
13078;Mot flicka under 15 år;3;11772;Sexuellt ofredande (10 §);Brott mot brottsbalken, 3-7 kap. Brott mot person, 6 kap. Sexualbrott, Sexuellt ofredande (10 §), Annat sexuellt ofredande, Mot barn under 15 år, Mot flicka under 15 år
13079;Mot pojke under 15 år;3;11772;Sexuellt ofredande (10 §);Brott mot brottsbalken, 3-7 kap. Brott mot person, 6 kap. Sexualbrott, Sexuellt ofredande (10 §), Annat sexuellt ofredande, Mot barn under 15 år, Mot pojke under 15 år
11776;Mot barn 15-17 år;2;11772;Sexuellt ofredande (10 §);Brott mot brottsbalken, 3-7 kap. Brott mot person, 6 kap. Sexualbrott, Sexuellt ofredande (10 §), Annat sexuellt ofredande, Mot barn 15-17 år
13080;Mot flicka 15-17 år;3;11772;Sexuellt ofredande (10 §);Brott mot brottsbalken, 3-7 kap. Brott mot person, 6 kap. Sexualbrott, Sexuellt ofredande (10 §), Annat sexuellt ofredande, Mot barn 15-17 år, Mot flicka 15-17 år
13081;Mot pojke 15-17 år;3;11772;Sexuellt ofredande (10 §);Brott mot brottsbalken, 3-7 kap. Brott mot person, 6 kap. Sexualbrott, Sexuellt ofredande (10 §), Annat sexuellt ofredande, Mot barn 15-17 år, Mot pojke 15-17 år
11777;Mot person 18 år eller äldre;2;11772;Sexuellt ofredande (10 §);Brott mot brottsbalken, 3-7 kap. Brott mot person, 6 kap. Sexualbrott, Sexuellt ofredande (10 §), Annat sexuellt ofredande, Mot person 18 år eller äldre
13082;Mot kvinna 18 år eller äldre;3;11772;Sexuellt ofredande (10 §);Brott mot brottsbalken, 3-7 kap. Brott mot person, 6 kap. Sexualbrott, Sexuellt ofredande (10 §), Annat sexuellt ofredande, Mot person 18 år eller äldre, Mot kvinna 18 år eller äldre
14385;Närstående genom parrelation;4;11772;Sexuellt ofredande (10 §);Brott mot brottsbalken, 3-7 kap. Brott mot person, 6 kap. Sexualbrott, Sexuellt ofredande (10 §), Annat sexuellt ofredande, Mot person 18 år eller äldre, Mot kvinna 18 år eller äldre, Närstående genom parrelation
14386;Närstående genom släktskap/familj;4;11772;Sexuellt ofredande (10 §);Brott mot brottsbalken, 3-7 kap. Brott mot person, 6 kap. Sexualbrott, Sexuellt ofredande (10 §), Annat sexuellt ofredande, Mot person 18 år eller äldre, Mot kvinna 18 år eller äldre, Närstående genom släktskap/familj
14387;Annan slags relation eller bekantskap;4;11772;Sexuellt ofredande (10 §);Brott mot brottsbalken, 3-7 kap. Brott mot person, 6 kap. Sexualbrott, Sexuellt ofredande (10 §), Annat sexuellt ofredande, Mot person 18 år eller äldre, Mot kvinna 18 år eller äldre, Annan slags relation eller bekantskap
14388;Obekanta;4;11772;Sexuellt ofredande (10 §);Brott mot brottsbalken, 3-7 kap. Brott mot person, 6 kap. Sexualbrott, Sexuellt ofredande (10 §), Annat sexuellt ofredande, Mot person 18 år eller äldre, Mot kvinna 18 år eller äldre, Obekanta
13083;Mot man 18 år eller äldre;3;11772;Sexuellt ofredande (10 §);Brott mot brottsbalken, 3-7 kap. Brott mot person, 6 kap. Sexualbrott, Sexuellt ofredande (10 §), Annat sexuellt ofredande, Mot person 18 år eller äldre, Mot man 18 år eller äldre
14381;Närstående genom parrelation;4;11772;Sexuellt ofredande (10 §);Brott mot brottsbalken, 3-7 kap. Brott mot person, 6 kap. Sexualbrott, Sexuellt ofredande (10 §), Annat sexuellt ofredande, Mot person 18 år eller äldre, Mot man 18 år eller äldre, Närstående genom parrelation
14382;Närstående genom släktskap/familj;4;11772;Sexuellt ofredande (10 §);Brott mot brottsbalken, 3-7 kap. Brott mot person, 6 kap. Sexualbrott, Sexuellt ofredande (10 §), Annat sexuellt ofredande, Mot person 18 år eller äldre, Mot man 18 år eller äldre, Närstående genom släktskap/familj
14383;Annan slags relation eller bekantskap;4;11772;Sexuellt ofredande (10 §);Brott mot brottsbalken, 3-7 kap. Brott mot person, 6 kap. Sexualbrott, Sexuellt ofredande (10 §), Annat sexuellt ofredande, Mot person 18 år eller äldre, Mot man 18 år eller äldre, Annan slags relation eller bekantskap
14384;Obekanta;4;11772;Sexuellt ofredande (10 §);Brott mot brottsbalken, 3-7 kap. Brott mot person, 6 kap. Sexualbrott, Sexuellt ofredande (10 §), Annat sexuellt ofredande, Mot person 18 år eller äldre, Mot man 18 år eller äldre, Obekanta
13190;Mot person 15 år eller äldre;2;11772;Sexuellt ofredande (10 §);Brott mot brottsbalken, 3-7 kap. Brott mot person, 6 kap. Sexualbrott, Sexuellt ofredande (10 §), Annat sexuellt ofredande, Mot person 15 år eller äldre
11778;Köp av sexuell tjänst (11 §) (Fr.o.m. 2006);0;11778;Köp av sexuell tjänst (11 §) (Fr.o.m. 2006);Brott mot brottsbalken, 3-7 kap. Brott mot person, 6 kap. Sexualbrott, Köp av sexuell tjänst (11 §) (Fr.o.m. 2006)
11778;Köp av sexuell tjänst (11 §) (Fr.o.m. 2006);1;11093;6 kap. Sexualbrott;Brott mot brottsbalken, 3-7 kap. Brott mot person, 6 kap. Sexualbrott, Köp av sexuell tjänst (11 §) (Fr.o.m. 2006)
11779;Koppleri, inkl grovt (12 §);0;11779;Koppleri, inkl grovt (12 §);Brott mot brottsbalken, 3-7 kap. Brott mot person, 6 kap. Sexualbrott, Koppleri, inkl grovt (12 §)
11779;Koppleri, inkl grovt (12 §);1;11093;6 kap. Sexualbrott;Brott mot brottsbalken, 3-7 kap. Brott mot person, 6 kap. Sexualbrott, Koppleri, inkl grovt (12 §)
11094;7 kap. Brott mot familj;0;11094;7 kap. Brott mot familj;Brott mot brottsbalken, 3-7 kap. Brott mot person, 7 kap. Brott mot familj
11094;7 kap. Brott mot familj;1;11086;3-7 kap. Brott mot person;Brott mot brottsbalken, 3-7 kap. Brott mot person, 7 kap. Brott mot familj
11445;Egenmäktighet med barn (4 §);1;11094;7 kap. Brott mot familj;Brott mot brottsbalken, 3-7 kap. Brott mot person, 7 kap. Brott mot familj, Egenmäktighet med barn (4 §)
11446;Övriga brott mot kap. 7 (1-3 §);1;11094;7 kap. Brott mot familj;Brott mot brottsbalken, 3-7 kap. Brott mot person, 7 kap. Brott mot familj, Övriga brott mot kap. 7 (1-3 §)
11087;8-12 kap. Brott mot förmögenhet;0;11087;8-12 kap. Brott mot förmögenhet;Brott mot brottsbalken, 8-12 kap. Brott mot förmögenhet
11087;8-12 kap. Brott mot förmögenhet;1;11084;Brott mot brottsbalken;Brott mot brottsbalken, 8-12 kap. Brott mot förmögenhet
11095;8 kap. Stöld, rån m.m.;0;11095;8 kap. Stöld, rån m.m.;Brott mot brottsbalken, 8-12 kap. Brott mot förmögenhet, 8 kap. Stöld, rån m.m.
11095;8 kap. Stöld, rån m.m.;1;11087;8-12 kap. Brott mot förmögenhet;Brott mot brottsbalken, 8-12 kap. Brott mot förmögenhet, 8 kap. Stöld, rån m.m.
11447;Tillgrepp av motordrivet fortskaffningsmedel (7 §);0;11447;Tillgrepp av motordrivet fortskaffningsmedel (7 §);Brott mot brottsbalken, 8-12 kap. Brott mot förmögenhet, 8 kap. Stöld, rån m.m., Tillgrepp av motordrivet fortskaffningsmedel (7 §)
11447;Tillgrepp av motordrivet fortskaffningsmedel (7 §);1;11095;8 kap. Stöld, rån m.m.;Brott mot brottsbalken, 8-12 kap. Brott mot förmögenhet, 8 kap. Stöld, rån m.m., Tillgrepp av motordrivet fortskaffningsmedel (7 §)
11448;Bil;1;11447;Tillgrepp av motordrivet fortskaffningsmedel (7 §);Brott mot brottsbalken, 8-12 kap. Brott mot förmögenhet, 8 kap. Stöld, rån m.m., Tillgrepp av motordrivet fortskaffningsmedel (7 §), Bil
11450;Försök till biltillgrepp;2;11447;Tillgrepp av motordrivet fortskaffningsmedel (7 §);Brott mot brottsbalken, 8-12 kap. Brott mot förmögenhet, 8 kap. Stöld, rån m.m., Tillgrepp av motordrivet fortskaffningsmedel (7 §), Bil, Försök till biltillgrepp
11781;Fullbordat biltilgrepp;2;11447;Tillgrepp av motordrivet fortskaffningsmedel (7 §);Brott mot brottsbalken, 8-12 kap. Brott mot förmögenhet, 8 kap. Stöld, rån m.m., Tillgrepp av motordrivet fortskaffningsmedel (7 §), Bil, Fullbordat biltilgrepp
11782;Lastbil, släp, järnvägsv. o.d. avsedd avsedd för yrkesmässig godsbefordran;3;11447;Tillgrepp av motordrivet fortskaffningsmedel (7 §);Brott mot brottsbalken, 8-12 kap. Brott mot förmögenhet, 8 kap. Stöld, rån m.m., Tillgrepp av motordrivet fortskaffningsmedel (7 §), Bil, Fullbordat biltilgrepp, Lastbil, släp, järnvägsv. o.d. avsedd avsedd för yrkesmässig godsbefordran
11783;Övriga bilar;3;11447;Tillgrepp av motordrivet fortskaffningsmedel (7 §);Brott mot brottsbalken, 8-12 kap. Brott mot förmögenhet, 8 kap. Stöld, rån m.m., Tillgrepp av motordrivet fortskaffningsmedel (7 §), Bil, Fullbordat biltilgrepp, Övriga bilar
11784;Motorcykel;1;11447;Tillgrepp av motordrivet fortskaffningsmedel (7 §);Brott mot brottsbalken, 8-12 kap. Brott mot förmögenhet, 8 kap. Stöld, rån m.m., Tillgrepp av motordrivet fortskaffningsmedel (7 §), Motorcykel
11785;Moped;1;11447;Tillgrepp av motordrivet fortskaffningsmedel (7 §);Brott mot brottsbalken, 8-12 kap. Brott mot förmögenhet, 8 kap. Stöld, rån m.m., Tillgrepp av motordrivet fortskaffningsmedel (7 §), Moped
11786;Båt;1;11447;Tillgrepp av motordrivet fortskaffningsmedel (7 §);Brott mot brottsbalken, 8-12 kap. Brott mot förmögenhet, 8 kap. Stöld, rån m.m., Tillgrepp av motordrivet fortskaffningsmedel (7 §), Båt
11787;Annat motordrivet fortskaffningsmedel;1;11447;Tillgrepp av motordrivet fortskaffningsmedel (7 §);Brott mot brottsbalken, 8-12 kap. Brott mot förmögenhet, 8 kap. Stöld, rån m.m., Tillgrepp av motordrivet fortskaffningsmedel (7 §), Annat motordrivet fortskaffningsmedel
11788;Stöld av icke motordrivet fortskaffningsmedel (1, 2, 4 §);0;11788;Stöld av icke motordrivet fortskaffningsmedel (1, 2, 4 §);Brott mot brottsbalken, 8-12 kap. Brott mot förmögenhet, 8 kap. Stöld, rån m.m., Stöld av icke motordrivet fortskaffningsmedel (1, 2, 4 §)
11788;Stöld av icke motordrivet fortskaffningsmedel (1, 2, 4 §);1;11095;8 kap. Stöld, rån m.m.;Brott mot brottsbalken, 8-12 kap. Brott mot förmögenhet, 8 kap. Stöld, rån m.m., Stöld av icke motordrivet fortskaffningsmedel (1, 2, 4 §)
11789;Cykel;1;11788;Stöld av icke motordrivet fortskaffningsmedel (1, 2, 4 §);Brott mot brottsbalken, 8-12 kap. Brott mot förmögenhet, 8 kap. Stöld, rån m.m., Stöld av icke motordrivet fortskaffningsmedel (1, 2, 4 §), Cykel
14392;Elcykel;2;11788;Stöld av icke motordrivet fortskaffningsmedel (1, 2, 4 §);Brott mot brottsbalken, 8-12 kap. Brott mot förmögenhet, 8 kap. Stöld, rån m.m., Stöld av icke motordrivet fortskaffningsmedel (1, 2, 4 §), Cykel, Elcykel
14393;Annan cykel än elcykel;2;11788;Stöld av icke motordrivet fortskaffningsmedel (1, 2, 4 §);Brott mot brottsbalken, 8-12 kap. Brott mot förmögenhet, 8 kap. Stöld, rån m.m., Stöld av icke motordrivet fortskaffningsmedel (1, 2, 4 §), Cykel, Annan cykel än elcykel
14825;Elsparkcykel;1;11788;Stöld av icke motordrivet fortskaffningsmedel (1, 2, 4 §);Brott mot brottsbalken, 8-12 kap. Brott mot förmögenhet, 8 kap. Stöld, rån m.m., Stöld av icke motordrivet fortskaffningsmedel (1, 2, 4 §), Elsparkcykel
11790;Båt;1;11788;Stöld av icke motordrivet fortskaffningsmedel (1, 2, 4 §);Brott mot brottsbalken, 8-12 kap. Brott mot förmögenhet, 8 kap. Stöld, rån m.m., Stöld av icke motordrivet fortskaffningsmedel (1, 2, 4 §), Båt
11791;Annat icke motordrivet fortskaffningsmedel;1;11788;Stöld av icke motordrivet fortskaffningsmedel (1, 2, 4 §);Brott mot brottsbalken, 8-12 kap. Brott mot förmögenhet, 8 kap. Stöld, rån m.m., Stöld av icke motordrivet fortskaffningsmedel (1, 2, 4 §), Annat icke motordrivet fortskaffningsmedel
11462;Stöld genom inbrott, inbrottsstöld i bostad, ej av skjutvapen (1, 2, 4, 4 a§);0;11462;Stöld genom inbrott, inbrottsstöld i bostad, ej av skjutvapen (1, 2, 4, 4 a§);Brott mot brottsbalken, 8-12 kap. Brott mot förmögenhet, 8 kap. Stöld, rån m.m., Stöld genom inbrott, inbrottsstöld i bostad, ej av skjutvapen (1, 2, 4, 4 a§)
11462;Stöld genom inbrott, inbrottsstöld i bostad, ej av skjutvapen (1, 2, 4, 4 a§);1;11095;8 kap. Stöld, rån m.m.;Brott mot brottsbalken, 8-12 kap. Brott mot förmögenhet, 8 kap. Stöld, rån m.m., Stöld genom inbrott, inbrottsstöld i bostad, ej av skjutvapen (1, 2, 4, 4 a§)
11463;I skola, kyrka, idrottsanläggning och lokal för kultur;1;11462;Stöld genom inbrott, inbrottsstöld i bostad, ej av skjutvapen (1, 2, 4, 4 a§);Brott mot brottsbalken, 8-12 kap. Brott mot förmögenhet, 8 kap. Stöld, rån m.m., Stöld genom inbrott, inbrottsstöld i bostad, ej av skjutvapen (1, 2, 4, 4 a§), I skola, kyrka, idrottsanläggning och lokal för kultur
11464;I skola, bibliotek, fritidshem m.m.;2;11462;Stöld genom inbrott, inbrottsstöld i bostad, ej av skjutvapen (1, 2, 4, 4 a§);Brott mot brottsbalken, 8-12 kap. Brott mot förmögenhet, 8 kap. Stöld, rån m.m., Stöld genom inbrott, inbrottsstöld i bostad, ej av skjutvapen (1, 2, 4, 4 a§), I skola, kyrka, idrottsanläggning och lokal för kultur, I skola, bibliotek, fritidshem m.m.
11465;I idrottsanläggning, kyrka, museum m.m.;2;11462;Stöld genom inbrott, inbrottsstöld i bostad, ej av skjutvapen (1, 2, 4, 4 a§);Brott mot brottsbalken, 8-12 kap. Brott mot förmögenhet, 8 kap. Stöld, rån m.m., Stöld genom inbrott, inbrottsstöld i bostad, ej av skjutvapen (1, 2, 4, 4 a§), I skola, kyrka, idrottsanläggning och lokal för kultur, I idrottsanläggning, kyrka, museum m.m.
11466;I hotell, kafé, restaurang, biograf, teater, nöjes-, samlingslokal m.m.;1;11462;Stöld genom inbrott, inbrottsstöld i bostad, ej av skjutvapen (1, 2, 4, 4 a§);Brott mot brottsbalken, 8-12 kap. Brott mot förmögenhet, 8 kap. Stöld, rån m.m., Stöld genom inbrott, inbrottsstöld i bostad, ej av skjutvapen (1, 2, 4, 4 a§), I hotell, kafé, restaurang, biograf, teater, nöjes-, samlingslokal m.m.
11467;I butik, apotek, kiosk m.m.;1;11462;Stöld genom inbrott, inbrottsstöld i bostad, ej av skjutvapen (1, 2, 4, 4 a§);Brott mot brottsbalken, 8-12 kap. Brott mot förmögenhet, 8 kap. Stöld, rån m.m., Stöld genom inbrott, inbrottsstöld i bostad, ej av skjutvapen (1, 2, 4, 4 a§), I butik, apotek, kiosk m.m.
11468;I butik, varuhus o.d.;2;11462;Stöld genom inbrott, inbrottsstöld i bostad, ej av skjutvapen (1, 2, 4, 4 a§);Brott mot brottsbalken, 8-12 kap. Brott mot förmögenhet, 8 kap. Stöld, rån m.m., Stöld genom inbrott, inbrottsstöld i bostad, ej av skjutvapen (1, 2, 4, 4 a§), I butik, apotek, kiosk m.m., I butik, varuhus o.d.
11469;I kiosk, automat och skyltskåp;2;11462;Stöld genom inbrott, inbrottsstöld i bostad, ej av skjutvapen (1, 2, 4, 4 a§);Brott mot brottsbalken, 8-12 kap. Brott mot förmögenhet, 8 kap. Stöld, rån m.m., Stöld genom inbrott, inbrottsstöld i bostad, ej av skjutvapen (1, 2, 4, 4 a§), I butik, apotek, kiosk m.m., I kiosk, automat och skyltskåp
11470;I apotek och läkemedelsförråd;2;11462;Stöld genom inbrott, inbrottsstöld i bostad, ej av skjutvapen (1, 2, 4, 4 a§);Brott mot brottsbalken, 8-12 kap. Brott mot förmögenhet, 8 kap. Stöld, rån m.m., Stöld genom inbrott, inbrottsstöld i bostad, ej av skjutvapen (1, 2, 4, 4 a§), I butik, apotek, kiosk m.m., I apotek och läkemedelsförråd
11471;I industri, verkstad, byggplats, lager, garage, hamnområde, kontor m.m.;1;11462;Stöld genom inbrott, inbrottsstöld i bostad, ej av skjutvapen (1, 2, 4, 4 a§);Brott mot brottsbalken, 8-12 kap. Brott mot förmögenhet, 8 kap. Stöld, rån m.m., Stöld genom inbrott, inbrottsstöld i bostad, ej av skjutvapen (1, 2, 4, 4 a§), I industri, verkstad, byggplats, lager, garage, hamnområde, kontor m.m.
11472;I kontor;2;11462;Stöld genom inbrott, inbrottsstöld i bostad, ej av skjutvapen (1, 2, 4, 4 a§);Brott mot brottsbalken, 8-12 kap. Brott mot förmögenhet, 8 kap. Stöld, rån m.m., Stöld genom inbrott, inbrottsstöld i bostad, ej av skjutvapen (1, 2, 4, 4 a§), I industri, verkstad, byggplats, lager, garage, hamnområde, kontor m.m., I kontor
11473;Övrigt;2;11462;Stöld genom inbrott, inbrottsstöld i bostad, ej av skjutvapen (1, 2, 4, 4 a§);Brott mot brottsbalken, 8-12 kap. Brott mot förmögenhet, 8 kap. Stöld, rån m.m., Stöld genom inbrott, inbrottsstöld i bostad, ej av skjutvapen (1, 2, 4, 4 a§), I industri, verkstad, byggplats, lager, garage, hamnområde, kontor m.m., Övrigt
11475;Inbrottsstöld i bostad m.m.;1;11462;Stöld genom inbrott, inbrottsstöld i bostad, ej av skjutvapen (1, 2, 4, 4 a§);Brott mot brottsbalken, 8-12 kap. Brott mot förmögenhet, 8 kap. Stöld, rån m.m., Stöld genom inbrott, inbrottsstöld i bostad, ej av skjutvapen (1, 2, 4, 4 a§), Inbrottsstöld i bostad m.m.
11476;Inbrottsstöld i bostad;2;11462;Stöld genom inbrott, inbrottsstöld i bostad, ej av skjutvapen (1, 2, 4, 4 a§);Brott mot brottsbalken, 8-12 kap. Brott mot förmögenhet, 8 kap. Stöld, rån m.m., Stöld genom inbrott, inbrottsstöld i bostad, ej av skjutvapen (1, 2, 4, 4 a§), Inbrottsstöld i bostad m.m., Inbrottsstöld i bostad
11480;Villa, radhus o.d.;3;11462;Stöld genom inbrott, inbrottsstöld i bostad, ej av skjutvapen (1, 2, 4, 4 a§);Brott mot brottsbalken, 8-12 kap. Brott mot förmögenhet, 8 kap. Stöld, rån m.m., Stöld genom inbrott, inbrottsstöld i bostad, ej av skjutvapen (1, 2, 4, 4 a§), Inbrottsstöld i bostad m.m., Inbrottsstöld i bostad, Villa, radhus o.d.
11481;Fullbordat inbrott;4;11462;Stöld genom inbrott, inbrottsstöld i bostad, ej av skjutvapen (1, 2, 4, 4 a§);Brott mot brottsbalken, 8-12 kap. Brott mot förmögenhet, 8 kap. Stöld, rån m.m., Stöld genom inbrott, inbrottsstöld i bostad, ej av skjutvapen (1, 2, 4, 4 a§), Inbrottsstöld i bostad m.m., Inbrottsstöld i bostad, Villa, radhus o.d., Fullbordat inbrott
11482;Försök till inbrott;4;11462;Stöld genom inbrott, inbrottsstöld i bostad, ej av skjutvapen (1, 2, 4, 4 a§);Brott mot brottsbalken, 8-12 kap. Brott mot förmögenhet, 8 kap. Stöld, rån m.m., Stöld genom inbrott, inbrottsstöld i bostad, ej av skjutvapen (1, 2, 4, 4 a§), Inbrottsstöld i bostad m.m., Inbrottsstöld i bostad, Villa, radhus o.d., Försök till inbrott
11483;Lägenhet;3;11462;Stöld genom inbrott, inbrottsstöld i bostad, ej av skjutvapen (1, 2, 4, 4 a§);Brott mot brottsbalken, 8-12 kap. Brott mot förmögenhet, 8 kap. Stöld, rån m.m., Stöld genom inbrott, inbrottsstöld i bostad, ej av skjutvapen (1, 2, 4, 4 a§), Inbrottsstöld i bostad m.m., Inbrottsstöld i bostad, Lägenhet
11484;Fullbordat inbrott;4;11462;Stöld genom inbrott, inbrottsstöld i bostad, ej av skjutvapen (1, 2, 4, 4 a§);Brott mot brottsbalken, 8-12 kap. Brott mot förmögenhet, 8 kap. Stöld, rån m.m., Stöld genom inbrott, inbrottsstöld i bostad, ej av skjutvapen (1, 2, 4, 4 a§), Inbrottsstöld i bostad m.m., Inbrottsstöld i bostad, Lägenhet, Fullbordat inbrott
11485;Försök till inbrott;4;11462;Stöld genom inbrott, inbrottsstöld i bostad, ej av skjutvapen (1, 2, 4, 4 a§);Brott mot brottsbalken, 8-12 kap. Brott mot förmögenhet, 8 kap. Stöld, rån m.m., Stöld genom inbrott, inbrottsstöld i bostad, ej av skjutvapen (1, 2, 4, 4 a§), Inbrottsstöld i bostad m.m., Inbrottsstöld i bostad, Lägenhet, Försök till inbrott
11486;I källare och på vind;2;11462;Stöld genom inbrott, inbrottsstöld i bostad, ej av skjutvapen (1, 2, 4, 4 a§);Brott mot brottsbalken, 8-12 kap. Brott mot förmögenhet, 8 kap. Stöld, rån m.m., Stöld genom inbrott, inbrottsstöld i bostad, ej av skjutvapen (1, 2, 4, 4 a§), Inbrottsstöld i bostad m.m., I källare och på vind
11488;I fritidshus;2;11462;Stöld genom inbrott, inbrottsstöld i bostad, ej av skjutvapen (1, 2, 4, 4 a§);Brott mot brottsbalken, 8-12 kap. Brott mot förmögenhet, 8 kap. Stöld, rån m.m., Stöld genom inbrott, inbrottsstöld i bostad, ej av skjutvapen (1, 2, 4, 4 a§), Inbrottsstöld i bostad m.m., I fritidshus
11489;Övrig stöld genom inbrott;1;11462;Stöld genom inbrott, inbrottsstöld i bostad, ej av skjutvapen (1, 2, 4, 4 a§);Brott mot brottsbalken, 8-12 kap. Brott mot förmögenhet, 8 kap. Stöld, rån m.m., Stöld genom inbrott, inbrottsstöld i bostad, ej av skjutvapen (1, 2, 4, 4 a§), Övrig stöld genom inbrott
11490;Stöld (även inbrott) av skjutvapen, ammunition och sprängämnen (1, 2, 4 §);0;11490;Stöld (även inbrott) av skjutvapen, ammunition och sprängämnen (1, 2, 4 §);Brott mot brottsbalken, 8-12 kap. Brott mot förmögenhet, 8 kap. Stöld, rån m.m., Stöld (även inbrott) av skjutvapen, ammunition och sprängämnen (1, 2, 4 §)
11490;Stöld (även inbrott) av skjutvapen, ammunition och sprängämnen (1, 2, 4 §);1;11095;8 kap. Stöld, rån m.m.;Brott mot brottsbalken, 8-12 kap. Brott mot förmögenhet, 8 kap. Stöld, rån m.m., Stöld (även inbrott) av skjutvapen, ammunition och sprängämnen (1, 2, 4 §)
11491;Från militärt förråd/inom militärförläggning;1;11490;Stöld (även inbrott) av skjutvapen, ammunition och sprängämnen (1, 2, 4 §);Brott mot brottsbalken, 8-12 kap. Brott mot förmögenhet, 8 kap. Stöld, rån m.m., Stöld (även inbrott) av skjutvapen, ammunition och sprängämnen (1, 2, 4 §), Från militärt förråd/inom militärförläggning
11492;Från skytteorganisation, vapenhandlare och sprängämnesförråd;1;11490;Stöld (även inbrott) av skjutvapen, ammunition och sprängämnen (1, 2, 4 §);Brott mot brottsbalken, 8-12 kap. Brott mot förmögenhet, 8 kap. Stöld, rån m.m., Stöld (även inbrott) av skjutvapen, ammunition och sprängämnen (1, 2, 4 §), Från skytteorganisation, vapenhandlare och sprängämnesförråd
11493;I bostad (lägenhet, villa) och fritidshus;1;11490;Stöld (även inbrott) av skjutvapen, ammunition och sprängämnen (1, 2, 4 §);Brott mot brottsbalken, 8-12 kap. Brott mot förmögenhet, 8 kap. Stöld, rån m.m., Stöld (även inbrott) av skjutvapen, ammunition och sprängämnen (1, 2, 4 §), I bostad (lägenhet, villa) och fritidshus
11494;Övrig stöld av skjutvapen o.d.;1;11490;Stöld (även inbrott) av skjutvapen, ammunition och sprängämnen (1, 2, 4 §);Brott mot brottsbalken, 8-12 kap. Brott mot förmögenhet, 8 kap. Stöld, rån m.m., Stöld (även inbrott) av skjutvapen, ammunition och sprängämnen (1, 2, 4 §), Övrig stöld av skjutvapen o.d.
11495;Övrig stöld (1, 2, 4 §);0;11495;Övrig stöld (1, 2, 4 §);Brott mot brottsbalken, 8-12 kap. Brott mot förmögenhet, 8 kap. Stöld, rån m.m., Övrig stöld (1, 2, 4 §)
11495;Övrig stöld (1, 2, 4 §);1;11095;8 kap. Stöld, rån m.m.;Brott mot brottsbalken, 8-12 kap. Brott mot förmögenhet, 8 kap. Stöld, rån m.m., Övrig stöld (1, 2, 4 §)
11496;Från fordon m.m.;1;11495;Övrig stöld (1, 2, 4 §);Brott mot brottsbalken, 8-12 kap. Brott mot förmögenhet, 8 kap. Stöld, rån m.m., Övrig stöld (1, 2, 4 §), Från fordon m.m.
11497;Ur och från motordrivet fordon;2;11495;Övrig stöld (1, 2, 4 §);Brott mot brottsbalken, 8-12 kap. Brott mot förmögenhet, 8 kap. Stöld, rån m.m., Övrig stöld (1, 2, 4 §), Från fordon m.m., Ur och från motordrivet fordon
5059;Av fast interiör/exteriör;3;11495;Övrig stöld (1, 2, 4 §);Brott mot brottsbalken, 8-12 kap. Brott mot förmögenhet, 8 kap. Stöld, rån m.m., Övrig stöld (1, 2, 4 §), Från fordon m.m., Ur och från motordrivet fordon, Av fast interiör/exteriör
5060;Av andra föremål (ej fast interiö/exteriör);3;11495;Övrig stöld (1, 2, 4 §);Brott mot brottsbalken, 8-12 kap. Brott mot förmögenhet, 8 kap. Stöld, rån m.m., Övrig stöld (1, 2, 4 §), Från fordon m.m., Ur och från motordrivet fordon, Av andra föremål (ej fast interiö/exteriör)
11498;Från cykel;2;11495;Övrig stöld (1, 2, 4 §);Brott mot brottsbalken, 8-12 kap. Brott mot förmögenhet, 8 kap. Stöld, rån m.m., Övrig stöld (1, 2, 4 §), Från fordon m.m., Från cykel
11499;Från båt (annat än båtmotor);2;11495;Övrig stöld (1, 2, 4 §);Brott mot brottsbalken, 8-12 kap. Brott mot förmögenhet, 8 kap. Stöld, rån m.m., Övrig stöld (1, 2, 4 §), Från fordon m.m., Från båt (annat än båtmotor)
11500;Av båtmotor;2;11495;Övrig stöld (1, 2, 4 §);Brott mot brottsbalken, 8-12 kap. Brott mot förmögenhet, 8 kap. Stöld, rån m.m., Övrig stöld (1, 2, 4 §), Från fordon m.m., Av båtmotor
11501;Under ykesmässig transport;2;11495;Övrig stöld (1, 2, 4 §);Brott mot brottsbalken, 8-12 kap. Brott mot förmögenhet, 8 kap. Stöld, rån m.m., Övrig stöld (1, 2, 4 §), Från fordon m.m., Under ykesmässig transport
11502;Ur/från lastbil, släp, järnvägsv. o d yrkesm godsbeford;3;11495;Övrig stöld (1, 2, 4 §);Brott mot brottsbalken, 8-12 kap. Brott mot förmögenhet, 8 kap. Stöld, rån m.m., Övrig stöld (1, 2, 4 §), Från fordon m.m., Under ykesmässig transport, Ur/från lastbil, släp, järnvägsv. o d yrkesm godsbeford
11503;Under övrig yrkesmässig transport;3;11495;Övrig stöld (1, 2, 4 §);Brott mot brottsbalken, 8-12 kap. Brott mot förmögenhet, 8 kap. Stöld, rån m.m., Övrig stöld (1, 2, 4 §), Från fordon m.m., Under ykesmässig transport, Under övrig yrkesmässig transport
13027;Stöld av drivmedel (1, 2, 4 §);1;11495;Övrig stöld (1, 2, 4 §);Brott mot brottsbalken, 8-12 kap. Brott mot förmögenhet, 8 kap. Stöld, rån m.m., Övrig stöld (1, 2, 4 §), Stöld av drivmedel (1, 2, 4 §)
13169;Stöld av diesel;2;11495;Övrig stöld (1, 2, 4 §);Brott mot brottsbalken, 8-12 kap. Brott mot förmögenhet, 8 kap. Stöld, rån m.m., Övrig stöld (1, 2, 4 §), Stöld av drivmedel (1, 2, 4 §), Stöld av diesel
13171;Ur fordonstank (även entrepenadmaskin m.m.);3;11495;Övrig stöld (1, 2, 4 §);Brott mot brottsbalken, 8-12 kap. Brott mot förmögenhet, 8 kap. Stöld, rån m.m., Övrig stöld (1, 2, 4 §), Stöld av drivmedel (1, 2, 4 §), Stöld av diesel, Ur fordonstank (även entrepenadmaskin m.m.)
13172;Ur större tankar (ej kopplade till fordon);3;11495;Övrig stöld (1, 2, 4 §);Brott mot brottsbalken, 8-12 kap. Brott mot förmögenhet, 8 kap. Stöld, rån m.m., Övrig stöld (1, 2, 4 §), Stöld av drivmedel (1, 2, 4 §), Stöld av diesel, Ur större tankar (ej kopplade till fordon)
13170;Stöld av drivmedel (även diesel);2;11495;Övrig stöld (1, 2, 4 §);Brott mot brottsbalken, 8-12 kap. Brott mot förmögenhet, 8 kap. Stöld, rån m.m., Övrig stöld (1, 2, 4 §), Stöld av drivmedel (1, 2, 4 §), Stöld av drivmedel (även diesel)
13173;Genom smitning (från bensinstation);3;11495;Övrig stöld (1, 2, 4 §);Brott mot brottsbalken, 8-12 kap. Brott mot förmögenhet, 8 kap. Stöld, rån m.m., Övrig stöld (1, 2, 4 §), Stöld av drivmedel (1, 2, 4 §), Stöld av drivmedel (även diesel), Genom smitning (från bensinstation)
13174;Ej genom smitning;3;11495;Övrig stöld (1, 2, 4 §);Brott mot brottsbalken, 8-12 kap. Brott mot förmögenhet, 8 kap. Stöld, rån m.m., Övrig stöld (1, 2, 4 §), Stöld av drivmedel (1, 2, 4 §), Stöld av drivmedel (även diesel), Ej genom smitning
13183;Stöld av andra drivmedel (t.o.m. 2015-12);2;11495;Övrig stöld (1, 2, 4 §);Brott mot brottsbalken, 8-12 kap. Brott mot förmögenhet, 8 kap. Stöld, rån m.m., Övrig stöld (1, 2, 4 §), Stöld av drivmedel (1, 2, 4 §), Stöld av andra drivmedel (t.o.m. 2015-12)
13182;Stöld av diesel (t.o.m. 2015-12);2;11495;Övrig stöld (1, 2, 4 §);Brott mot brottsbalken, 8-12 kap. Brott mot förmögenhet, 8 kap. Stöld, rån m.m., Övrig stöld (1, 2, 4 §), Stöld av drivmedel (1, 2, 4 §), Stöld av diesel (t.o.m. 2015-12)
11504;I skola, kyrka, idrottsanläggning och lokal för kultur;1;11495;Övrig stöld (1, 2, 4 §);Brott mot brottsbalken, 8-12 kap. Brott mot förmögenhet, 8 kap. Stöld, rån m.m., Övrig stöld (1, 2, 4 §), I skola, kyrka, idrottsanläggning och lokal för kultur
11505;I skola, bibliotek, fritidshem m.m.;2;11495;Övrig stöld (1, 2, 4 §);Brott mot brottsbalken, 8-12 kap. Brott mot förmögenhet, 8 kap. Stöld, rån m.m., Övrig stöld (1, 2, 4 §), I skola, kyrka, idrottsanläggning och lokal för kultur, I skola, bibliotek, fritidshem m.m.
11506;I idrottsanläggning, kyrka, museum m.m.;2;11495;Övrig stöld (1, 2, 4 §);Brott mot brottsbalken, 8-12 kap. Brott mot förmögenhet, 8 kap. Stöld, rån m.m., Övrig stöld (1, 2, 4 §), I skola, kyrka, idrottsanläggning och lokal för kultur, I idrottsanläggning, kyrka, museum m.m.
11507;I hotell, kafé, restaurang, biograf, teater, nöjes-, samlingslokal m.m.;1;11495;Övrig stöld (1, 2, 4 §);Brott mot brottsbalken, 8-12 kap. Brott mot förmögenhet, 8 kap. Stöld, rån m.m., Övrig stöld (1, 2, 4 §), I hotell, kafé, restaurang, biograf, teater, nöjes-, samlingslokal m.m.
11508;I butik, varuhus o. d.;1;11495;Övrig stöld (1, 2, 4 §);Brott mot brottsbalken, 8-12 kap. Brott mot förmögenhet, 8 kap. Stöld, rån m.m., Övrig stöld (1, 2, 4 §), I butik, varuhus o. d.
11509;I industri, verkstad, byggplats, lager, garage, hamnområde, kontor m.m.;1;11495;Övrig stöld (1, 2, 4 §);Brott mot brottsbalken, 8-12 kap. Brott mot förmögenhet, 8 kap. Stöld, rån m.m., Övrig stöld (1, 2, 4 §), I industri, verkstad, byggplats, lager, garage, hamnområde, kontor m.m.
11510;I kontor;2;11495;Övrig stöld (1, 2, 4 §);Brott mot brottsbalken, 8-12 kap. Brott mot förmögenhet, 8 kap. Stöld, rån m.m., Övrig stöld (1, 2, 4 §), I industri, verkstad, byggplats, lager, garage, hamnområde, kontor m.m., I kontor
11511;Övrigt;2;11495;Övrig stöld (1, 2, 4 §);Brott mot brottsbalken, 8-12 kap. Brott mot förmögenhet, 8 kap. Stöld, rån m.m., Övrig stöld (1, 2, 4 §), I industri, verkstad, byggplats, lager, garage, hamnområde, kontor m.m., Övrigt
11512;I bostad m.m.;1;11495;Övrig stöld (1, 2, 4 §);Brott mot brottsbalken, 8-12 kap. Brott mot förmögenhet, 8 kap. Stöld, rån m.m., Övrig stöld (1, 2, 4 §), I bostad m.m.
11513;I bostad (lägenhet, villa);2;11495;Övrig stöld (1, 2, 4 §);Brott mot brottsbalken, 8-12 kap. Brott mot förmögenhet, 8 kap. Stöld, rån m.m., Övrig stöld (1, 2, 4 §), I bostad m.m., I bostad (lägenhet, villa)
5099;Mot funktionsnedsatt;3;11495;Övrig stöld (1, 2, 4 §);Brott mot brottsbalken, 8-12 kap. Brott mot förmögenhet, 8 kap. Stöld, rån m.m., Övrig stöld (1, 2, 4 §), I bostad m.m., I bostad (lägenhet, villa), Mot funktionsnedsatt
5100;Mot ej funktionsnedsatt;3;11495;Övrig stöld (1, 2, 4 §);Brott mot brottsbalken, 8-12 kap. Brott mot förmögenhet, 8 kap. Stöld, rån m.m., Övrig stöld (1, 2, 4 §), I bostad m.m., I bostad (lägenhet, villa), Mot ej funktionsnedsatt
11514;I källare och på vind;2;11495;Övrig stöld (1, 2, 4 §);Brott mot brottsbalken, 8-12 kap. Brott mot förmögenhet, 8 kap. Stöld, rån m.m., Övrig stöld (1, 2, 4 §), I bostad m.m., I källare och på vind
11515;Väskryckning (ej rån);1;11495;Övrig stöld (1, 2, 4 §);Brott mot brottsbalken, 8-12 kap. Brott mot förmögenhet, 8 kap. Stöld, rån m.m., Övrig stöld (1, 2, 4 §), Väskryckning (ej rån)
11516;Mot äldre/funktionsnedsatt;2;11495;Övrig stöld (1, 2, 4 §);Brott mot brottsbalken, 8-12 kap. Brott mot förmögenhet, 8 kap. Stöld, rån m.m., Övrig stöld (1, 2, 4 §), Väskryckning (ej rån), Mot äldre/funktionsnedsatt
11517;Mot ej äldre/funktionsnedsatt;2;11495;Övrig stöld (1, 2, 4 §);Brott mot brottsbalken, 8-12 kap. Brott mot förmögenhet, 8 kap. Stöld, rån m.m., Övrig stöld (1, 2, 4 §), Väskryckning (ej rån), Mot ej äldre/funktionsnedsatt
11518;Fickstöld;1;11495;Övrig stöld (1, 2, 4 §);Brott mot brottsbalken, 8-12 kap. Brott mot förmögenhet, 8 kap. Stöld, rån m.m., Övrig stöld (1, 2, 4 §), Fickstöld
11519;Mot äldre/funktionsnedsatt;2;11495;Övrig stöld (1, 2, 4 §);Brott mot brottsbalken, 8-12 kap. Brott mot förmögenhet, 8 kap. Stöld, rån m.m., Övrig stöld (1, 2, 4 §), Fickstöld, Mot äldre/funktionsnedsatt
11520;Mot ej äldre/funktionsnedsatt;2;11495;Övrig stöld (1, 2, 4 §);Brott mot brottsbalken, 8-12 kap. Brott mot förmögenhet, 8 kap. Stöld, rån m.m., Övrig stöld (1, 2, 4 §), Fickstöld, Mot ej äldre/funktionsnedsatt
11521;Annan stöld (1, 2, 4 §);1;11495;Övrig stöld (1, 2, 4 §);Brott mot brottsbalken, 8-12 kap. Brott mot förmögenhet, 8 kap. Stöld, rån m.m., Övrig stöld (1, 2, 4 §), Annan stöld (1, 2, 4 §)
11522;Rån, inkl. grovt (5, 6 §);0;11522;Rån, inkl. grovt (5, 6 §);Brott mot brottsbalken, 8-12 kap. Brott mot förmögenhet, 8 kap. Stöld, rån m.m., Rån, inkl. grovt (5, 6 §)
11522;Rån, inkl. grovt (5, 6 §);1;11095;8 kap. Stöld, rån m.m.;Brott mot brottsbalken, 8-12 kap. Brott mot förmögenhet, 8 kap. Stöld, rån m.m., Rån, inkl. grovt (5, 6 §)
13042;Samtliga rån med användning av skjutvapen;1;11522;Rån, inkl. grovt (5, 6 §);Brott mot brottsbalken, 8-12 kap. Brott mot förmögenhet, 8 kap. Stöld, rån m.m., Rån, inkl. grovt (5, 6 §), Samtliga rån med användning av skjutvapen
13043;Samtliga rån utan användning av skjutvapen;1;11522;Rån, inkl. grovt (5, 6 §);Brott mot brottsbalken, 8-12 kap. Brott mot förmögenhet, 8 kap. Stöld, rån m.m., Rån, inkl. grovt (5, 6 §), Samtliga rån utan användning av skjutvapen
11523;Bankrån;1;11522;Rån, inkl. grovt (5, 6 §);Brott mot brottsbalken, 8-12 kap. Brott mot förmögenhet, 8 kap. Stöld, rån m.m., Rån, inkl. grovt (5, 6 §), Bankrån
11524;Med användning av skjutvapen;2;11522;Rån, inkl. grovt (5, 6 §);Brott mot brottsbalken, 8-12 kap. Brott mot förmögenhet, 8 kap. Stöld, rån m.m., Rån, inkl. grovt (5, 6 §), Bankrån, Med användning av skjutvapen
11525;Utan användning av skjutvapen;2;11522;Rån, inkl. grovt (5, 6 §);Brott mot brottsbalken, 8-12 kap. Brott mot förmögenhet, 8 kap. Stöld, rån m.m., Rån, inkl. grovt (5, 6 §), Bankrån, Utan användning av skjutvapen
11526;Butiksrån;1;11522;Rån, inkl. grovt (5, 6 §);Brott mot brottsbalken, 8-12 kap. Brott mot förmögenhet, 8 kap. Stöld, rån m.m., Rån, inkl. grovt (5, 6 §), Butiksrån
11540;Med användning av skjutvapen;2;11522;Rån, inkl. grovt (5, 6 §);Brott mot brottsbalken, 8-12 kap. Brott mot förmögenhet, 8 kap. Stöld, rån m.m., Rån, inkl. grovt (5, 6 §), Butiksrån, Med användning av skjutvapen
11551;Utan användning av skjutvapen;2;11522;Rån, inkl. grovt (5, 6 §);Brott mot brottsbalken, 8-12 kap. Brott mot förmögenhet, 8 kap. Stöld, rån m.m., Rån, inkl. grovt (5, 6 §), Butiksrån, Utan användning av skjutvapen
11527;Rån mot värdebefordran;1;11522;Rån, inkl. grovt (5, 6 §);Brott mot brottsbalken, 8-12 kap. Brott mot förmögenhet, 8 kap. Stöld, rån m.m., Rån, inkl. grovt (5, 6 §), Rån mot värdebefordran
11541;Med användning av skjutvapen;2;11522;Rån, inkl. grovt (5, 6 §);Brott mot brottsbalken, 8-12 kap. Brott mot förmögenhet, 8 kap. Stöld, rån m.m., Rån, inkl. grovt (5, 6 §), Rån mot värdebefordran, Med användning av skjutvapen
11552;Utan användning av skjutvapen;2;11522;Rån, inkl. grovt (5, 6 §);Brott mot brottsbalken, 8-12 kap. Brott mot förmögenhet, 8 kap. Stöld, rån m.m., Rån, inkl. grovt (5, 6 §), Rån mot värdebefordran, Utan användning av skjutvapen
11528;Rån mot värdetransport;1;11522;Rån, inkl. grovt (5, 6 §);Brott mot brottsbalken, 8-12 kap. Brott mot förmögenhet, 8 kap. Stöld, rån m.m., Rån, inkl. grovt (5, 6 §), Rån mot värdetransport
11542;Med användning av skjutvapen;2;11522;Rån, inkl. grovt (5, 6 §);Brott mot brottsbalken, 8-12 kap. Brott mot förmögenhet, 8 kap. Stöld, rån m.m., Rån, inkl. grovt (5, 6 §), Rån mot värdetransport, Med användning av skjutvapen
11553;Utan användning av skjutvapen;2;11522;Rån, inkl. grovt (5, 6 §);Brott mot brottsbalken, 8-12 kap. Brott mot förmögenhet, 8 kap. Stöld, rån m.m., Rån, inkl. grovt (5, 6 §), Rån mot värdetransport, Utan användning av skjutvapen
11529;Taxirån;1;11522;Rån, inkl. grovt (5, 6 §);Brott mot brottsbalken, 8-12 kap. Brott mot förmögenhet, 8 kap. Stöld, rån m.m., Rån, inkl. grovt (5, 6 §), Taxirån
11543;Med användning av skjutvapen;2;11522;Rån, inkl. grovt (5, 6 §);Brott mot brottsbalken, 8-12 kap. Brott mot förmögenhet, 8 kap. Stöld, rån m.m., Rån, inkl. grovt (5, 6 §), Taxirån, Med användning av skjutvapen
11554;Utan användning av skjutvapen;2;11522;Rån, inkl. grovt (5, 6 §);Brott mot brottsbalken, 8-12 kap. Brott mot förmögenhet, 8 kap. Stöld, rån m.m., Rån, inkl. grovt (5, 6 §), Taxirån, Utan användning av skjutvapen
11530;Postrån (t.o.m. 2007-06);1;11522;Rån, inkl. grovt (5, 6 §);Brott mot brottsbalken, 8-12 kap. Brott mot förmögenhet, 8 kap. Stöld, rån m.m., Rån, inkl. grovt (5, 6 §), Postrån (t.o.m. 2007-06)
11544;Med användning av skjutvapen (t.o.m. 2007);2;11522;Rån, inkl. grovt (5, 6 §);Brott mot brottsbalken, 8-12 kap. Brott mot förmögenhet, 8 kap. Stöld, rån m.m., Rån, inkl. grovt (5, 6 §), Postrån (t.o.m. 2007-06), Med användning av skjutvapen (t.o.m. 2007)
11555;Utan användning av skjutvapen (t.o.m. 2007);2;11522;Rån, inkl. grovt (5, 6 §);Brott mot brottsbalken, 8-12 kap. Brott mot förmögenhet, 8 kap. Stöld, rån m.m., Rån, inkl. grovt (5, 6 §), Postrån (t.o.m. 2007-06), Utan användning av skjutvapen (t.o.m. 2007)
12964;Rån mot äldre/funktionsnedsatt privatperson;1;11522;Rån, inkl. grovt (5, 6 §);Brott mot brottsbalken, 8-12 kap. Brott mot förmögenhet, 8 kap. Stöld, rån m.m., Rån, inkl. grovt (5, 6 §), Rån mot äldre/funktionsnedsatt privatperson
12966;Med användning av skjutvapen;2;11522;Rån, inkl. grovt (5, 6 §);Brott mot brottsbalken, 8-12 kap. Brott mot förmögenhet, 8 kap. Stöld, rån m.m., Rån, inkl. grovt (5, 6 §), Rån mot äldre/funktionsnedsatt privatperson , Med användning av skjutvapen
12968;Utan användning av skjutvapen;2;11522;Rån, inkl. grovt (5, 6 §);Brott mot brottsbalken, 8-12 kap. Brott mot förmögenhet, 8 kap. Stöld, rån m.m., Rån, inkl. grovt (5, 6 §), Rån mot äldre/funktionsnedsatt privatperson , Utan användning av skjutvapen
12965;Rån mot ej äldre/funktionsnedsatt privatperson;1;11522;Rån, inkl. grovt (5, 6 §);Brott mot brottsbalken, 8-12 kap. Brott mot förmögenhet, 8 kap. Stöld, rån m.m., Rån, inkl. grovt (5, 6 §), Rån mot ej äldre/funktionsnedsatt privatperson
12967;Med användning av skjutvapen;2;11522;Rån, inkl. grovt (5, 6 §);Brott mot brottsbalken, 8-12 kap. Brott mot förmögenhet, 8 kap. Stöld, rån m.m., Rån, inkl. grovt (5, 6 §), Rån mot ej äldre/funktionsnedsatt privatperson , Med användning av skjutvapen
12972;Utomhus;3;11522;Rån, inkl. grovt (5, 6 §);Brott mot brottsbalken, 8-12 kap. Brott mot förmögenhet, 8 kap. Stöld, rån m.m., Rån, inkl. grovt (5, 6 §), Rån mot ej äldre/funktionsnedsatt privatperson , Med användning av skjutvapen, Utomhus
12977;Inomhus;3;11522;Rån, inkl. grovt (5, 6 §);Brott mot brottsbalken, 8-12 kap. Brott mot förmögenhet, 8 kap. Stöld, rån m.m., Rån, inkl. grovt (5, 6 §), Rån mot ej äldre/funktionsnedsatt privatperson , Med användning av skjutvapen, Inomhus
12969;Utan användning av skjutvapen;2;11522;Rån, inkl. grovt (5, 6 §);Brott mot brottsbalken, 8-12 kap. Brott mot förmögenhet, 8 kap. Stöld, rån m.m., Rån, inkl. grovt (5, 6 §), Rån mot ej äldre/funktionsnedsatt privatperson , Utan användning av skjutvapen
12973;Utomhus;3;11522;Rån, inkl. grovt (5, 6 §);Brott mot brottsbalken, 8-12 kap. Brott mot förmögenhet, 8 kap. Stöld, rån m.m., Rån, inkl. grovt (5, 6 §), Rån mot ej äldre/funktionsnedsatt privatperson , Utan användning av skjutvapen, Utomhus
12978;Inomhus;3;11522;Rån, inkl. grovt (5, 6 §);Brott mot brottsbalken, 8-12 kap. Brott mot förmögenhet, 8 kap. Stöld, rån m.m., Rån, inkl. grovt (5, 6 §), Rån mot ej äldre/funktionsnedsatt privatperson , Utan användning av skjutvapen, Inomhus
13006;Mot person under 18 år;2;11522;Rån, inkl. grovt (5, 6 §);Brott mot brottsbalken, 8-12 kap. Brott mot förmögenhet, 8 kap. Stöld, rån m.m., Rån, inkl. grovt (5, 6 §), Rån mot ej äldre/funktionsnedsatt privatperson , Mot person under 18 år
13009;Med användning av skjutvapen;3;11522;Rån, inkl. grovt (5, 6 §);Brott mot brottsbalken, 8-12 kap. Brott mot förmögenhet, 8 kap. Stöld, rån m.m., Rån, inkl. grovt (5, 6 §), Rån mot ej äldre/funktionsnedsatt privatperson , Mot person under 18 år, Med användning av skjutvapen
13013;Utomhus;4;11522;Rån, inkl. grovt (5, 6 §);Brott mot brottsbalken, 8-12 kap. Brott mot förmögenhet, 8 kap. Stöld, rån m.m., Rån, inkl. grovt (5, 6 §), Rån mot ej äldre/funktionsnedsatt privatperson , Mot person under 18 år, Med användning av skjutvapen, Utomhus
13017;Inomhus;4;11522;Rån, inkl. grovt (5, 6 §);Brott mot brottsbalken, 8-12 kap. Brott mot förmögenhet, 8 kap. Stöld, rån m.m., Rån, inkl. grovt (5, 6 §), Rån mot ej äldre/funktionsnedsatt privatperson , Mot person under 18 år, Med användning av skjutvapen, Inomhus
13011;Utan användning av skjutvapen;3;11522;Rån, inkl. grovt (5, 6 §);Brott mot brottsbalken, 8-12 kap. Brott mot förmögenhet, 8 kap. Stöld, rån m.m., Rån, inkl. grovt (5, 6 §), Rån mot ej äldre/funktionsnedsatt privatperson , Mot person under 18 år, Utan användning av skjutvapen
13014;Utomhus;4;11522;Rån, inkl. grovt (5, 6 §);Brott mot brottsbalken, 8-12 kap. Brott mot förmögenhet, 8 kap. Stöld, rån m.m., Rån, inkl. grovt (5, 6 §), Rån mot ej äldre/funktionsnedsatt privatperson , Mot person under 18 år, Utan användning av skjutvapen, Utomhus
13018;Inomhus;4;11522;Rån, inkl. grovt (5, 6 §);Brott mot brottsbalken, 8-12 kap. Brott mot förmögenhet, 8 kap. Stöld, rån m.m., Rån, inkl. grovt (5, 6 §), Rån mot ej äldre/funktionsnedsatt privatperson , Mot person under 18 år, Utan användning av skjutvapen, Inomhus
13007;Mot person 18 år eller äldre;2;11522;Rån, inkl. grovt (5, 6 §);Brott mot brottsbalken, 8-12 kap. Brott mot förmögenhet, 8 kap. Stöld, rån m.m., Rån, inkl. grovt (5, 6 §), Rån mot ej äldre/funktionsnedsatt privatperson , Mot person 18 år eller äldre
13010;Med användning av skjutvapen;3;11522;Rån, inkl. grovt (5, 6 §);Brott mot brottsbalken, 8-12 kap. Brott mot förmögenhet, 8 kap. Stöld, rån m.m., Rån, inkl. grovt (5, 6 §), Rån mot ej äldre/funktionsnedsatt privatperson , Mot person 18 år eller äldre, Med användning av skjutvapen
13015;Utomhus;4;11522;Rån, inkl. grovt (5, 6 §);Brott mot brottsbalken, 8-12 kap. Brott mot förmögenhet, 8 kap. Stöld, rån m.m., Rån, inkl. grovt (5, 6 §), Rån mot ej äldre/funktionsnedsatt privatperson , Mot person 18 år eller äldre, Med användning av skjutvapen, Utomhus
13019;Inomhus;4;11522;Rån, inkl. grovt (5, 6 §);Brott mot brottsbalken, 8-12 kap. Brott mot förmögenhet, 8 kap. Stöld, rån m.m., Rån, inkl. grovt (5, 6 §), Rån mot ej äldre/funktionsnedsatt privatperson , Mot person 18 år eller äldre, Med användning av skjutvapen, Inomhus
13012;Utan användning av skjutvapen;3;11522;Rån, inkl. grovt (5, 6 §);Brott mot brottsbalken, 8-12 kap. Brott mot förmögenhet, 8 kap. Stöld, rån m.m., Rån, inkl. grovt (5, 6 §), Rån mot ej äldre/funktionsnedsatt privatperson , Mot person 18 år eller äldre, Utan användning av skjutvapen
13016;Utomhus;4;11522;Rån, inkl. grovt (5, 6 §);Brott mot brottsbalken, 8-12 kap. Brott mot förmögenhet, 8 kap. Stöld, rån m.m., Rån, inkl. grovt (5, 6 §), Rån mot ej äldre/funktionsnedsatt privatperson , Mot person 18 år eller äldre, Utan användning av skjutvapen, Utomhus
13020;Inomhus;4;11522;Rån, inkl. grovt (5, 6 §);Brott mot brottsbalken, 8-12 kap. Brott mot förmögenhet, 8 kap. Stöld, rån m.m., Rån, inkl. grovt (5, 6 §), Rån mot ej äldre/funktionsnedsatt privatperson , Mot person 18 år eller äldre, Utan användning av skjutvapen, Inomhus
11539;Övriga rån;1;11522;Rån, inkl. grovt (5, 6 §);Brott mot brottsbalken, 8-12 kap. Brott mot förmögenhet, 8 kap. Stöld, rån m.m., Rån, inkl. grovt (5, 6 §), Övriga rån
11550;Med användning av skjutvapen;2;11522;Rån, inkl. grovt (5, 6 §);Brott mot brottsbalken, 8-12 kap. Brott mot förmögenhet, 8 kap. Stöld, rån m.m., Rån, inkl. grovt (5, 6 §), Övriga rån, Med användning av skjutvapen
11561;Utan användning av skjutvapen;2;11522;Rån, inkl. grovt (5, 6 §);Brott mot brottsbalken, 8-12 kap. Brott mot förmögenhet, 8 kap. Stöld, rån m.m., Rån, inkl. grovt (5, 6 §), Övriga rån, Utan användning av skjutvapen
11562;Övriga brott mot 8 kap. (8-10 §);0;11562;Övriga brott mot 8 kap. (8-10 §);Brott mot brottsbalken, 8-12 kap. Brott mot förmögenhet, 8 kap. Stöld, rån m.m., Övriga brott mot 8 kap. (8-10 §)
11562;Övriga brott mot 8 kap. (8-10 §);1;11095;8 kap. Stöld, rån m.m.;Brott mot brottsbalken, 8-12 kap. Brott mot förmögenhet, 8 kap. Stöld, rån m.m., Övriga brott mot 8 kap. (8-10 §)
11096;9 kap. Bedrägeri och annan oredlighet;0;11096;9 kap. Bedrägeri och annan oredlighet;Brott mot brottsbalken, 8-12 kap. Brott mot förmögenhet, 9 kap. Bedrägeri och annan oredlighet
11096;9 kap. Bedrägeri och annan oredlighet;1;11087;8-12 kap. Brott mot förmögenhet;Brott mot brottsbalken, 8-12 kap. Brott mot förmögenhet, 9 kap. Bedrägeri och annan oredlighet
11563;Bedrägeri inkl. grovt, bedrägligt beteende (1-3 §);1;11096;9 kap. Bedrägeri och annan oredlighet;Brott mot brottsbalken, 8-12 kap. Brott mot förmögenhet, 9 kap. Bedrägeri och annan oredlighet, Bedrägeri inkl. grovt, bedrägligt beteende (1-3 §)
14021;Bedrägeri genom social manipulation (fr. o. m. 2019);2;11096;9 kap. Bedrägeri och annan oredlighet;Brott mot brottsbalken, 8-12 kap. Brott mot förmögenhet, 9 kap. Bedrägeri och annan oredlighet, Bedrägeri inkl. grovt, bedrägligt beteende (1-3 §), Bedrägeri genom social manipulation (fr. o. m. 2019)
14022;Romansbedrägeri;3;11096;9 kap. Bedrägeri och annan oredlighet;Brott mot brottsbalken, 8-12 kap. Brott mot förmögenhet, 9 kap. Bedrägeri och annan oredlighet, Bedrägeri inkl. grovt, bedrägligt beteende (1-3 §), Bedrägeri genom social manipulation (fr. o. m. 2019), Romansbedrägeri
14034;Internationell anknytning;4;11096;9 kap. Bedrägeri och annan oredlighet;Brott mot brottsbalken, 8-12 kap. Brott mot förmögenhet, 9 kap. Bedrägeri och annan oredlighet, Bedrägeri inkl. grovt, bedrägligt beteende (1-3 §), Bedrägeri genom social manipulation (fr. o. m. 2019), Romansbedrägeri, Internationell anknytning
14069;Mot äldre/funktionsnedsatt;5;11096;9 kap. Bedrägeri och annan oredlighet;Brott mot brottsbalken, 8-12 kap. Brott mot förmögenhet, 9 kap. Bedrägeri och annan oredlighet, Bedrägeri inkl. grovt, bedrägligt beteende (1-3 §), Bedrägeri genom social manipulation (fr. o. m. 2019), Romansbedrägeri, Internationell anknytning, Mot äldre/funktionsnedsatt
14093;Ej mot äldre/funktionsnedsatt;5;11096;9 kap. Bedrägeri och annan oredlighet;Brott mot brottsbalken, 8-12 kap. Brott mot förmögenhet, 9 kap. Bedrägeri och annan oredlighet, Bedrägeri inkl. grovt, bedrägligt beteende (1-3 §), Bedrägeri genom social manipulation (fr. o. m. 2019), Romansbedrägeri, Internationell anknytning, Ej mot äldre/funktionsnedsatt
14055;Ej internationell anknytning;4;11096;9 kap. Bedrägeri och annan oredlighet;Brott mot brottsbalken, 8-12 kap. Brott mot förmögenhet, 9 kap. Bedrägeri och annan oredlighet, Bedrägeri inkl. grovt, bedrägligt beteende (1-3 §), Bedrägeri genom social manipulation (fr. o. m. 2019), Romansbedrägeri, Ej internationell anknytning
14070;Mot äldre/funktionsnedsatt;5;11096;9 kap. Bedrägeri och annan oredlighet;Brott mot brottsbalken, 8-12 kap. Brott mot förmögenhet, 9 kap. Bedrägeri och annan oredlighet, Bedrägeri inkl. grovt, bedrägligt beteende (1-3 §), Bedrägeri genom social manipulation (fr. o. m. 2019), Romansbedrägeri, Ej internationell anknytning, Mot äldre/funktionsnedsatt
14094;Ej mot äldre/funktionsnedsatt;5;11096;9 kap. Bedrägeri och annan oredlighet;Brott mot brottsbalken, 8-12 kap. Brott mot förmögenhet, 9 kap. Bedrägeri och annan oredlighet, Bedrägeri inkl. grovt, bedrägligt beteende (1-3 §), Bedrägeri genom social manipulation (fr. o. m. 2019), Romansbedrägeri, Ej internationell anknytning, Ej mot äldre/funktionsnedsatt
14023;Investeringsbedrägeri;3;11096;9 kap. Bedrägeri och annan oredlighet;Brott mot brottsbalken, 8-12 kap. Brott mot förmögenhet, 9 kap. Bedrägeri och annan oredlighet, Bedrägeri inkl. grovt, bedrägligt beteende (1-3 §), Bedrägeri genom social manipulation (fr. o. m. 2019), Investeringsbedrägeri
14035;Internationell anknytning;4;11096;9 kap. Bedrägeri och annan oredlighet;Brott mot brottsbalken, 8-12 kap. Brott mot förmögenhet, 9 kap. Bedrägeri och annan oredlighet, Bedrägeri inkl. grovt, bedrägligt beteende (1-3 §), Bedrägeri genom social manipulation (fr. o. m. 2019), Investeringsbedrägeri, Internationell anknytning
14071;Mot äldre/funktionsnedsatt;5;11096;9 kap. Bedrägeri och annan oredlighet;Brott mot brottsbalken, 8-12 kap. Brott mot förmögenhet, 9 kap. Bedrägeri och annan oredlighet, Bedrägeri inkl. grovt, bedrägligt beteende (1-3 §), Bedrägeri genom social manipulation (fr. o. m. 2019), Investeringsbedrägeri, Internationell anknytning, Mot äldre/funktionsnedsatt
14095;Ej mot äldre/funktionsnedsatt;5;11096;9 kap. Bedrägeri och annan oredlighet;Brott mot brottsbalken, 8-12 kap. Brott mot förmögenhet, 9 kap. Bedrägeri och annan oredlighet, Bedrägeri inkl. grovt, bedrägligt beteende (1-3 §), Bedrägeri genom social manipulation (fr. o. m. 2019), Investeringsbedrägeri, Internationell anknytning, Ej mot äldre/funktionsnedsatt
14056;Ej internationell anknytning;4;11096;9 kap. Bedrägeri och annan oredlighet;Brott mot brottsbalken, 8-12 kap. Brott mot förmögenhet, 9 kap. Bedrägeri och annan oredlighet, Bedrägeri inkl. grovt, bedrägligt beteende (1-3 §), Bedrägeri genom social manipulation (fr. o. m. 2019), Investeringsbedrägeri, Ej internationell anknytning
14072;Mot äldre/funktionsnedsatt;5;11096;9 kap. Bedrägeri och annan oredlighet;Brott mot brottsbalken, 8-12 kap. Brott mot förmögenhet, 9 kap. Bedrägeri och annan oredlighet, Bedrägeri inkl. grovt, bedrägligt beteende (1-3 §), Bedrägeri genom social manipulation (fr. o. m. 2019), Investeringsbedrägeri, Ej internationell anknytning, Mot äldre/funktionsnedsatt
14096;Ej mot äldre/funktionsnedsatt;5;11096;9 kap. Bedrägeri och annan oredlighet;Brott mot brottsbalken, 8-12 kap. Brott mot förmögenhet, 9 kap. Bedrägeri och annan oredlighet, Bedrägeri inkl. grovt, bedrägligt beteende (1-3 §), Bedrägeri genom social manipulation (fr. o. m. 2019), Investeringsbedrägeri, Ej internationell anknytning, Ej mot äldre/funktionsnedsatt
14024;Befogenhetsbedrägeri;3;11096;9 kap. Bedrägeri och annan oredlighet;Brott mot brottsbalken, 8-12 kap. Brott mot förmögenhet, 9 kap. Bedrägeri och annan oredlighet, Bedrägeri inkl. grovt, bedrägligt beteende (1-3 §), Bedrägeri genom social manipulation (fr. o. m. 2019), Befogenhetsbedrägeri
14036;Internationell anknytning;4;11096;9 kap. Bedrägeri och annan oredlighet;Brott mot brottsbalken, 8-12 kap. Brott mot förmögenhet, 9 kap. Bedrägeri och annan oredlighet, Bedrägeri inkl. grovt, bedrägligt beteende (1-3 §), Bedrägeri genom social manipulation (fr. o. m. 2019), Befogenhetsbedrägeri, Internationell anknytning
14073;Mot äldre/funktionsnedsatt;5;11096;9 kap. Bedrägeri och annan oredlighet;Brott mot brottsbalken, 8-12 kap. Brott mot förmögenhet, 9 kap. Bedrägeri och annan oredlighet, Bedrägeri inkl. grovt, bedrägligt beteende (1-3 §), Bedrägeri genom social manipulation (fr. o. m. 2019), Befogenhetsbedrägeri, Internationell anknytning, Mot äldre/funktionsnedsatt
14097;Ej mot äldre/funktionsnedsatt;5;11096;9 kap. Bedrägeri och annan oredlighet;Brott mot brottsbalken, 8-12 kap. Brott mot förmögenhet, 9 kap. Bedrägeri och annan oredlighet, Bedrägeri inkl. grovt, bedrägligt beteende (1-3 §), Bedrägeri genom social manipulation (fr. o. m. 2019), Befogenhetsbedrägeri, Internationell anknytning, Ej mot äldre/funktionsnedsatt
14057;Ej internationell anknytning;4;11096;9 kap. Bedrägeri och annan oredlighet;Brott mot brottsbalken, 8-12 kap. Brott mot förmögenhet, 9 kap. Bedrägeri och annan oredlighet, Bedrägeri inkl. grovt, bedrägligt beteende (1-3 §), Bedrägeri genom social manipulation (fr. o. m. 2019), Befogenhetsbedrägeri, Ej internationell anknytning
14074;Mot äldre/funktionsnedsatt;5;11096;9 kap. Bedrägeri och annan oredlighet;Brott mot brottsbalken, 8-12 kap. Brott mot förmögenhet, 9 kap. Bedrägeri och annan oredlighet, Bedrägeri inkl. grovt, bedrägligt beteende (1-3 §), Bedrägeri genom social manipulation (fr. o. m. 2019), Befogenhetsbedrägeri, Ej internationell anknytning, Mot äldre/funktionsnedsatt
14098;Ej mot äldre/funktionsnedsatt;5;11096;9 kap. Bedrägeri och annan oredlighet;Brott mot brottsbalken, 8-12 kap. Brott mot förmögenhet, 9 kap. Bedrägeri och annan oredlighet, Bedrägeri inkl. grovt, bedrägligt beteende (1-3 §), Bedrägeri genom social manipulation (fr. o. m. 2019), Befogenhetsbedrägeri, Ej internationell anknytning, Ej mot äldre/funktionsnedsatt
14025;Annan typ;3;11096;9 kap. Bedrägeri och annan oredlighet;Brott mot brottsbalken, 8-12 kap. Brott mot förmögenhet, 9 kap. Bedrägeri och annan oredlighet, Bedrägeri inkl. grovt, bedrägligt beteende (1-3 §), Bedrägeri genom social manipulation (fr. o. m. 2019), Annan typ
14037;Internationell anknytning;4;11096;9 kap. Bedrägeri och annan oredlighet;Brott mot brottsbalken, 8-12 kap. Brott mot förmögenhet, 9 kap. Bedrägeri och annan oredlighet, Bedrägeri inkl. grovt, bedrägligt beteende (1-3 §), Bedrägeri genom social manipulation (fr. o. m. 2019), Annan typ, Internationell anknytning
14075;Mot äldre/funktionsnedsatt;5;11096;9 kap. Bedrägeri och annan oredlighet;Brott mot brottsbalken, 8-12 kap. Brott mot förmögenhet, 9 kap. Bedrägeri och annan oredlighet, Bedrägeri inkl. grovt, bedrägligt beteende (1-3 §), Bedrägeri genom social manipulation (fr. o. m. 2019), Annan typ, Internationell anknytning, Mot äldre/funktionsnedsatt
14099;Ej mot äldre/funktionsnedsatt;5;11096;9 kap. Bedrägeri och annan oredlighet;Brott mot brottsbalken, 8-12 kap. Brott mot förmögenhet, 9 kap. Bedrägeri och annan oredlighet, Bedrägeri inkl. grovt, bedrägligt beteende (1-3 §), Bedrägeri genom social manipulation (fr. o. m. 2019), Annan typ, Internationell anknytning, Ej mot äldre/funktionsnedsatt
14058;Ej internationell anknytning;4;11096;9 kap. Bedrägeri och annan oredlighet;Brott mot brottsbalken, 8-12 kap. Brott mot förmögenhet, 9 kap. Bedrägeri och annan oredlighet, Bedrägeri inkl. grovt, bedrägligt beteende (1-3 §), Bedrägeri genom social manipulation (fr. o. m. 2019), Annan typ, Ej internationell anknytning
14076;Mot äldre/funktionsnedsatt;5;11096;9 kap. Bedrägeri och annan oredlighet;Brott mot brottsbalken, 8-12 kap. Brott mot förmögenhet, 9 kap. Bedrägeri och annan oredlighet, Bedrägeri inkl. grovt, bedrägligt beteende (1-3 §), Bedrägeri genom social manipulation (fr. o. m. 2019), Annan typ, Ej internationell anknytning, Mot äldre/funktionsnedsatt
14100;Ej mot äldre/funktionsnedsatt;5;11096;9 kap. Bedrägeri och annan oredlighet;Brott mot brottsbalken, 8-12 kap. Brott mot förmögenhet, 9 kap. Bedrägeri och annan oredlighet, Bedrägeri inkl. grovt, bedrägligt beteende (1-3 §), Bedrägeri genom social manipulation (fr. o. m. 2019), Annan typ, Ej internationell anknytning, Ej mot äldre/funktionsnedsatt
14026;Identitetsbedrägeri (fr. o. m. 2019);2;11096;9 kap. Bedrägeri och annan oredlighet;Brott mot brottsbalken, 8-12 kap. Brott mot förmögenhet, 9 kap. Bedrägeri och annan oredlighet, Bedrägeri inkl. grovt, bedrägligt beteende (1-3 §), Identitetsbedrägeri (fr. o. m. 2019)
14038;Köp;3;11096;9 kap. Bedrägeri och annan oredlighet;Brott mot brottsbalken, 8-12 kap. Brott mot förmögenhet, 9 kap. Bedrägeri och annan oredlighet, Bedrägeri inkl. grovt, bedrägligt beteende (1-3 §), Identitetsbedrägeri (fr. o. m. 2019), Köp
14041;Internationell anknytning;4;11096;9 kap. Bedrägeri och annan oredlighet;Brott mot brottsbalken, 8-12 kap. Brott mot förmögenhet, 9 kap. Bedrägeri och annan oredlighet, Bedrägeri inkl. grovt, bedrägligt beteende (1-3 §), Identitetsbedrägeri (fr. o. m. 2019), Köp, Internationell anknytning
14077;Mot äldre/funktionsnedsatt;5;11096;9 kap. Bedrägeri och annan oredlighet;Brott mot brottsbalken, 8-12 kap. Brott mot förmögenhet, 9 kap. Bedrägeri och annan oredlighet, Bedrägeri inkl. grovt, bedrägligt beteende (1-3 §), Identitetsbedrägeri (fr. o. m. 2019), Köp, Internationell anknytning, Mot äldre/funktionsnedsatt
14101;Ej mot äldre/funktionsnedsatt;5;11096;9 kap. Bedrägeri och annan oredlighet;Brott mot brottsbalken, 8-12 kap. Brott mot förmögenhet, 9 kap. Bedrägeri och annan oredlighet, Bedrägeri inkl. grovt, bedrägligt beteende (1-3 §), Identitetsbedrägeri (fr. o. m. 2019), Köp, Internationell anknytning, Ej mot äldre/funktionsnedsatt
14059;Ej internationell anknytning;4;11096;9 kap. Bedrägeri och annan oredlighet;Brott mot brottsbalken, 8-12 kap. Brott mot förmögenhet, 9 kap. Bedrägeri och annan oredlighet, Bedrägeri inkl. grovt, bedrägligt beteende (1-3 §), Identitetsbedrägeri (fr. o. m. 2019), Köp, Ej internationell anknytning
14078;Mot äldre/funktionsnedsatt;5;11096;9 kap. Bedrägeri och annan oredlighet;Brott mot brottsbalken, 8-12 kap. Brott mot förmögenhet, 9 kap. Bedrägeri och annan oredlighet, Bedrägeri inkl. grovt, bedrägligt beteende (1-3 §), Identitetsbedrägeri (fr. o. m. 2019), Köp, Ej internationell anknytning, Mot äldre/funktionsnedsatt
14102;Ej mot äldre/funktionsnedsatt;5;11096;9 kap. Bedrägeri och annan oredlighet;Brott mot brottsbalken, 8-12 kap. Brott mot förmögenhet, 9 kap. Bedrägeri och annan oredlighet, Bedrägeri inkl. grovt, bedrägligt beteende (1-3 §), Identitetsbedrägeri (fr. o. m. 2019), Köp, Ej internationell anknytning, Ej mot äldre/funktionsnedsatt
14040;Lån;3;11096;9 kap. Bedrägeri och annan oredlighet;Brott mot brottsbalken, 8-12 kap. Brott mot förmögenhet, 9 kap. Bedrägeri och annan oredlighet, Bedrägeri inkl. grovt, bedrägligt beteende (1-3 §), Identitetsbedrägeri (fr. o. m. 2019), Lån
14043;Internationell anknytning;4;11096;9 kap. Bedrägeri och annan oredlighet;Brott mot brottsbalken, 8-12 kap. Brott mot förmögenhet, 9 kap. Bedrägeri och annan oredlighet, Bedrägeri inkl. grovt, bedrägligt beteende (1-3 §), Identitetsbedrägeri (fr. o. m. 2019), Lån, Internationell anknytning
14079;Mot äldre/funktionsnedsatt;5;11096;9 kap. Bedrägeri och annan oredlighet;Brott mot brottsbalken, 8-12 kap. Brott mot förmögenhet, 9 kap. Bedrägeri och annan oredlighet, Bedrägeri inkl. grovt, bedrägligt beteende (1-3 §), Identitetsbedrägeri (fr. o. m. 2019), Lån, Internationell anknytning, Mot äldre/funktionsnedsatt
14103;Ej mot äldre/funktionsnedsatt;5;11096;9 kap. Bedrägeri och annan oredlighet;Brott mot brottsbalken, 8-12 kap. Brott mot förmögenhet, 9 kap. Bedrägeri och annan oredlighet, Bedrägeri inkl. grovt, bedrägligt beteende (1-3 §), Identitetsbedrägeri (fr. o. m. 2019), Lån, Internationell anknytning, Ej mot äldre/funktionsnedsatt
14060;Ej internationell anknytning;4;11096;9 kap. Bedrägeri och annan oredlighet;Brott mot brottsbalken, 8-12 kap. Brott mot förmögenhet, 9 kap. Bedrägeri och annan oredlighet, Bedrägeri inkl. grovt, bedrägligt beteende (1-3 §), Identitetsbedrägeri (fr. o. m. 2019), Lån, Ej internationell anknytning
14080;Mot äldre/funktionsnedsatt;5;11096;9 kap. Bedrägeri och annan oredlighet;Brott mot brottsbalken, 8-12 kap. Brott mot förmögenhet, 9 kap. Bedrägeri och annan oredlighet, Bedrägeri inkl. grovt, bedrägligt beteende (1-3 §), Identitetsbedrägeri (fr. o. m. 2019), Lån, Ej internationell anknytning, Mot äldre/funktionsnedsatt
14104;Ej mot äldre/funktionsnedsatt;5;11096;9 kap. Bedrägeri och annan oredlighet;Brott mot brottsbalken, 8-12 kap. Brott mot förmögenhet, 9 kap. Bedrägeri och annan oredlighet, Bedrägeri inkl. grovt, bedrägligt beteende (1-3 §), Identitetsbedrägeri (fr. o. m. 2019), Lån, Ej internationell anknytning, Ej mot äldre/funktionsnedsatt
14042;Annan typ;3;11096;9 kap. Bedrägeri och annan oredlighet;Brott mot brottsbalken, 8-12 kap. Brott mot förmögenhet, 9 kap. Bedrägeri och annan oredlighet, Bedrägeri inkl. grovt, bedrägligt beteende (1-3 §), Identitetsbedrägeri (fr. o. m. 2019), Annan typ
14044;Internationell anknytning;4;11096;9 kap. Bedrägeri och annan oredlighet;Brott mot brottsbalken, 8-12 kap. Brott mot förmögenhet, 9 kap. Bedrägeri och annan oredlighet, Bedrägeri inkl. grovt, bedrägligt beteende (1-3 §), Identitetsbedrägeri (fr. o. m. 2019), Annan typ, Internationell anknytning
14081;Mot äldre/funktionsnedsatt;5;11096;9 kap. Bedrägeri och annan oredlighet;Brott mot brottsbalken, 8-12 kap. Brott mot förmögenhet, 9 kap. Bedrägeri och annan oredlighet, Bedrägeri inkl. grovt, bedrägligt beteende (1-3 §), Identitetsbedrägeri (fr. o. m. 2019), Annan typ, Internationell anknytning, Mot äldre/funktionsnedsatt
14105;Ej mot äldre/funktionsnedsatt;5;11096;9 kap. Bedrägeri och annan oredlighet;Brott mot brottsbalken, 8-12 kap. Brott mot förmögenhet, 9 kap. Bedrägeri och annan oredlighet, Bedrägeri inkl. grovt, bedrägligt beteende (1-3 §), Identitetsbedrägeri (fr. o. m. 2019), Annan typ, Internationell anknytning, Ej mot äldre/funktionsnedsatt
14061;Ej internationell anknytning;4;11096;9 kap. Bedrägeri och annan oredlighet;Brott mot brottsbalken, 8-12 kap. Brott mot förmögenhet, 9 kap. Bedrägeri och annan oredlighet, Bedrägeri inkl. grovt, bedrägligt beteende (1-3 §), Identitetsbedrägeri (fr. o. m. 2019), Annan typ, Ej internationell anknytning
14082;Mot äldre/funktionsnedsatt;5;11096;9 kap. Bedrägeri och annan oredlighet;Brott mot brottsbalken, 8-12 kap. Brott mot förmögenhet, 9 kap. Bedrägeri och annan oredlighet, Bedrägeri inkl. grovt, bedrägligt beteende (1-3 §), Identitetsbedrägeri (fr. o. m. 2019), Annan typ, Ej internationell anknytning, Mot äldre/funktionsnedsatt
14106;Ej mot äldre/funktionsnedsatt;5;11096;9 kap. Bedrägeri och annan oredlighet;Brott mot brottsbalken, 8-12 kap. Brott mot förmögenhet, 9 kap. Bedrägeri och annan oredlighet, Bedrägeri inkl. grovt, bedrägligt beteende (1-3 §), Identitetsbedrägeri (fr. o. m. 2019), Annan typ, Ej internationell anknytning, Ej mot äldre/funktionsnedsatt
14027;Fakturabedrägeri (fr. o. m. 2019);2;11096;9 kap. Bedrägeri och annan oredlighet;Brott mot brottsbalken, 8-12 kap. Brott mot förmögenhet, 9 kap. Bedrägeri och annan oredlighet, Bedrägeri inkl. grovt, bedrägligt beteende (1-3 §), Fakturabedrägeri (fr. o. m. 2019)
14039;Med kontakt;3;11096;9 kap. Bedrägeri och annan oredlighet;Brott mot brottsbalken, 8-12 kap. Brott mot förmögenhet, 9 kap. Bedrägeri och annan oredlighet, Bedrägeri inkl. grovt, bedrägligt beteende (1-3 §), Fakturabedrägeri (fr. o. m. 2019), Med kontakt
14046;Internationell anknytning;4;11096;9 kap. Bedrägeri och annan oredlighet;Brott mot brottsbalken, 8-12 kap. Brott mot förmögenhet, 9 kap. Bedrägeri och annan oredlighet, Bedrägeri inkl. grovt, bedrägligt beteende (1-3 §), Fakturabedrägeri (fr. o. m. 2019), Med kontakt, Internationell anknytning
14083;Mot äldre/funktionsnedsatt;5;11096;9 kap. Bedrägeri och annan oredlighet;Brott mot brottsbalken, 8-12 kap. Brott mot förmögenhet, 9 kap. Bedrägeri och annan oredlighet, Bedrägeri inkl. grovt, bedrägligt beteende (1-3 §), Fakturabedrägeri (fr. o. m. 2019), Med kontakt, Internationell anknytning, Mot äldre/funktionsnedsatt
14107;Ej mot äldre/funktionsnedsatt;5;11096;9 kap. Bedrägeri och annan oredlighet;Brott mot brottsbalken, 8-12 kap. Brott mot förmögenhet, 9 kap. Bedrägeri och annan oredlighet, Bedrägeri inkl. grovt, bedrägligt beteende (1-3 §), Fakturabedrägeri (fr. o. m. 2019), Med kontakt, Internationell anknytning, Ej mot äldre/funktionsnedsatt
14062;Ej internationell anknytning;4;11096;9 kap. Bedrägeri och annan oredlighet;Brott mot brottsbalken, 8-12 kap. Brott mot förmögenhet, 9 kap. Bedrägeri och annan oredlighet, Bedrägeri inkl. grovt, bedrägligt beteende (1-3 §), Fakturabedrägeri (fr. o. m. 2019), Med kontakt, Ej internationell anknytning
14084;Mot äldre/funktionsnedsatt;5;11096;9 kap. Bedrägeri och annan oredlighet;Brott mot brottsbalken, 8-12 kap. Brott mot förmögenhet, 9 kap. Bedrägeri och annan oredlighet, Bedrägeri inkl. grovt, bedrägligt beteende (1-3 §), Fakturabedrägeri (fr. o. m. 2019), Med kontakt, Ej internationell anknytning, Mot äldre/funktionsnedsatt
14108;Ej mot äldre/funktionsnedsatt;5;11096;9 kap. Bedrägeri och annan oredlighet;Brott mot brottsbalken, 8-12 kap. Brott mot förmögenhet, 9 kap. Bedrägeri och annan oredlighet, Bedrägeri inkl. grovt, bedrägligt beteende (1-3 §), Fakturabedrägeri (fr. o. m. 2019), Med kontakt, Ej internationell anknytning, Ej mot äldre/funktionsnedsatt
14045;Utan kontakt;3;11096;9 kap. Bedrägeri och annan oredlighet;Brott mot brottsbalken, 8-12 kap. Brott mot förmögenhet, 9 kap. Bedrägeri och annan oredlighet, Bedrägeri inkl. grovt, bedrägligt beteende (1-3 §), Fakturabedrägeri (fr. o. m. 2019), Utan kontakt
14047;Internationell anknytning;4;11096;9 kap. Bedrägeri och annan oredlighet;Brott mot brottsbalken, 8-12 kap. Brott mot förmögenhet, 9 kap. Bedrägeri och annan oredlighet, Bedrägeri inkl. grovt, bedrägligt beteende (1-3 §), Fakturabedrägeri (fr. o. m. 2019), Utan kontakt, Internationell anknytning
14085;Mot äldre/funktionsnedsatt;5;11096;9 kap. Bedrägeri och annan oredlighet;Brott mot brottsbalken, 8-12 kap. Brott mot förmögenhet, 9 kap. Bedrägeri och annan oredlighet, Bedrägeri inkl. grovt, bedrägligt beteende (1-3 §), Fakturabedrägeri (fr. o. m. 2019), Utan kontakt, Internationell anknytning, Mot äldre/funktionsnedsatt
14109;Ej mot äldre/funktionsnedsatt;5;11096;9 kap. Bedrägeri och annan oredlighet;Brott mot brottsbalken, 8-12 kap. Brott mot förmögenhet, 9 kap. Bedrägeri och annan oredlighet, Bedrägeri inkl. grovt, bedrägligt beteende (1-3 §), Fakturabedrägeri (fr. o. m. 2019), Utan kontakt, Internationell anknytning, Ej mot äldre/funktionsnedsatt
14063;Ej internationell anknytning;4;11096;9 kap. Bedrägeri och annan oredlighet;Brott mot brottsbalken, 8-12 kap. Brott mot förmögenhet, 9 kap. Bedrägeri och annan oredlighet, Bedrägeri inkl. grovt, bedrägligt beteende (1-3 §), Fakturabedrägeri (fr. o. m. 2019), Utan kontakt, Ej internationell anknytning
14086;Mot äldre/funktionsnedsatt;5;11096;9 kap. Bedrägeri och annan oredlighet;Brott mot brottsbalken, 8-12 kap. Brott mot förmögenhet, 9 kap. Bedrägeri och annan oredlighet, Bedrägeri inkl. grovt, bedrägligt beteende (1-3 §), Fakturabedrägeri (fr. o. m. 2019), Utan kontakt, Ej internationell anknytning, Mot äldre/funktionsnedsatt
14110;Ej mot äldre/funktionsnedsatt;5;11096;9 kap. Bedrägeri och annan oredlighet;Brott mot brottsbalken, 8-12 kap. Brott mot förmögenhet, 9 kap. Bedrägeri och annan oredlighet, Bedrägeri inkl. grovt, bedrägligt beteende (1-3 §), Fakturabedrägeri (fr. o. m. 2019), Utan kontakt, Ej internationell anknytning, Ej mot äldre/funktionsnedsatt
14028;Kortbedrägeri (fr. o. m. 2019);2;11096;9 kap. Bedrägeri och annan oredlighet;Brott mot brottsbalken, 8-12 kap. Brott mot förmögenhet, 9 kap. Bedrägeri och annan oredlighet, Bedrägeri inkl. grovt, bedrägligt beteende (1-3 §), Kortbedrägeri (fr. o. m. 2019)
14048;Med fysiskt kort;3;11096;9 kap. Bedrägeri och annan oredlighet;Brott mot brottsbalken, 8-12 kap. Brott mot förmögenhet, 9 kap. Bedrägeri och annan oredlighet, Bedrägeri inkl. grovt, bedrägligt beteende (1-3 §), Kortbedrägeri (fr. o. m. 2019), Med fysiskt kort
14049;Internationell anknytning;4;11096;9 kap. Bedrägeri och annan oredlighet;Brott mot brottsbalken, 8-12 kap. Brott mot förmögenhet, 9 kap. Bedrägeri och annan oredlighet, Bedrägeri inkl. grovt, bedrägligt beteende (1-3 §), Kortbedrägeri (fr. o. m. 2019), Med fysiskt kort, Internationell anknytning
14087;Mot äldre/funktionsnedsatt;5;11096;9 kap. Bedrägeri och annan oredlighet;Brott mot brottsbalken, 8-12 kap. Brott mot förmögenhet, 9 kap. Bedrägeri och annan oredlighet, Bedrägeri inkl. grovt, bedrägligt beteende (1-3 §), Kortbedrägeri (fr. o. m. 2019), Med fysiskt kort, Internationell anknytning, Mot äldre/funktionsnedsatt
14111;Ej mot äldre/funktionsnedsatt;5;11096;9 kap. Bedrägeri och annan oredlighet;Brott mot brottsbalken, 8-12 kap. Brott mot förmögenhet, 9 kap. Bedrägeri och annan oredlighet, Bedrägeri inkl. grovt, bedrägligt beteende (1-3 §), Kortbedrägeri (fr. o. m. 2019), Med fysiskt kort, Internationell anknytning, Ej mot äldre/funktionsnedsatt
14064;Ej internationell anknytning;4;11096;9 kap. Bedrägeri och annan oredlighet;Brott mot brottsbalken, 8-12 kap. Brott mot förmögenhet, 9 kap. Bedrägeri och annan oredlighet, Bedrägeri inkl. grovt, bedrägligt beteende (1-3 §), Kortbedrägeri (fr. o. m. 2019), Med fysiskt kort, Ej internationell anknytning
14088;Mot äldre/funktionsnedsatt;5;11096;9 kap. Bedrägeri och annan oredlighet;Brott mot brottsbalken, 8-12 kap. Brott mot förmögenhet, 9 kap. Bedrägeri och annan oredlighet, Bedrägeri inkl. grovt, bedrägligt beteende (1-3 §), Kortbedrägeri (fr. o. m. 2019), Med fysiskt kort, Ej internationell anknytning, Mot äldre/funktionsnedsatt
14112;Ej mot äldre/funktionsnedsatt;5;11096;9 kap. Bedrägeri och annan oredlighet;Brott mot brottsbalken, 8-12 kap. Brott mot förmögenhet, 9 kap. Bedrägeri och annan oredlighet, Bedrägeri inkl. grovt, bedrägligt beteende (1-3 §), Kortbedrägeri (fr. o. m. 2019), Med fysiskt kort, Ej internationell anknytning, Ej mot äldre/funktionsnedsatt
14050;Utan fysiskt kort;3;11096;9 kap. Bedrägeri och annan oredlighet;Brott mot brottsbalken, 8-12 kap. Brott mot förmögenhet, 9 kap. Bedrägeri och annan oredlighet, Bedrägeri inkl. grovt, bedrägligt beteende (1-3 §), Kortbedrägeri (fr. o. m. 2019), Utan fysiskt kort
14051;Internationell anknytning;4;11096;9 kap. Bedrägeri och annan oredlighet;Brott mot brottsbalken, 8-12 kap. Brott mot förmögenhet, 9 kap. Bedrägeri och annan oredlighet, Bedrägeri inkl. grovt, bedrägligt beteende (1-3 §), Kortbedrägeri (fr. o. m. 2019), Utan fysiskt kort, Internationell anknytning
14065;Ej internationell anknytning;4;11096;9 kap. Bedrägeri och annan oredlighet;Brott mot brottsbalken, 8-12 kap. Brott mot förmögenhet, 9 kap. Bedrägeri och annan oredlighet, Bedrägeri inkl. grovt, bedrägligt beteende (1-3 §), Kortbedrägeri (fr. o. m. 2019), Utan fysiskt kort, Ej internationell anknytning
14029;Annonsbedrägeri (fr. o. m. 2019);2;11096;9 kap. Bedrägeri och annan oredlighet;Brott mot brottsbalken, 8-12 kap. Brott mot förmögenhet, 9 kap. Bedrägeri och annan oredlighet, Bedrägeri inkl. grovt, bedrägligt beteende (1-3 §), Annonsbedrägeri (fr. o. m. 2019)
14052;Internationell anknytning;3;11096;9 kap. Bedrägeri och annan oredlighet;Brott mot brottsbalken, 8-12 kap. Brott mot förmögenhet, 9 kap. Bedrägeri och annan oredlighet, Bedrägeri inkl. grovt, bedrägligt beteende (1-3 §), Annonsbedrägeri (fr. o. m. 2019), Internationell anknytning
14089;Mot äldre/funktionsnedsatt;4;11096;9 kap. Bedrägeri och annan oredlighet;Brott mot brottsbalken, 8-12 kap. Brott mot förmögenhet, 9 kap. Bedrägeri och annan oredlighet, Bedrägeri inkl. grovt, bedrägligt beteende (1-3 §), Annonsbedrägeri (fr. o. m. 2019), Internationell anknytning, Mot äldre/funktionsnedsatt
14113;Ej mot äldre/funktionsnedsatt;4;11096;9 kap. Bedrägeri och annan oredlighet;Brott mot brottsbalken, 8-12 kap. Brott mot förmögenhet, 9 kap. Bedrägeri och annan oredlighet, Bedrägeri inkl. grovt, bedrägligt beteende (1-3 §), Annonsbedrägeri (fr. o. m. 2019), Internationell anknytning, Ej mot äldre/funktionsnedsatt
14066;Ej internationell anknytning;3;11096;9 kap. Bedrägeri och annan oredlighet;Brott mot brottsbalken, 8-12 kap. Brott mot förmögenhet, 9 kap. Bedrägeri och annan oredlighet, Bedrägeri inkl. grovt, bedrägligt beteende (1-3 §), Annonsbedrägeri (fr. o. m. 2019), Ej internationell anknytning
14090;Mot äldre/funktionsnedsatt;4;11096;9 kap. Bedrägeri och annan oredlighet;Brott mot brottsbalken, 8-12 kap. Brott mot förmögenhet, 9 kap. Bedrägeri och annan oredlighet, Bedrägeri inkl. grovt, bedrägligt beteende (1-3 §), Annonsbedrägeri (fr. o. m. 2019), Ej internationell anknytning, Mot äldre/funktionsnedsatt
14114;Ej mot äldre/funktionsnedsatt;4;11096;9 kap. Bedrägeri och annan oredlighet;Brott mot brottsbalken, 8-12 kap. Brott mot förmögenhet, 9 kap. Bedrägeri och annan oredlighet, Bedrägeri inkl. grovt, bedrägligt beteende (1-3 §), Annonsbedrägeri (fr. o. m. 2019), Ej internationell anknytning, Ej mot äldre/funktionsnedsatt
14030;Försäkringsbedrägeri (fr. o. m. 2019);2;11096;9 kap. Bedrägeri och annan oredlighet;Brott mot brottsbalken, 8-12 kap. Brott mot förmögenhet, 9 kap. Bedrägeri och annan oredlighet, Bedrägeri inkl. grovt, bedrägligt beteende (1-3 §), Försäkringsbedrägeri (fr. o. m. 2019)
14031;Snyltningsbrott (fr. o. m. 2019);2;11096;9 kap. Bedrägeri och annan oredlighet;Brott mot brottsbalken, 8-12 kap. Brott mot förmögenhet, 9 kap. Bedrägeri och annan oredlighet, Bedrägeri inkl. grovt, bedrägligt beteende (1-3 §), Snyltningsbrott (fr. o. m. 2019)
14716;Lönegarantibedrägeri;2;11096;9 kap. Bedrägeri och annan oredlighet;Brott mot brottsbalken, 8-12 kap. Brott mot förmögenhet, 9 kap. Bedrägeri och annan oredlighet, Bedrägeri inkl. grovt, bedrägligt beteende (1-3 §), Lönegarantibedrägeri
14717;Bedrägeri mot EU:s finansiella intressen;2;11096;9 kap. Bedrägeri och annan oredlighet;Brott mot brottsbalken, 8-12 kap. Brott mot förmögenhet, 9 kap. Bedrägeri och annan oredlighet, Bedrägeri inkl. grovt, bedrägligt beteende (1-3 §), Bedrägeri mot EU:s finansiella intressen
14032;Grovt fordringsbedrägeri (fr. o. m. 2019);2;11096;9 kap. Bedrägeri och annan oredlighet;Brott mot brottsbalken, 8-12 kap. Brott mot förmögenhet, 9 kap. Bedrägeri och annan oredlighet, Bedrägeri inkl. grovt, bedrägligt beteende (1-3 §), Grovt fordringsbedrägeri (fr. o. m. 2019)
14053;Internationell anknytning;3;11096;9 kap. Bedrägeri och annan oredlighet;Brott mot brottsbalken, 8-12 kap. Brott mot förmögenhet, 9 kap. Bedrägeri och annan oredlighet, Bedrägeri inkl. grovt, bedrägligt beteende (1-3 §), Grovt fordringsbedrägeri (fr. o. m. 2019), Internationell anknytning
14067;Ej internationell anknytning;3;11096;9 kap. Bedrägeri och annan oredlighet;Brott mot brottsbalken, 8-12 kap. Brott mot förmögenhet, 9 kap. Bedrägeri och annan oredlighet, Bedrägeri inkl. grovt, bedrägligt beteende (1-3 §), Grovt fordringsbedrägeri (fr. o. m. 2019), Ej internationell anknytning
14033;Övrigt bedrägeri (fr. o. m. 2019);2;11096;9 kap. Bedrägeri och annan oredlighet;Brott mot brottsbalken, 8-12 kap. Brott mot förmögenhet, 9 kap. Bedrägeri och annan oredlighet, Bedrägeri inkl. grovt, bedrägligt beteende (1-3 §), Övrigt bedrägeri (fr. o. m. 2019)
14054;Internationell anknytning;3;11096;9 kap. Bedrägeri och annan oredlighet;Brott mot brottsbalken, 8-12 kap. Brott mot förmögenhet, 9 kap. Bedrägeri och annan oredlighet, Bedrägeri inkl. grovt, bedrägligt beteende (1-3 §), Övrigt bedrägeri (fr. o. m. 2019), Internationell anknytning
14091;Mot äldre/funktionsnedsatt;4;11096;9 kap. Bedrägeri och annan oredlighet;Brott mot brottsbalken, 8-12 kap. Brott mot förmögenhet, 9 kap. Bedrägeri och annan oredlighet, Bedrägeri inkl. grovt, bedrägligt beteende (1-3 §), Övrigt bedrägeri (fr. o. m. 2019), Internationell anknytning, Mot äldre/funktionsnedsatt
14115;Ej mot äldre/funktionsnedsatt;4;11096;9 kap. Bedrägeri och annan oredlighet;Brott mot brottsbalken, 8-12 kap. Brott mot förmögenhet, 9 kap. Bedrägeri och annan oredlighet, Bedrägeri inkl. grovt, bedrägligt beteende (1-3 §), Övrigt bedrägeri (fr. o. m. 2019), Internationell anknytning, Ej mot äldre/funktionsnedsatt
14068;Ej internationell anknytning;3;11096;9 kap. Bedrägeri och annan oredlighet;Brott mot brottsbalken, 8-12 kap. Brott mot förmögenhet, 9 kap. Bedrägeri och annan oredlighet, Bedrägeri inkl. grovt, bedrägligt beteende (1-3 §), Övrigt bedrägeri (fr. o. m. 2019), Ej internationell anknytning
14092;Mot äldre/funktionsnedsatt;4;11096;9 kap. Bedrägeri och annan oredlighet;Brott mot brottsbalken, 8-12 kap. Brott mot förmögenhet, 9 kap. Bedrägeri och annan oredlighet, Bedrägeri inkl. grovt, bedrägligt beteende (1-3 §), Övrigt bedrägeri (fr. o. m. 2019), Ej internationell anknytning, Mot äldre/funktionsnedsatt
14116;Ej mot äldre/funktionsnedsatt;4;11096;9 kap. Bedrägeri och annan oredlighet;Brott mot brottsbalken, 8-12 kap. Brott mot förmögenhet, 9 kap. Bedrägeri och annan oredlighet, Bedrägeri inkl. grovt, bedrägligt beteende (1-3 §), Övrigt bedrägeri (fr. o. m. 2019), Ej internationell anknytning, Ej mot äldre/funktionsnedsatt
11564;Automatmissbruk (t.o.m. 2018);2;11096;9 kap. Bedrägeri och annan oredlighet;Brott mot brottsbalken, 8-12 kap. Brott mot förmögenhet, 9 kap. Bedrägeri och annan oredlighet, Bedrägeri inkl. grovt, bedrägligt beteende (1-3 §), Automatmissbruk (t.o.m. 2018)
11565;Datorbedrägeri (t.o.m. 2018);2;11096;9 kap. Bedrägeri och annan oredlighet;Brott mot brottsbalken, 8-12 kap. Brott mot förmögenhet, 9 kap. Bedrägeri och annan oredlighet, Bedrägeri inkl. grovt, bedrägligt beteende (1-3 §), Datorbedrägeri (t.o.m. 2018)
11566;Med kontokort (inte automatmissbruk) (t.o.m. 2018);2;11096;9 kap. Bedrägeri och annan oredlighet;Brott mot brottsbalken, 8-12 kap. Brott mot förmögenhet, 9 kap. Bedrägeri och annan oredlighet, Bedrägeri inkl. grovt, bedrägligt beteende (1-3 §), Med kontokort (inte automatmissbruk) (t.o.m. 2018)
11567;Med hjälp av Internet (t.o.m. 2018);2;11096;9 kap. Bedrägeri och annan oredlighet;Brott mot brottsbalken, 8-12 kap. Brott mot förmögenhet, 9 kap. Bedrägeri och annan oredlighet, Bedrägeri inkl. grovt, bedrägligt beteende (1-3 §), Med hjälp av Internet (t.o.m. 2018)
11568;Investeringsbedrägeri (t.o.m. 2018);2;11096;9 kap. Bedrägeri och annan oredlighet;Brott mot brottsbalken, 8-12 kap. Brott mot förmögenhet, 9 kap. Bedrägeri och annan oredlighet, Bedrägeri inkl. grovt, bedrägligt beteende (1-3 §), Investeringsbedrägeri (t.o.m. 2018)
11569;Överskridet eget konto (t.o.m. 2018);2;11096;9 kap. Bedrägeri och annan oredlighet;Brott mot brottsbalken, 8-12 kap. Brott mot förmögenhet, 9 kap. Bedrägeri och annan oredlighet, Bedrägeri inkl. grovt, bedrägligt beteende (1-3 §), Överskridet eget konto (t.o.m. 2018)
11570;Mot försäkringsbolag (t.o.m. 2018);2;11096;9 kap. Bedrägeri och annan oredlighet;Brott mot brottsbalken, 8-12 kap. Brott mot förmögenhet, 9 kap. Bedrägeri och annan oredlighet, Bedrägeri inkl. grovt, bedrägligt beteende (1-3 §), Mot försäkringsbolag (t.o.m. 2018)
11571;Mot EU:s finansiella intressen (t.o.m. 2018);2;11096;9 kap. Bedrägeri och annan oredlighet;Brott mot brottsbalken, 8-12 kap. Brott mot förmögenhet, 9 kap. Bedrägeri och annan oredlighet, Bedrägeri inkl. grovt, bedrägligt beteende (1-3 §), Mot EU:s finansiella intressen (t.o.m. 2018)
11573;Avs. husrum, förtäring, transport m.m. (t.o.m. 2018);2;11096;9 kap. Bedrägeri och annan oredlighet;Brott mot brottsbalken, 8-12 kap. Brott mot förmögenhet, 9 kap. Bedrägeri och annan oredlighet, Bedrägeri inkl. grovt, bedrägligt beteende (1-3 §), Avs. husrum, förtäring, transport m.m. (t.o.m. 2018)
11574;Bedrägeri med hjälp av bluffaktura (t.o.m. 2018);2;11096;9 kap. Bedrägeri och annan oredlighet;Brott mot brottsbalken, 8-12 kap. Brott mot förmögenhet, 9 kap. Bedrägeri och annan oredlighet, Bedrägeri inkl. grovt, bedrägligt beteende (1-3 §), Bedrägeri med hjälp av bluffaktura (t.o.m. 2018)
13066;Mot Försäkringskassan (t.o.m. 2007-07);2;11096;9 kap. Bedrägeri och annan oredlighet;Brott mot brottsbalken, 8-12 kap. Brott mot förmögenhet, 9 kap. Bedrägeri och annan oredlighet, Bedrägeri inkl. grovt, bedrägligt beteende (1-3 §), Mot Försäkringskassan (t.o.m. 2007-07)
11576;Övrigt bedrägeri (t.o.m. 2018);2;11096;9 kap. Bedrägeri och annan oredlighet;Brott mot brottsbalken, 8-12 kap. Brott mot förmögenhet, 9 kap. Bedrägeri och annan oredlighet, Bedrägeri inkl. grovt, bedrägligt beteende (1-3 §), Övrigt bedrägeri (t.o.m. 2018)
12987;Subventionsmissbruk, inkl. grovt (3 a §) (t.o.m. 2025);1;11096;9 kap. Bedrägeri och annan oredlighet;Brott mot brottsbalken, 8-12 kap. Brott mot förmögenhet, 9 kap. Bedrägeri och annan oredlighet, Subventionsmissbruk, inkl. grovt (3 a §) (t.o.m. 2025)
14598;Olovlig befattning med betalningsverktyg (3c §);1;11096;9 kap. Bedrägeri och annan oredlighet;Brott mot brottsbalken, 8-12 kap. Brott mot förmögenhet, 9 kap. Bedrägeri och annan oredlighet, Olovlig befattning med betalningsverktyg (3c §)
13059;Utpressning, ocker;1;11096;9 kap. Bedrägeri och annan oredlighet;Brott mot brottsbalken, 8-12 kap. Brott mot förmögenhet, 9 kap. Bedrägeri och annan oredlighet, Utpressning, ocker
13060;Utpressning (4 §);2;11096;9 kap. Bedrägeri och annan oredlighet;Brott mot brottsbalken, 8-12 kap. Brott mot förmögenhet, 9 kap. Bedrägeri och annan oredlighet, Utpressning, ocker, Utpressning (4 §)
13061;Ocker (5 §);2;11096;9 kap. Bedrägeri och annan oredlighet;Brott mot brottsbalken, 8-12 kap. Brott mot förmögenhet, 9 kap. Bedrägeri och annan oredlighet, Utpressning, ocker, Ocker (5 §)
11577;Häleri, häleriförseelse (6, 7 §);1;11096;9 kap. Bedrägeri och annan oredlighet;Brott mot brottsbalken, 8-12 kap. Brott mot förmögenhet, 9 kap. Bedrägeri och annan oredlighet, Häleri, häleriförseelse (6, 7 §)
13098;Penninghäleri, penninghäleriförseelse (t.o.m. 2014-06);2;11096;9 kap. Bedrägeri och annan oredlighet;Brott mot brottsbalken, 8-12 kap. Brott mot förmögenhet, 9 kap. Bedrägeri och annan oredlighet, Häleri, häleriförseelse (6, 7 §), Penninghäleri, penninghäleriförseelse (t.o.m. 2014-06)
11579;Vanemässigt eller stor omfattning (6 §);2;11096;9 kap. Bedrägeri och annan oredlighet;Brott mot brottsbalken, 8-12 kap. Brott mot förmögenhet, 9 kap. Bedrägeri och annan oredlighet, Häleri, häleriförseelse (6, 7 §), Vanemässigt eller stor omfattning (6 §)
14899;Utförselhäleri inkl. grovt (6 a §);2;11096;9 kap. Bedrägeri och annan oredlighet;Brott mot brottsbalken, 8-12 kap. Brott mot förmögenhet, 9 kap. Bedrägeri och annan oredlighet, Häleri, häleriförseelse (6, 7 §), Utförselhäleri inkl. grovt (6 a §)
11580;Övrig häleri, häleriförseelse (7 §);2;11096;9 kap. Bedrägeri och annan oredlighet;Brott mot brottsbalken, 8-12 kap. Brott mot förmögenhet, 9 kap. Bedrägeri och annan oredlighet, Häleri, häleriförseelse (6, 7 §), Övrig häleri, häleriförseelse (7 §)
11581;Övriga brott mot 9 kap. (3 a, 8-10 §);1;11096;9 kap. Bedrägeri och annan oredlighet;Brott mot brottsbalken, 8-12 kap. Brott mot förmögenhet, 9 kap. Bedrägeri och annan oredlighet, Övriga brott mot 9 kap. (3 a, 8-10 §)
11097;10 kap. Förskingring och annan trolöshet;0;11097;10 kap. Förskingring och annan trolöshet;Brott mot brottsbalken, 8-12 kap. Brott mot förmögenhet, 10 kap. Förskingring och annan trolöshet
11097;10 kap. Förskingring och annan trolöshet;1;11087;8-12 kap. Brott mot förmögenhet;Brott mot brottsbalken, 8-12 kap. Brott mot förmögenhet, 10 kap. Förskingring och annan trolöshet
11582;Förskingring inkl. grov, undandräkt (1-3 §);1;11097;10 kap. Förskingring och annan trolöshet;Brott mot brottsbalken, 8-12 kap. Brott mot förmögenhet, 10 kap. Förskingring och annan trolöshet, Förskingring inkl. grov, undandräkt (1-3 §)
11583;Olovligt förfogande (4 §);1;11097;10 kap. Förskingring och annan trolöshet;Brott mot brottsbalken, 8-12 kap. Brott mot förmögenhet, 10 kap. Förskingring och annan trolöshet, Olovligt förfogande (4 §)
11584;Trolöshet mot huvudman (5 §);1;11097;10 kap. Förskingring och annan trolöshet;Brott mot brottsbalken, 8-12 kap. Brott mot förmögenhet, 10 kap. Förskingring och annan trolöshet, Trolöshet mot huvudman (5 §)
13031;Tagande av muta inkl. grov (5 a, c §)(fr.o.m. 2012-07);1;11097;10 kap. Förskingring och annan trolöshet;Brott mot brottsbalken, 8-12 kap. Brott mot förmögenhet, 10 kap. Förskingring och annan trolöshet, Tagande av muta inkl. grov (5 a, c §)(fr.o.m. 2012-07)
13032;Givande av muta inkl. grov (5 b, c §) (fr.o.m. 2012-07);1;11097;10 kap. Förskingring och annan trolöshet;Brott mot brottsbalken, 8-12 kap. Brott mot förmögenhet, 10 kap. Förskingring och annan trolöshet, Givande av muta inkl. grov (5 b, c §) (fr.o.m. 2012-07)
13033;Handel med inflytande, vårdslös finansiering av mutbrott (5 d, e §);1;11097;10 kap. Förskingring och annan trolöshet;Brott mot brottsbalken, 8-12 kap. Brott mot förmögenhet, 10 kap. Förskingring och annan trolöshet, Handel med inflytande, vårdslös finansiering av mutbrott (5 d, e §)
11585;Olovligt brukande (7 §);1;11097;10 kap. Förskingring och annan trolöshet;Brott mot brottsbalken, 8-12 kap. Brott mot förmögenhet, 10 kap. Förskingring och annan trolöshet, Olovligt brukande (7 §)
11586;Fyndförseelse (8 §);1;11097;10 kap. Förskingring och annan trolöshet;Brott mot brottsbalken, 8-12 kap. Brott mot förmögenhet, 10 kap. Förskingring och annan trolöshet, Fyndförseelse (8 §)
11587;Behörighetsmissbruk (6 §);1;11097;10 kap. Förskingring och annan trolöshet;Brott mot brottsbalken, 8-12 kap. Brott mot förmögenhet, 10 kap. Förskingring och annan trolöshet, Behörighetsmissbruk (6 §)
11098;11 kap. Brott mot borgenärer m.m.;0;11098;11 kap. Brott mot borgenärer m.m.;Brott mot brottsbalken, 8-12 kap. Brott mot förmögenhet, 11 kap. Brott mot borgenärer m.m.
11098;11 kap. Brott mot borgenärer m.m.;1;11087;8-12 kap. Brott mot förmögenhet;Brott mot brottsbalken, 8-12 kap. Brott mot förmögenhet, 11 kap. Brott mot borgenärer m.m.
11588;Oredlighet mot borgenärer (1, 2 §);1;11098;11 kap. Brott mot borgenärer m.m.;Brott mot brottsbalken, 8-12 kap. Brott mot förmögenhet, 11 kap. Brott mot borgenärer m.m., Oredlighet mot borgenärer (1, 2 §)
11589;Försvårande av konkurs/exekutiv förrättning (2 §);1;11098;11 kap. Brott mot borgenärer m.m.;Brott mot brottsbalken, 8-12 kap. Brott mot förmögenhet, 11 kap. Brott mot borgenärer m.m., Försvårande av konkurs/exekutiv förrättning (2 §)
11590;Vårdslöshet mot borgenärer (3 §);1;11098;11 kap. Brott mot borgenärer m.m.;Brott mot brottsbalken, 8-12 kap. Brott mot förmögenhet, 11 kap. Brott mot borgenärer m.m., Vårdslöshet mot borgenärer (3 §)
11591;Otillbörligt gynnande av borgenär (4 §);1;11098;11 kap. Brott mot borgenärer m.m.;Brott mot brottsbalken, 8-12 kap. Brott mot förmögenhet, 11 kap. Brott mot borgenärer m.m., Otillbörligt gynnande av borgenär (4 §)
11592;Bokföringsbrott (5 §);1;11098;11 kap. Brott mot borgenärer m.m.;Brott mot brottsbalken, 8-12 kap. Brott mot förmögenhet, 11 kap. Brott mot borgenärer m.m., Bokföringsbrott (5 §)
11099;12 kap. Skadegörelsebrott;0;11099;12 kap. Skadegörelsebrott;Brott mot brottsbalken, 8-12 kap. Brott mot förmögenhet, 12 kap. Skadegörelsebrott
11099;12 kap. Skadegörelsebrott;1;11087;8-12 kap. Brott mot förmögenhet;Brott mot brottsbalken, 8-12 kap. Brott mot förmögenhet, 12 kap. Skadegörelsebrott
11594;Skadegörelse inkl. grov, åverkan (1-3 §);1;11099;12 kap. Skadegörelsebrott;Brott mot brottsbalken, 8-12 kap. Brott mot förmögenhet, 12 kap. Skadegörelsebrott, Skadegörelse inkl. grov, åverkan (1-3 §)
11596;Genom brand;2;11099;12 kap. Skadegörelsebrott;Brott mot brottsbalken, 8-12 kap. Brott mot förmögenhet, 12 kap. Skadegörelsebrott, Skadegörelse inkl. grov, åverkan (1-3 §), Genom brand
13147;Bilbrand eller brand på andra motorfordon;3;11099;12 kap. Skadegörelsebrott;Brott mot brottsbalken, 8-12 kap. Brott mot förmögenhet, 12 kap. Skadegörelsebrott, Skadegörelse inkl. grov, åverkan (1-3 §), Genom brand, Bilbrand eller brand på andra motorfordon
13148;Brand på annat än motorfordon;3;11099;12 kap. Skadegörelsebrott;Brott mot brottsbalken, 8-12 kap. Brott mot förmögenhet, 12 kap. Skadegörelsebrott, Skadegörelse inkl. grov, åverkan (1-3 §), Genom brand, Brand på annat än motorfordon
11595;På motorfordon (ej genom brand);2;11099;12 kap. Skadegörelsebrott;Brott mot brottsbalken, 8-12 kap. Brott mot förmögenhet, 12 kap. Skadegörelsebrott, Skadegörelse inkl. grov, åverkan (1-3 §), På motorfordon (ej genom brand)
11597;Klotter;2;11099;12 kap. Skadegörelsebrott;Brott mot brottsbalken, 8-12 kap. Brott mot förmögenhet, 12 kap. Skadegörelsebrott, Skadegörelse inkl. grov, åverkan (1-3 §), Klotter
13062;Klotter mot kollektivtrafik;3;11099;12 kap. Skadegörelsebrott;Brott mot brottsbalken, 8-12 kap. Brott mot förmögenhet, 12 kap. Skadegörelsebrott, Skadegörelse inkl. grov, åverkan (1-3 §), Klotter, Klotter mot kollektivtrafik
13063;Övrigt klotter;3;11099;12 kap. Skadegörelsebrott;Brott mot brottsbalken, 8-12 kap. Brott mot förmögenhet, 12 kap. Skadegörelsebrott, Skadegörelse inkl. grov, åverkan (1-3 §), Klotter, Övrigt klotter
11599;Mot stat, kommun, landsting (ej klotter);2;11099;12 kap. Skadegörelsebrott;Brott mot brottsbalken, 8-12 kap. Brott mot förmögenhet, 12 kap. Skadegörelsebrott, Skadegörelse inkl. grov, åverkan (1-3 §), Mot stat, kommun, landsting (ej klotter)
11600;Annan skadegörelse (ej klotter);2;11099;12 kap. Skadegörelsebrott;Brott mot brottsbalken, 8-12 kap. Brott mot förmögenhet, 12 kap. Skadegörelsebrott, Skadegörelse inkl. grov, åverkan (1-3 §), Annan skadegörelse (ej klotter)
11601;Tagande av olovlig väg (4 §);1;11099;12 kap. Skadegörelsebrott;Brott mot brottsbalken, 8-12 kap. Brott mot förmögenhet, 12 kap. Skadegörelsebrott, Tagande av olovlig väg (4 §)
11088;13-15 kap. Brott mot allmänheten;0;11088;13-15 kap. Brott mot allmänheten;Brott mot brottsbalken, 13-15 kap. Brott mot allmänheten
11088;13-15 kap. Brott mot allmänheten;1;11084;Brott mot brottsbalken;Brott mot brottsbalken, 13-15 kap. Brott mot allmänheten
11100;13 kap. Allmänfarliga brott;0;11100;13 kap. Allmänfarliga brott;Brott mot brottsbalken, 13-15 kap. Brott mot allmänheten, 13 kap. Allmänfarliga brott
11100;13 kap. Allmänfarliga brott;1;11088;13-15 kap. Brott mot allmänheten;Brott mot brottsbalken, 13-15 kap. Brott mot allmänheten, 13 kap. Allmänfarliga brott
11602;Mordbrand inkl. grov (1, 2 §);1;11100;13 kap. Allmänfarliga brott;Brott mot brottsbalken, 13-15 kap. Brott mot allmänheten, 13 kap. Allmänfarliga brott, Mordbrand inkl. grov (1, 2 §)
5061;Allmänfarlig ödeläggelse (3 §);1;11100;13 kap. Allmänfarliga brott;Brott mot brottsbalken, 13-15 kap. Brott mot allmänheten, 13 kap. Allmänfarliga brott, Allmänfarlig ödeläggelse (3 §)
5062;Genom sprängning;2;11100;13 kap. Allmänfarliga brott;Brott mot brottsbalken, 13-15 kap. Brott mot allmänheten, 13 kap. Allmänfarliga brott, Allmänfarlig ödeläggelse (3 §), Genom sprängning
14498;Fullbordat brott;3;11100;13 kap. Allmänfarliga brott;Brott mot brottsbalken, 13-15 kap. Brott mot allmänheten, 13 kap. Allmänfarliga brott, Allmänfarlig ödeläggelse (3 §), Genom sprängning, Fullbordat brott
14499;Försök m.m. till brott;3;11100;13 kap. Allmänfarliga brott;Brott mot brottsbalken, 13-15 kap. Brott mot allmänheten, 13 kap. Allmänfarliga brott, Allmänfarlig ödeläggelse (3 §), Genom sprängning, Försök m.m. till brott
5063;Ej genom sprängning;2;11100;13 kap. Allmänfarliga brott;Brott mot brottsbalken, 13-15 kap. Brott mot allmänheten, 13 kap. Allmänfarliga brott, Allmänfarlig ödeläggelse (3 §), Ej genom sprängning
14394;Sabotage mot blåljusverksamhet inkl. grovt (5c §);1;11100;13 kap. Allmänfarliga brott;Brott mot brottsbalken, 13-15 kap. Brott mot allmänheten, 13 kap. Allmänfarliga brott, Sabotage mot blåljusverksamhet inkl. grovt (5c §)
11603;Allmänfarlig vårdslöshet (6 §);1;11100;13 kap. Allmänfarliga brott;Brott mot brottsbalken, 13-15 kap. Brott mot allmänheten, 13 kap. Allmänfarliga brott, Allmänfarlig vårdslöshet (6 §)
11604;Vållande av brand;2;11100;13 kap. Allmänfarliga brott;Brott mot brottsbalken, 13-15 kap. Brott mot allmänheten, 13 kap. Allmänfarliga brott, Allmänfarlig vårdslöshet (6 §), Vållande av brand
11605;Annan allmänfarlig vårdslöshet;2;11100;13 kap. Allmänfarliga brott;Brott mot brottsbalken, 13-15 kap. Brott mot allmänheten, 13 kap. Allmänfarliga brott, Allmänfarlig vårdslöshet (6 §), Annan allmänfarlig vårdslöshet
11606;Spridande av gift eller smitta förgöring, vårdslöshet med gift eller smittämne (7-9 §);1;11100;13 kap. Allmänfarliga brott;Brott mot brottsbalken, 13-15 kap. Brott mot allmänheten, 13 kap. Allmänfarliga brott, Spridande av gift eller smitta förgöring, vårdslöshet med gift eller smittämne (7-9 §)
11607;Övriga brott mot 13 kap. (4-5 b, 10 §);1;11100;13 kap. Allmänfarliga brott;Brott mot brottsbalken, 13-15 kap. Brott mot allmänheten, 13 kap. Allmänfarliga brott, Övriga brott mot 13 kap. (4-5 b, 10 §)
11101;14 kap. Förfalskningsbrott;0;11101;14 kap. Förfalskningsbrott;Brott mot brottsbalken, 13-15 kap. Brott mot allmänheten, 14 kap. Förfalskningsbrott
11101;14 kap. Förfalskningsbrott;1;11088;13-15 kap. Brott mot allmänheten;Brott mot brottsbalken, 13-15 kap. Brott mot allmänheten, 14 kap. Förfalskningsbrott
11608;Urkundsförfalskning m.m. (1-4, 9 §);1;11101;14 kap. Förfalskningsbrott;Brott mot brottsbalken, 13-15 kap. Brott mot allmänheten, 14 kap. Förfalskningsbrott, Urkundsförfalskning m.m. (1-4, 9 §)
11609;Check;2;11101;14 kap. Förfalskningsbrott;Brott mot brottsbalken, 13-15 kap. Brott mot allmänheten, 14 kap. Förfalskningsbrott, Urkundsförfalskning m.m. (1-4, 9 §), Check
11610;Legitimationshandling;2;11101;14 kap. Förfalskningsbrott;Brott mot brottsbalken, 13-15 kap. Brott mot allmänheten, 14 kap. Förfalskningsbrott, Urkundsförfalskning m.m. (1-4, 9 §), Legitimationshandling
11611;Handling som  använts för illegal invandring;3;11101;14 kap. Förfalskningsbrott;Brott mot brottsbalken, 13-15 kap. Brott mot allmänheten, 14 kap. Förfalskningsbrott, Urkundsförfalskning m.m. (1-4, 9 §), Legitimationshandling, Handling som  använts för illegal invandring
11612;Övrig legitimationshandling;3;11101;14 kap. Förfalskningsbrott;Brott mot brottsbalken, 13-15 kap. Brott mot allmänheten, 14 kap. Förfalskningsbrott, Urkundsförfalskning m.m. (1-4, 9 §), Legitimationshandling, Övrig legitimationshandling
11613;Övrig urkundsförfalskning;2;11101;14 kap. Förfalskningsbrott;Brott mot brottsbalken, 13-15 kap. Brott mot allmänheten, 14 kap. Förfalskningsbrott, Urkundsförfalskning m.m. (1-4, 9 §), Övrig urkundsförfalskning
11614;Signaturförfalskning (5, 9 §);1;11101;14 kap. Förfalskningsbrott;Brott mot brottsbalken, 13-15 kap. Brott mot allmänheten, 14 kap. Förfalskningsbrott, Signaturförfalskning (5, 9 §)
11615;Penningförfalskning m.m. (6, 6 a, 9, 10 §);1;11101;14 kap. Förfalskningsbrott;Brott mot brottsbalken, 13-15 kap. Brott mot allmänheten, 14 kap. Förfalskningsbrott, Penningförfalskning m.m. (6, 6 a, 9, 10 §)
11616;Övriga brott mot 14 kap. (7-9 §);1;11101;14 kap. Förfalskningsbrott;Brott mot brottsbalken, 13-15 kap. Brott mot allmänheten, 14 kap. Förfalskningsbrott, Övriga brott mot 14 kap. (7-9 §)
11102;15 kap. Mened, falskt åtal m.m.;0;11102;15 kap. Mened, falskt åtal m.m.;Brott mot brottsbalken, 13-15 kap. Brott mot allmänheten, 15 kap. Mened, falskt åtal m.m.
11102;15 kap. Mened, falskt åtal m.m.;1;11088;13-15 kap. Brott mot allmänheten;Brott mot brottsbalken, 13-15 kap. Brott mot allmänheten, 15 kap. Mened, falskt åtal m.m.
11617;Mened, osann partsutsaga m.m. (1-3 §);1;11102;15 kap. Mened, falskt åtal m.m.;Brott mot brottsbalken, 13-15 kap. Brott mot allmänheten, 15 kap. Mened, falskt åtal m.m., Mened, osann partsutsaga m.m. (1-3 §)
11618;Falsk och vårdslös beskyllning (7 §);1;11102;15 kap. Mened, falskt åtal m.m.;Brott mot brottsbalken, 13-15 kap. Brott mot allmänheten, 15 kap. Mened, falskt åtal m.m., Falsk och vårdslös beskyllning (7 §)
11619;Missbruk av urkund avs pass m.m./utfärdat pass på falska grunder (11, 12 §);1;11102;15 kap. Mened, falskt åtal m.m.;Brott mot brottsbalken, 13-15 kap. Brott mot allmänheten, 15 kap. Mened, falskt åtal m.m., Missbruk av urkund avs pass m.m./utfärdat pass på falska grunder (11, 12 §)
11620;Övriga brott mot 15 kap. (4 a, 4 b, 5,6, 8-13 §);1;11102;15 kap. Mened, falskt åtal m.m.;Brott mot brottsbalken, 13-15 kap. Brott mot allmänheten, 15 kap. Mened, falskt åtal m.m., Övriga brott mot 15 kap. (4 a, 4 b, 5,6, 8-13 §)
11089;16-22 kap. Brott mot staten;0;11089;16-22 kap. Brott mot staten;Brott mot brottsbalken, 16-22 kap. Brott mot staten
11089;16-22 kap. Brott mot staten;1;11084;Brott mot brottsbalken;Brott mot brottsbalken, 16-22 kap. Brott mot staten
11103;16 kap. Brott mot allmän ordning;0;11103;16 kap. Brott mot allmän ordning;Brott mot brottsbalken, 16-22 kap. Brott mot staten, 16 kap. Brott mot allmän ordning
11103;16 kap. Brott mot allmän ordning;1;11089;16-22 kap. Brott mot staten;Brott mot brottsbalken, 16-22 kap. Brott mot staten, 16 kap. Brott mot allmän ordning
14718;Involverande av en underårig i brottslighet (5 a §);1;11103;16 kap. Brott mot allmän ordning;Brott mot brottsbalken, 16-22 kap. Brott mot staten, 16 kap. Brott mot allmän ordning, Involverande av en underårig i brottslighet (5 a §)
11621;Falskt larm (15 § 1, 2 st.);1;11103;16 kap. Brott mot allmän ordning;Brott mot brottsbalken, 16-22 kap. Brott mot staten, 16 kap. Brott mot allmän ordning, Falskt larm (15 § 1, 2 st.)
11622;Missbruk av larmanordning (15 § 3 st.);1;11103;16 kap. Brott mot allmän ordning;Brott mot brottsbalken, 16-22 kap. Brott mot staten, 16 kap. Brott mot allmän ordning, Missbruk av larmanordning (15 § 3 st.)
11623;Hets mot folkgrupp (8 §);1;11103;16 kap. Brott mot allmän ordning;Brott mot brottsbalken, 16-22 kap. Brott mot staten, 16 kap. Brott mot allmän ordning, Hets mot folkgrupp (8 §)
11624;Olaga diskriminering (9 §);1;11103;16 kap. Brott mot allmän ordning;Brott mot brottsbalken, 16-22 kap. Brott mot staten, 16 kap. Brott mot allmän ordning, Olaga diskriminering (9 §)
11625;Barnpornografibrott (10 a §);1;11103;16 kap. Brott mot allmän ordning;Brott mot brottsbalken, 16-22 kap. Brott mot staten, 16 kap. Brott mot allmän ordning, Barnpornografibrott (10 a §)
11626;Internetrelaterat barnpornografibrott (t.o.m. 2022);2;11103;16 kap. Brott mot allmän ordning;Brott mot brottsbalken, 16-22 kap. Brott mot staten, 16 kap. Brott mot allmän ordning, Barnpornografibrott (10 a §), Internetrelaterat barnpornografibrott (t.o.m. 2022)
11627;Övriga barnpornografibrott (t.o.m. 2022);2;11103;16 kap. Brott mot allmän ordning;Brott mot brottsbalken, 16-22 kap. Brott mot staten, 16 kap. Brott mot allmän ordning, Barnpornografibrott (10 a §), Övriga barnpornografibrott (t.o.m. 2022)
13034;Djurplågeri (13 §);1;11103;16 kap. Brott mot allmän ordning;Brott mot brottsbalken, 16-22 kap. Brott mot staten, 16 kap. Brott mot allmän ordning, Djurplågeri (13 §)
11628;Övriga brott mot 16 kap. (1-6, 10-12, 14 §);1;11103;16 kap. Brott mot allmän ordning;Brott mot brottsbalken, 16-22 kap. Brott mot staten, 16 kap. Brott mot allmän ordning, Övriga brott mot 16 kap. (1-6, 10-12, 14 §)
11104;17 kap. Brott mot allmän verksamhet;0;11104;17 kap. Brott mot allmän verksamhet;Brott mot brottsbalken, 16-22 kap. Brott mot staten, 17 kap. Brott mot allmän verksamhet
11104;17 kap. Brott mot allmän verksamhet;1;11089;16-22 kap. Brott mot staten;Brott mot brottsbalken, 16-22 kap. Brott mot staten, 17 kap. Brott mot allmän verksamhet
11629;Våld mot tjänsteman (1, 5 §);1;11104;17 kap. Brott mot allmän verksamhet;Brott mot brottsbalken, 16-22 kap. Brott mot staten, 17 kap. Brott mot allmän verksamhet, Våld mot tjänsteman (1, 5 §)
11630;Mot polisman (1 §);2;11104;17 kap. Brott mot allmän verksamhet;Brott mot brottsbalken, 16-22 kap. Brott mot staten, 17 kap. Brott mot allmän verksamhet, Våld mot tjänsteman (1, 5 §), Mot polisman (1 §)
11631;Mot ordningsvakt (1 §);2;11104;17 kap. Brott mot allmän verksamhet;Brott mot brottsbalken, 16-22 kap. Brott mot staten, 17 kap. Brott mot allmän verksamhet, Våld mot tjänsteman (1, 5 §), Mot ordningsvakt (1 §)
11632;Mot övriga tjänstemän (1, 5 §);2;11104;17 kap. Brott mot allmän verksamhet;Brott mot brottsbalken, 16-22 kap. Brott mot staten, 17 kap. Brott mot allmän verksamhet, Våld mot tjänsteman (1, 5 §), Mot övriga tjänstemän (1, 5 §)
14900;Förolämpning mot tjänsteman (3 §);1;11104;17 kap. Brott mot allmän verksamhet;Brott mot brottsbalken, 16-22 kap. Brott mot staten, 17 kap. Brott mot allmän verksamhet, Förolämpning mot tjänsteman (3 §)
14901;Förolämpning mot polis;2;11104;17 kap. Brott mot allmän verksamhet;Brott mot brottsbalken, 16-22 kap. Brott mot staten, 17 kap. Brott mot allmän verksamhet, Förolämpning mot tjänsteman (3 §), Förolämpning mot polis
14902;Förolämpning mot övriga tjänstemän;2;11104;17 kap. Brott mot allmän verksamhet;Brott mot brottsbalken, 16-22 kap. Brott mot staten, 17 kap. Brott mot allmän verksamhet, Förolämpning mot tjänsteman (3 §), Förolämpning mot övriga tjänstemän
11633;Hot m.m. mot tjänsteman (1, 2, 5 §);1;11104;17 kap. Brott mot allmän verksamhet;Brott mot brottsbalken, 16-22 kap. Brott mot staten, 17 kap. Brott mot allmän verksamhet, Hot m.m. mot tjänsteman (1, 2, 5 §)
14824;Otillbörligt verkande vid röstning, tagande av otillbörlig förmån vid röstning (8 §);1;11104;17 kap. Brott mot allmän verksamhet;Brott mot brottsbalken, 16-22 kap. Brott mot staten, 17 kap. Brott mot allmän verksamhet, Otillbörligt verkande vid röstning, tagande av otillbörlig förmån vid röstning (8 §)
11636;Övergrepp i rättssak (10 §);1;11104;17 kap. Brott mot allmän verksamhet;Brott mot brottsbalken, 16-22 kap. Brott mot staten, 17 kap. Brott mot allmän verksamhet, Övergrepp i rättssak (10 §)
11634;Våldsamt motstånd (4, 5 §);1;11104;17 kap. Brott mot allmän verksamhet;Brott mot brottsbalken, 16-22 kap. Brott mot staten, 17 kap. Brott mot allmän verksamhet, Våldsamt motstånd (4, 5 §)
13068;Bestickning (t.o.m. 2012-06);1;11104;17 kap. Brott mot allmän verksamhet;Brott mot brottsbalken, 16-22 kap. Brott mot staten, 17 kap. Brott mot allmän verksamhet, Bestickning (t.o.m. 2012-06)
11637;Övriga brott mot 17 kap. (9, 11-13, 15 §);1;11104;17 kap. Brott mot allmän verksamhet;Brott mot brottsbalken, 16-22 kap. Brott mot staten, 17 kap. Brott mot allmän verksamhet, Övriga brott mot 17 kap. (9, 11-13, 15 §)
11105;18 kap. Högmålsbrott;0;11105;18 kap. Högmålsbrott;Brott mot brottsbalken, 16-22 kap. Brott mot staten, 18 kap. Högmålsbrott
11105;18 kap. Högmålsbrott;1;11089;16-22 kap. Brott mot staten;Brott mot brottsbalken, 16-22 kap. Brott mot staten, 18 kap. Högmålsbrott
11106;19 kap. Brott mot rikets säkerhet;0;11106;19 kap. Brott mot rikets säkerhet;Brott mot brottsbalken, 16-22 kap. Brott mot staten, 19 kap. Brott mot rikets säkerhet
11106;19 kap. Brott mot rikets säkerhet;1;11089;16-22 kap. Brott mot staten;Brott mot brottsbalken, 16-22 kap. Brott mot staten, 19 kap. Brott mot rikets säkerhet
11107;20 kap. Tjänstefel m.m.;0;11107;20 kap. Tjänstefel m.m.;Brott mot brottsbalken, 16-22 kap. Brott mot staten, 20 kap. Tjänstefel m.m.
11107;20 kap. Tjänstefel m.m.;1;11089;16-22 kap. Brott mot staten;Brott mot brottsbalken, 16-22 kap. Brott mot staten, 20 kap. Tjänstefel m.m.
11638;Tjänstefel inkl. grovt (1 §);1;11107;20 kap. Tjänstefel m.m.;Brott mot brottsbalken, 16-22 kap. Brott mot staten, 20 kap. Tjänstefel m.m., Tjänstefel inkl. grovt (1 §)
14962;Missbruk av offentlig ställning inkl. grovt (2 §);1;11107;20 kap. Tjänstefel m.m.;Brott mot brottsbalken, 16-22 kap. Brott mot staten, 20 kap. Tjänstefel m.m., Missbruk av offentlig ställning inkl. grovt (2 §)
11640;Brott mot tystnadsplikt (3 §);1;11107;20 kap. Tjänstefel m.m.;Brott mot brottsbalken, 16-22 kap. Brott mot staten, 20 kap. Tjänstefel m.m., Brott mot tystnadsplikt (3 §)
13069;Mutbrott (t.o.m. 2012-06);1;11107;20 kap. Tjänstefel m.m.;Brott mot brottsbalken, 16-22 kap. Brott mot staten, 20 kap. Tjänstefel m.m., Mutbrott (t.o.m. 2012-06)
11849;21 kap. Om brott av krigsmän (kapitel träder i tillämpning när riket kommer i krig);0;11849;21 kap. Om brott av krigsmän (kapitel träder i tillämpning när riket kommer i krig);Brott mot brottsbalken, 16-22 kap. Brott mot staten, 21 kap. Om brott av krigsmän (kapitel träder i tillämpning när riket kommer i krig)
11849;21 kap. Om brott av krigsmän (kapitel träder i tillämpning när riket kommer i krig);1;11089;16-22 kap. Brott mot staten;Brott mot brottsbalken, 16-22 kap. Brott mot staten, 21 kap. Om brott av krigsmän (kapitel träder i tillämpning när riket kommer i krig)
11108;22 kap. Om landsförräderi m.m.;0;11108;22 kap. Om landsförräderi m.m.;Brott mot brottsbalken, 16-22 kap. Brott mot staten, 22 kap. Om landsförräderi m.m.
11108;22 kap. Om landsförräderi m.m.;1;11089;16-22 kap. Brott mot staten;Brott mot brottsbalken, 16-22 kap. Brott mot staten, 22 kap. Om landsförräderi m.m.
13099;Folkrättsbrott (t.o.m. 2014-12);1;11108;22 kap. Om landsförräderi m.m.;Brott mot brottsbalken, 16-22 kap. Brott mot staten, 22 kap. Om landsförräderi m.m., Folkrättsbrott (t.o.m. 2014-12)
13100;Övriga brott mot 22 kap.;1;11108;22 kap. Om landsförräderi m.m.;Brott mot brottsbalken, 16-22 kap. Brott mot staten, 22 kap. Om landsförräderi m.m., Övriga brott mot 22 kap.
11085;Brott mot specialstraffrättsliga författningar;0;11085;Brott mot specialstraffrättsliga författningar;Brott mot specialstraffrättsliga författningar
11643;Brott mot trafikbrottslagen;0;11643;Brott mot trafikbrottslagen;Brott mot specialstraffrättsliga författningar, Brott mot trafikbrottslagen
11643;Brott mot trafikbrottslagen;1;11085;Brott mot specialstraffrättsliga författningar;Brott mot specialstraffrättsliga författningar, Brott mot trafikbrottslagen
11644;Grov vårdslöshet i trafik (1 § 2 st);1;11643;Brott mot trafikbrottslagen;Brott mot specialstraffrättsliga författningar, Brott mot trafikbrottslagen, Grov vårdslöshet i trafik (1 § 2 st)
11645;Olovlig körning inkl. grov (3 § 1 st);1;11643;Brott mot trafikbrottslagen;Brott mot specialstraffrättsliga författningar, Brott mot trafikbrottslagen, Olovlig körning inkl. grov (3 § 1 st)
11646;Rattfylleri inkl. grovt, enbart alkohol eller både alkohol och narkotika(4, 4 a §);1;11643;Brott mot trafikbrottslagen;Brott mot specialstraffrättsliga författningar, Brott mot trafikbrottslagen, Rattfylleri inkl. grovt, enbart alkohol eller både alkohol och narkotika(4, 4 a §)
11647;Rattfylleri, inkl. grovt, enbart narkotika (4 § 2 st);1;11643;Brott mot trafikbrottslagen;Brott mot specialstraffrättsliga författningar, Brott mot trafikbrottslagen, Rattfylleri, inkl. grovt, enbart narkotika (4 § 2 st)
11648;Smitning (5 §);1;11643;Brott mot trafikbrottslagen;Brott mot specialstraffrättsliga författningar, Brott mot trafikbrottslagen, Smitning (5 §)
5064;Med betydande materialskador, personskador eller dödl utfall;2;11643;Brott mot trafikbrottslagen;Brott mot specialstraffrättsliga författningar, Brott mot trafikbrottslagen, Smitning (5 §), Med betydande materialskador, personskador eller dödl utfall
5065;Med inga eller lindriga material- och personskador;2;11643;Brott mot trafikbrottslagen;Brott mot specialstraffrättsliga författningar, Brott mot trafikbrottslagen, Smitning (5 §), Med inga eller lindriga material- och personskador
11649;Övriga brott mot trafikbrottslagen (3 § 2 och 3 st §);1;11643;Brott mot trafikbrottslagen;Brott mot specialstraffrättsliga författningar, Brott mot trafikbrottslagen, Övriga brott mot trafikbrottslagen (3 § 2 och 3 st §)
11650;Brott mot narkotikastrafflagen;0;11650;Brott mot narkotikastrafflagen;Brott mot specialstraffrättsliga författningar, Brott mot narkotikastrafflagen
11650;Brott mot narkotikastrafflagen;1;11085;Brott mot specialstraffrättsliga författningar;Brott mot specialstraffrättsliga författningar, Brott mot narkotikastrafflagen
11651;Överlåtelse m.m. (1-3 a §);1;11650;Brott mot narkotikastrafflagen;Brott mot specialstraffrättsliga författningar, Brott mot narkotikastrafflagen, Överlåtelse m.m. (1-3 a §)
11652;Innehav (1-3 a §);1;11650;Brott mot narkotikastrafflagen;Brott mot specialstraffrättsliga författningar, Brott mot narkotikastrafflagen, Innehav (1-3 a §)
11653;Eget bruk (1-3 a §);1;11650;Brott mot narkotikastrafflagen;Brott mot specialstraffrättsliga författningar, Brott mot narkotikastrafflagen, Eget bruk (1-3 a §)
11654;Framställning (1-3 a §);1;11650;Brott mot narkotikastrafflagen;Brott mot specialstraffrättsliga författningar, Brott mot narkotikastrafflagen, Framställning (1-3 a §)
11655;Brott mot miljöbalken (29 kap.);0;11655;Brott mot miljöbalken (29 kap.);Brott mot specialstraffrättsliga författningar, Brott mot miljöbalken (29 kap.)
11655;Brott mot miljöbalken (29 kap.);1;11085;Brott mot specialstraffrättsliga författningar;Brott mot specialstraffrättsliga författningar, Brott mot miljöbalken (29 kap.)
11656;Miljöbrott inkl. grovt (1 §);1;11655;Brott mot miljöbalken (29 kap.);Brott mot specialstraffrättsliga författningar, Brott mot miljöbalken (29 kap.), Miljöbrott inkl. grovt (1 §)
11657;Brott eller förseelse mot områdesskydd (2, 2 a §);1;11655;Brott mot miljöbalken (29 kap.);Brott mot specialstraffrättsliga författningar, Brott mot miljöbalken (29 kap.), Brott eller förseelse mot områdesskydd (2, 2 a §)
11658;Artskydd inkl. grovt (2 b §);1;11655;Brott mot miljöbalken (29 kap.);Brott mot specialstraffrättsliga författningar, Brott mot miljöbalken (29 kap.), Artskydd inkl. grovt (2 b §)
14117;Otillåten hantering av en invasiv främmande art (2 c §);1;11655;Brott mot miljöbalken (29 kap.);Brott mot specialstraffrättsliga författningar, Brott mot miljöbalken (29 kap.), Otillåten hantering av en invasiv främmande art (2 c §)
11659;Miljöfarlig eller olovlig kemikaliehantering (3, 3 a §);1;11655;Brott mot miljöbalken (29 kap.);Brott mot specialstraffrättsliga författningar, Brott mot miljöbalken (29 kap.), Miljöfarlig eller olovlig kemikaliehantering (3, 3 a §)
11660;Otillåten miljöverksamhet (4 §, 1-2 st.);1;11655;Brott mot miljöbalken (29 kap.);Brott mot specialstraffrättsliga författningar, Brott mot miljöbalken (29 kap.), Otillåten miljöverksamhet (4 §, 1-2 st.)
11661;Otillåten avfallstransport (4 a § 1-15 p.);1;11655;Brott mot miljöbalken (29 kap.);Brott mot specialstraffrättsliga författningar, Brott mot miljöbalken (29 kap.), Otillåten avfallstransport (4 a § 1-15 p.)
11662;Försvårande av miljökontroll (5 §);1;11655;Brott mot miljöbalken (29 kap.);Brott mot specialstraffrättsliga författningar, Brott mot miljöbalken (29 kap.), Försvårande av miljökontroll (5 §)
11663;Bristfällig miljöinformation (6 §);1;11655;Brott mot miljöbalken (29 kap.);Brott mot specialstraffrättsliga författningar, Brott mot miljöbalken (29 kap.), Bristfällig miljöinformation (6 §)
11664;Nedskräpning (7 §);1;11655;Brott mot miljöbalken (29 kap.);Brott mot specialstraffrättsliga författningar, Brott mot miljöbalken (29 kap.), Nedskräpning (7 §)
11665;Övriga brott mot miljöbalken (8 §) m.m.;1;11655;Brott mot miljöbalken (29 kap.);Brott mot specialstraffrättsliga författningar, Brott mot miljöbalken (29 kap.), Övriga brott mot miljöbalken (8 §) m.m.
13104;Brott mot miljöskyddslagen eller naturvårdslagen (t.o.m. 1999);0;13104;Brott mot miljöskyddslagen eller naturvårdslagen (t.o.m. 1999);Brott mot specialstraffrättsliga författningar, Brott mot miljöskyddslagen eller naturvårdslagen (t.o.m. 1999)
13104;Brott mot miljöskyddslagen eller naturvårdslagen (t.o.m. 1999);1;11085;Brott mot specialstraffrättsliga författningar;Brott mot specialstraffrättsliga författningar, Brott mot miljöskyddslagen eller naturvårdslagen (t.o.m. 1999)
13105;Brott mot skattebrottslagen (2-10 §);0;13105;Brott mot skattebrottslagen (2-10 §);Brott mot specialstraffrättsliga författningar, Brott mot skattebrottslagen (2-10 §)
13105;Brott mot skattebrottslagen (2-10 §);1;11085;Brott mot specialstraffrättsliga författningar;Brott mot specialstraffrättsliga författningar, Brott mot skattebrottslagen (2-10 §)
13107;Skattebrott, skatteförseelse (2-3 §) (fr.o.m. 2024);1;13105;Brott mot skattebrottslagen (2-10 §);Brott mot specialstraffrättsliga författningar, Brott mot skattebrottslagen (2-10 §), Skattebrott, skatteförseelse (2-3 §) (fr.o.m. 2024)
13106;Grovt skattebrott (4 §) (fr.o.m. 2024);1;13105;Brott mot skattebrottslagen (2-10 §);Brott mot specialstraffrättsliga författningar, Brott mot skattebrottslagen (2-10 §), Grovt skattebrott (4 §) (fr.o.m. 2024)
13109;Vårdslös skatteuppgift (5 §);1;13105;Brott mot skattebrottslagen (2-10 §);Brott mot specialstraffrättsliga författningar, Brott mot skattebrottslagen (2-10 §), Vårdslös skatteuppgift (5 §)
13108;Skattebrott inkl. grovt (2-4 §) (t.o.m. 2023);1;13105;Brott mot skattebrottslagen (2-10 §);Brott mot specialstraffrättsliga författningar, Brott mot skattebrottslagen (2-10 §), Skattebrott inkl. grovt (2-4 §) (t.o.m. 2023)
13110;Skatteavdragsbrott (6 §);1;13105;Brott mot skattebrottslagen (2-10 §);Brott mot specialstraffrättsliga författningar, Brott mot skattebrottslagen (2-10 §), Skatteavdragsbrott (6 §)
13111;Skatteredovisningsbrott (7 §), vårdslös skatteredovisning (8 §);1;13105;Brott mot skattebrottslagen (2-10 §);Brott mot specialstraffrättsliga författningar, Brott mot skattebrottslagen (2-10 §), Skatteredovisningsbrott (7 §), vårdslös skatteredovisning (8 §)
13112;Försvårande av skattekontroll (10 §);1;13105;Brott mot skattebrottslagen (2-10 §);Brott mot specialstraffrättsliga författningar, Brott mot skattebrottslagen (2-10 §), Försvårande av skattekontroll (10 §)
13113;Lagen om näringsförbud, överträdelse (47 §);0;13113;Lagen om näringsförbud, överträdelse (47 §);Brott mot specialstraffrättsliga författningar, Lagen om näringsförbud, överträdelse (47 §)
13113;Lagen om näringsförbud, överträdelse (47 §);1;11085;Brott mot specialstraffrättsliga författningar;Brott mot specialstraffrättsliga författningar, Lagen om näringsförbud, överträdelse (47 §)
13115;Aktiebolagslagen (30 kap.);0;13115;Aktiebolagslagen (30 kap.);Brott mot specialstraffrättsliga författningar, Aktiebolagslagen (30 kap.)
13115;Aktiebolagslagen (30 kap.);1;11085;Brott mot specialstraffrättsliga författningar;Brott mot specialstraffrättsliga författningar, Aktiebolagslagen (30 kap.)
13116;Underlåtenhet att föra/hålla aktiebok tillgänglig (1 § 1 st. 2 p.);1;13115;Aktiebolagslagen (30 kap.);Brott mot specialstraffrättsliga författningar, Aktiebolagslagen (30 kap.), Underlåtenhet att föra/hålla aktiebok tillgänglig (1 § 1 st. 2 p.)
13117;Brott mot låneförbud m.m. (1 § 1 st. 4 p.);1;13115;Aktiebolagslagen (30 kap.);Brott mot specialstraffrättsliga författningar, Aktiebolagslagen (30 kap.), Brott mot låneförbud m.m. (1 § 1 st. 4 p.)
13118;Brott mot bulvan/målvaktsbestämmelser (1 § 3 st.);1;13115;Aktiebolagslagen (30 kap.);Brott mot specialstraffrättsliga författningar, Aktiebolagslagen (30 kap.), Brott mot bulvan/målvaktsbestämmelser (1 § 3 st.)
13119;Övriga brott mot aktiebolagslagen (1 § 1 st. 1 p., 3 p.);1;13115;Aktiebolagslagen (30 kap.);Brott mot specialstraffrättsliga författningar, Aktiebolagslagen (30 kap.), Övriga brott mot aktiebolagslagen (1 § 1 st. 1 p., 3 p.)
5066;Lag om straff för marknadsmissbruk på värdepappersmarknaden;0;5066;Lag om straff för marknadsmissbruk på värdepappersmarknaden;Brott mot specialstraffrättsliga författningar, Lag om straff för marknadsmissbruk på värdepappersmarknaden
5066;Lag om straff för marknadsmissbruk på värdepappersmarknaden;1;11085;Brott mot specialstraffrättsliga författningar;Brott mot specialstraffrättsliga författningar, Lag om straff för marknadsmissbruk på värdepappersmarknaden
5067;Insiderbrott, inkl. grovt (1, 7 §);1;5066;Lag om straff för marknadsmissbruk på värdepappersmarknaden;Brott mot specialstraffrättsliga författningar, Lag om straff för marknadsmissbruk på värdepappersmarknaden, Insiderbrott, inkl. grovt (1, 7 §)
5068;Obehörigt röjande av insiderinformation (3 §);1;5066;Lag om straff för marknadsmissbruk på värdepappersmarknaden;Brott mot specialstraffrättsliga författningar, Lag om straff för marknadsmissbruk på värdepappersmarknaden, Obehörigt röjande av insiderinformation (3 §)
5069;Marknadsmanipulation, inkl. grov (4, 7 §);1;5066;Lag om straff för marknadsmissbruk på värdepappersmarknaden;Brott mot specialstraffrättsliga författningar, Lag om straff för marknadsmissbruk på värdepappersmarknaden, Marknadsmanipulation, inkl. grov (4, 7 §)
13120;Lag om straff för marknadsmissbruk (t.o.m. 2017);0;13120;Lag om straff för marknadsmissbruk (t.o.m. 2017);Brott mot specialstraffrättsliga författningar, Lag om straff för marknadsmissbruk (t.o.m. 2017)
13120;Lag om straff för marknadsmissbruk (t.o.m. 2017);1;11085;Brott mot specialstraffrättsliga författningar;Brott mot specialstraffrättsliga författningar, Lag om straff för marknadsmissbruk (t.o.m. 2017)
13121;Insiderbrott m.m. (2-4, 7 §);1;13120;Lag om straff för marknadsmissbruk (t.o.m. 2017);Brott mot specialstraffrättsliga författningar, Lag om straff för marknadsmissbruk (t.o.m. 2017), Insiderbrott m.m. (2-4, 7 §)
13122;Marknadsmissbruk (8 §);1;13120;Lag om straff för marknadsmissbruk (t.o.m. 2017);Brott mot specialstraffrättsliga författningar, Lag om straff för marknadsmissbruk (t.o.m. 2017), Marknadsmissbruk (8 §)
13123;Rapporteringsskyldighet, åsidosättande (13 §);1;13120;Lag om straff för marknadsmissbruk (t.o.m. 2017);Brott mot specialstraffrättsliga författningar, Lag om straff för marknadsmissbruk (t.o.m. 2017), Rapporteringsskyldighet, åsidosättande (13 §)
11850;Lag om straff för finansiering av särskilt allvarlig brottslighet m.m. (3, 4 §)(t.o.m. 2022);0;11850;Lag om straff för finansiering av särskilt allvarlig brottslighet m.m. (3, 4 §)(t.o.m. 2022);Brott mot specialstraffrättsliga författningar, Lag om straff för finansiering av särskilt allvarlig brottslighet m.m. (3, 4 §)(t.o.m. 2022)
11850;Lag om straff för finansiering av särskilt allvarlig brottslighet m.m. (3, 4 §)(t.o.m. 2022);1;11085;Brott mot specialstraffrättsliga författningar;Brott mot specialstraffrättsliga författningar, Lag om straff för finansiering av särskilt allvarlig brottslighet m.m. (3, 4 §)(t.o.m. 2022)
13092;Lag om straff för penningtvättsbrott;0;13092;Lag om straff för penningtvättsbrott;Brott mot specialstraffrättsliga författningar, Lag om straff för penningtvättsbrott
13092;Lag om straff för penningtvättsbrott;1;11085;Brott mot specialstraffrättsliga författningar;Brott mot specialstraffrättsliga författningar, Lag om straff för penningtvättsbrott
13093;Penningtvättsbrott (3-4 §);1;13092;Lag om straff för penningtvättsbrott;Brott mot specialstraffrättsliga författningar, Lag om straff för penningtvättsbrott, Penningtvättsbrott (3-4 §)
13094;Penningtvättsbrott, grovt brott (5 §);1;13092;Lag om straff för penningtvättsbrott;Brott mot specialstraffrättsliga författningar, Lag om straff för penningtvättsbrott, Penningtvättsbrott, grovt brott (5 §)
13095;Penningtvättsförseelse (6 §);1;13092;Lag om straff för penningtvättsbrott;Brott mot specialstraffrättsliga författningar, Lag om straff för penningtvättsbrott, Penningtvättsförseelse (6 §)
13096;Näringspenningtvätt (7 § 1-3 st.);1;13092;Lag om straff för penningtvättsbrott;Brott mot specialstraffrättsliga författningar, Lag om straff för penningtvättsbrott, Näringspenningtvätt (7 § 1-3 st.)
11689;Brott mot bidragsbrottslagen;0;11689;Brott mot bidragsbrottslagen;Brott mot specialstraffrättsliga författningar, Brott mot bidragsbrottslagen
11689;Brott mot bidragsbrottslagen;1;11085;Brott mot specialstraffrättsliga författningar;Brott mot specialstraffrättsliga författningar, Brott mot bidragsbrottslagen
11690;Mot Försäkringskassan;1;11689;Brott mot bidragsbrottslagen;Brott mot specialstraffrättsliga författningar, Brott mot bidragsbrottslagen, Mot Försäkringskassan
11691;Mot kommunerna;1;11689;Brott mot bidragsbrottslagen;Brott mot specialstraffrättsliga författningar, Brott mot bidragsbrottslagen, Mot kommunerna
11692;Mot a-kassorna och Arbetsförmedlningen;1;11689;Brott mot bidragsbrottslagen;Brott mot specialstraffrättsliga författningar, Brott mot bidragsbrottslagen, Mot a-kassorna och Arbetsförmedlningen
11693;Mot PPM, CSN, och Migrationsverket;1;11689;Brott mot bidragsbrottslagen;Brott mot specialstraffrättsliga författningar, Brott mot bidragsbrottslagen, Mot PPM, CSN, och Migrationsverket
14963;Subventionsbrottslag (2025:1267);0;14963;Subventionsbrottslag (2025:1267);Brott mot specialstraffrättsliga författningar, Subventionsbrottslag (2025:1267)
14963;Subventionsbrottslag (2025:1267);1;11085;Brott mot specialstraffrättsliga författningar;Brott mot specialstraffrättsliga författningar, Subventionsbrottslag (2025:1267)
14964;Subventionsbrott (4-7 §);1;14963;Subventionsbrottslag (2025:1267);Brott mot specialstraffrättsliga författningar, Subventionsbrottslag (2025:1267), Subventionsbrott (4-7 §)
14965;Subventionsmissbruk med företagsstöd (8-9 §);1;14963;Subventionsbrottslag (2025:1267);Brott mot specialstraffrättsliga författningar, Subventionsbrottslag (2025:1267), Subventionsmissbruk med företagsstöd (8-9 §)
14966;Subventionsmissbruk med EU-stöd (8-9 §);1;14963;Subventionsbrottslag (2025:1267);Brott mot specialstraffrättsliga författningar, Subventionsbrottslag (2025:1267), Subventionsmissbruk med EU-stöd (8-9 §)
11694;Lag om straff för smuggling (3-14 §) ;0;11694;Lag om straff för smuggling (3-14 §);Brott mot specialstraffrättsliga författningar, Lag om straff för smuggling (3-14 §)
11694;Lag om straff för smuggling (3-14 §);1;11085;Brott mot specialstraffrättsliga författningar;Brott mot specialstraffrättsliga författningar, Lag om straff för smuggling (3-14 §)
11695;Smugglingsbrott/olovlig in- och utförsel (ej narkotika) (3-5, 7 §);1;11694;Lag om straff för smuggling (3-14 §);Brott mot specialstraffrättsliga författningar, Lag om straff för smuggling (3-14 §) , Smugglingsbrott/olovlig in- och utförsel (ej narkotika) (3-5, 7 §)
11696;Narkotikasmuggling/olovlig in- och utförsel av narkotika (6, 7 §);1;11694;Lag om straff för smuggling (3-14 §);Brott mot specialstraffrättsliga författningar, Lag om straff för smuggling (3-14 §) , Narkotikasmuggling/olovlig in- och utförsel av narkotika (6, 7 §)
14500;Vapensmuggling, olovlig in- och utförsel (6 a, 7 §);1;11694;Lag om straff för smuggling (3-14 §);Brott mot specialstraffrättsliga författningar, Lag om straff för smuggling (3-14 §) , Vapensmuggling, olovlig in- och utförsel (6 a, 7 §)
14695;Av pistol, revolver start-, signalvapen och tårgasvapen;2;11694;Lag om straff för smuggling (3-14 §);Brott mot specialstraffrättsliga författningar, Lag om straff för smuggling (3-14 §) , Vapensmuggling, olovlig in- och utförsel (6 a, 7 §), Av pistol, revolver start-, signalvapen och tårgasvapen
14694;Av automatvapen (inkl. kulsprutepistol);2;11694;Lag om straff för smuggling (3-14 §);Brott mot specialstraffrättsliga författningar, Lag om straff för smuggling (3-14 §) , Vapensmuggling, olovlig in- och utförsel (6 a, 7 §), Av automatvapen (inkl. kulsprutepistol)
14693;Av jaktvapen;2;11694;Lag om straff för smuggling (3-14 §);Brott mot specialstraffrättsliga författningar, Lag om straff för smuggling (3-14 §) , Vapensmuggling, olovlig in- och utförsel (6 a, 7 §), Av jaktvapen
14691;Av annat vapen;2;11694;Lag om straff för smuggling (3-14 §);Brott mot specialstraffrättsliga författningar, Lag om straff för smuggling (3-14 §) , Vapensmuggling, olovlig in- och utförsel (6 a, 7 §), Av annat vapen
14502;Smuggling av explosiv vara, olovlig in- och utförsel (6 b, 7 §);1;11694;Lag om straff för smuggling (3-14 §);Brott mot specialstraffrättsliga författningar, Lag om straff för smuggling (3-14 §) , Smuggling av explosiv vara, olovlig in- och utförsel (6 b, 7 §)
11697;Tullbrott och vårdslös tullredovisning (8-11 §);1;11694;Lag om straff för smuggling (3-14 §);Brott mot specialstraffrättsliga författningar, Lag om straff för smuggling (3-14 §) , Tullbrott och vårdslös tullredovisning (8-11 §)
11698;Olovlig befattning med smuggelgods (12-13 §);1;11694;Lag om straff för smuggling (3-14 §);Brott mot specialstraffrättsliga författningar, Lag om straff för smuggling (3-14 §) , Olovlig befattning med smuggelgods (12-13 §)
11699;Lagen om punktskattekontroll (5 kap. 1, 1 a §);0;11699;Lagen om punktskattekontroll (5 kap. 1, 1 a §);Brott mot specialstraffrättsliga författningar, Lagen om punktskattekontroll (5 kap. 1, 1 a §)
11699;Lagen om punktskattekontroll (5 kap. 1, 1 a §);1;11085;Brott mot specialstraffrättsliga författningar;Brott mot specialstraffrättsliga författningar, Lagen om punktskattekontroll (5 kap. 1, 1 a §)
11700;Lagen om kontroll av narkotika (13 §);0;11700;Lagen om kontroll av narkotika (13 §);Brott mot specialstraffrättsliga författningar, Lagen om kontroll av narkotika (13 §)
11700;Lagen om kontroll av narkotika (13 §);1;11085;Brott mot specialstraffrättsliga författningar;Brott mot specialstraffrättsliga författningar, Lagen om kontroll av narkotika (13 §)
11701;Alkohollagen (10 kap.);0;11701;Alkohollagen (10 kap.);Brott mot specialstraffrättsliga författningar, Alkohollagen (10 kap.)
11701;Alkohollagen (10 kap.);1;11085;Brott mot specialstraffrättsliga författningar;Brott mot specialstraffrättsliga författningar, Alkohollagen (10 kap.)
11702;Olovlig sprittillverkning m.m. (1 § 1 p., 2 , 4 §);1;11701;Alkohollagen (10 kap.);Brott mot specialstraffrättsliga författningar, Alkohollagen (10 kap.), Olovlig sprittillverkning m.m. (1 § 1 p., 2 , 4 §)
11703;Förvärv/innehav av olovligt tillv. sprit/mäsk avsedd för olovlig sprittillv. (1 § 2 p., 4 §);1;11701;Alkohollagen (10 kap.);Brott mot specialstraffrättsliga författningar, Alkohollagen (10 kap.), Förvärv/innehav av olovligt tillv. sprit/mäsk avsedd för olovlig sprittillv. (1 § 2 p., 4 §)
11704;Olovlig försäljning inkl. grov, innehav, olovligt anskaffande av alkohol (3, 4, 6 §);1;11701;Alkohollagen (10 kap.);Brott mot specialstraffrättsliga författningar, Alkohollagen (10 kap.), Olovlig försäljning inkl. grov, innehav, olovligt anskaffande av alkohol (3, 4, 6 §)
11705;Olovlig vin-, starköl-, öltillverkning (5 §);1;11701;Alkohollagen (10 kap.);Brott mot specialstraffrättsliga författningar, Alkohollagen (10 kap.), Olovlig vin-, starköl-, öltillverkning (5 §)
11706;Olovligt anskaffande av alkohol, olovlig hantering av alkohol (7, 9 §);1;11701;Alkohollagen (10 kap.);Brott mot specialstraffrättsliga författningar, Alkohollagen (10 kap.), Olovligt anskaffande av alkohol, olovlig hantering av alkohol (7, 9 §)
13064;Olovlig försäljning av teknisk sprit m.m. (fr.o.m. 2011-01);1;11701;Alkohollagen (10 kap.);Brott mot specialstraffrättsliga författningar, Alkohollagen (10 kap.), Olovlig försäljning av teknisk sprit m.m. (fr.o.m. 2011-01)
13067;Lag om försäljning av teknisk sprit m.m. (t.o.m. 2010);0;13067;Lag om försäljning av teknisk sprit m.m. (t.o.m. 2010);Brott mot specialstraffrättsliga författningar, Lag om försäljning av teknisk sprit m.m. (t.o.m. 2010)
13067;Lag om försäljning av teknisk sprit m.m. (t.o.m. 2010);1;11085;Brott mot specialstraffrättsliga författningar;Brott mot specialstraffrättsliga författningar, Lag om försäljning av teknisk sprit m.m. (t.o.m. 2010)
13039;Lag om tobak och liknande produkter;0;13039;Lag om tobak och liknande produkter;Brott mot specialstraffrättsliga författningar, Lag om tobak och liknande produkter
13039;Lag om tobak och liknande produkter;1;11085;Brott mot specialstraffrättsliga författningar;Brott mot specialstraffrättsliga författningar, Lag om tobak och liknande produkter
14696;Lag om tobaksfria nikotinprodukter;0;14696;Lag om tobaksfria nikotinprodukter;Brott mot specialstraffrättsliga författningar, Lag om tobaksfria nikotinprodukter
14696;Lag om tobaksfria nikotinprodukter;1;11085;Brott mot specialstraffrättsliga författningar;Brott mot specialstraffrättsliga författningar, Lag om tobaksfria nikotinprodukter
14503;Lag om förbud mot vissa hälsofarliga varor (3 § 1 st. och 4 §);0;14503;Lag om förbud mot vissa hälsofarliga varor (3 § 1 st. och 4 §);Brott mot specialstraffrättsliga författningar, Lag om förbud mot vissa hälsofarliga varor (3 § 1 st. och 4 §)
14503;Lag om förbud mot vissa hälsofarliga varor (3 § 1 st. och 4 §);1;11085;Brott mot specialstraffrättsliga författningar;Brott mot specialstraffrättsliga författningar, Lag om förbud mot vissa hälsofarliga varor (3 § 1 st. och 4 §)
14505;Lag om brandfarliga och explosiva varor (6 §, 16 § 1 st, 28 § 1 st, 29 § 2 st, 29a §);0;14505;Lag om brandfarliga och explosiva varor (6 §, 16 § 1 st, 28 § 1 st, 29 § 2 st, 29a §);Brott mot specialstraffrättsliga författningar, Lag om brandfarliga och explosiva varor (6 §, 16 § 1 st, 28 § 1 st, 29 § 2 st, 29a §)
14505;Lag om brandfarliga och explosiva varor (6 §, 16 § 1 st, 28 § 1 st, 29 § 2 st, 29a §);1;11085;Brott mot specialstraffrättsliga författningar;Brott mot specialstraffrättsliga författningar, Lag om brandfarliga och explosiva varor (6 §, 16 § 1 st, 28 § 1 st, 29 § 2 st, 29a §)
14396;Läkemedelslag;0;14396;Läkemedelslag;Brott mot specialstraffrättsliga författningar, Läkemedelslag
14396;Läkemedelslag;1;11085;Brott mot specialstraffrättsliga författningar;Brott mot specialstraffrättsliga författningar, Läkemedelslag
14397;Lag om handel med läkemedel;0;14397;Lag om handel med läkemedel;Brott mot specialstraffrättsliga författningar, Lag om handel med läkemedel
14397;Lag om handel med läkemedel;1;11085;Brott mot specialstraffrättsliga författningar;Brott mot specialstraffrättsliga författningar, Lag om handel med läkemedel
14398;Lag om handel med vissa receptfria läkemedel;0;14398;Lag om handel med vissa receptfria läkemedel;Brott mot specialstraffrättsliga författningar, Lag om handel med vissa receptfria läkemedel
14398;Lag om handel med vissa receptfria läkemedel;1;11085;Brott mot specialstraffrättsliga författningar;Brott mot specialstraffrättsliga författningar, Lag om handel med vissa receptfria läkemedel
11708;Vapenlagen (9 kap. 1-2 §);0;11708;Vapenlagen (9 kap. 1-2 §);Brott mot specialstraffrättsliga författningar, Vapenlagen (9 kap. 1-2 §)
11708;Vapenlagen (9 kap. 1-2 §);1;11085;Brott mot specialstraffrättsliga författningar;Brott mot specialstraffrättsliga författningar, Vapenlagen (9 kap. 1-2 §)
14697;"Vapenbrott; innehav av pistol, revolver start-, signalvapen och tårgasvapen (1 §)";1;11708;Vapenlagen (9 kap. 1-2 §);"Brott mot specialstraffrättsliga författningar, Vapenlagen (9 kap. 1-2 §), Vapenbrott; innehav av pistol, revolver start-, signalvapen och tårgasvapen (1 §)"
14703;ej grovt brott;2;11708;Vapenlagen (9 kap. 1-2 §);"Brott mot specialstraffrättsliga författningar, Vapenlagen (9 kap. 1-2 §), Vapenbrott; innehav av pistol, revolver start-, signalvapen och tårgasvapen (1 §), ej grovt brott"
14702;grovt brott, synnerligen grovt brott;2;11708;Vapenlagen (9 kap. 1-2 §);"Brott mot specialstraffrättsliga författningar, Vapenlagen (9 kap. 1-2 §), Vapenbrott; innehav av pistol, revolver start-, signalvapen och tårgasvapen (1 §), grovt brott, synnerligen grovt brott"
14698;"Vapenbrott; innehav automatvapen (inkl. kulsprutepistol) (1 §)";1;11708;Vapenlagen (9 kap. 1-2 §);"Brott mot specialstraffrättsliga författningar, Vapenlagen (9 kap. 1-2 §), Vapenbrott; innehav automatvapen (inkl. kulsprutepistol) (1 §)"
14701;ej grovt brott;2;11708;Vapenlagen (9 kap. 1-2 §);"Brott mot specialstraffrättsliga författningar, Vapenlagen (9 kap. 1-2 §), Vapenbrott; innehav automatvapen (inkl. kulsprutepistol) (1 §), ej grovt brott"
14699;grovt brott, synnerligen grovt brott;2;11708;Vapenlagen (9 kap. 1-2 §);"Brott mot specialstraffrättsliga författningar, Vapenlagen (9 kap. 1-2 §), Vapenbrott; innehav automatvapen (inkl. kulsprutepistol) (1 §), grovt brott, synnerligen grovt brott"
11709;"Vapenbrott; innehav av pistol, revolver, kpist (t.o.m. 2022)(1 §)";1;11708;Vapenlagen (9 kap. 1-2 §);"Brott mot specialstraffrättsliga författningar, Vapenlagen (9 kap. 1-2 §), Vapenbrott; innehav av pistol, revolver, kpist (t.o.m. 2022)(1 §)"
5071;ej grovt brott;2;11708;Vapenlagen (9 kap. 1-2 §);"Brott mot specialstraffrättsliga författningar, Vapenlagen (9 kap. 1-2 §), Vapenbrott; innehav av pistol, revolver, kpist (t.o.m. 2022)(1 §), ej grovt brott"
5075;grovt brott, synnerligen grovt brott;2;11708;Vapenlagen (9 kap. 1-2 §);"Brott mot specialstraffrättsliga författningar, Vapenlagen (9 kap. 1-2 §), Vapenbrott; innehav av pistol, revolver, kpist (t.o.m. 2022)(1 §), grovt brott, synnerligen grovt brott"
11710;"Vapenbrott; innehav av jaktvapen (1 §)";1;11708;Vapenlagen (9 kap. 1-2 §);"Brott mot specialstraffrättsliga författningar, Vapenlagen (9 kap. 1-2 §), Vapenbrott; innehav av jaktvapen (1 §)"
5072;ej grovt brott;2;11708;Vapenlagen (9 kap. 1-2 §);"Brott mot specialstraffrättsliga författningar, Vapenlagen (9 kap. 1-2 §), Vapenbrott; innehav av jaktvapen (1 §), ej grovt brott"
5076;grovt brott, synnerligen grovt brott;2;11708;Vapenlagen (9 kap. 1-2 §);"Brott mot specialstraffrättsliga författningar, Vapenlagen (9 kap. 1-2 §), Vapenbrott; innehav av jaktvapen (1 §), grovt brott, synnerligen grovt brott"
11711;"Vapenbrott; innehav av annat vapen (1 §)";1;11708;Vapenlagen (9 kap. 1-2 §);"Brott mot specialstraffrättsliga författningar, Vapenlagen (9 kap. 1-2 §), Vapenbrott; innehav av annat vapen (1 §)"
5073;ej grovt brott;2;11708;Vapenlagen (9 kap. 1-2 §);"Brott mot specialstraffrättsliga författningar, Vapenlagen (9 kap. 1-2 §), Vapenbrott; innehav av annat vapen (1 §), ej grovt brott"
5077;grovt brott, synnerligen grovt brott;2;11708;Vapenlagen (9 kap. 1-2 §);"Brott mot specialstraffrättsliga författningar, Vapenlagen (9 kap. 1-2 §), Vapenbrott; innehav av annat vapen (1 §), grovt brott, synnerligen grovt brott"
5070;"Vapenbrott; överlåtelse, utlåning av skjutvapen (1 §)";1;11708;Vapenlagen (9 kap. 1-2 §);"Brott mot specialstraffrättsliga författningar, Vapenlagen (9 kap. 1-2 §), Vapenbrott; överlåtelse, utlåning av skjutvapen (1 §)"
5074;ej grovt brott;2;11708;Vapenlagen (9 kap. 1-2 §);"Brott mot specialstraffrättsliga författningar, Vapenlagen (9 kap. 1-2 §), Vapenbrott; överlåtelse, utlåning av skjutvapen (1 §), ej grovt brott"
5078;grovt brott, synnerligen grovt brott;2;11708;Vapenlagen (9 kap. 1-2 §);"Brott mot specialstraffrättsliga författningar, Vapenlagen (9 kap. 1-2 §), Vapenbrott; överlåtelse, utlåning av skjutvapen (1 §), grovt brott, synnerligen grovt brott"
11712;Annat brott mot Vapenlagen (1 b, 2 §);1;11708;Vapenlagen (9 kap. 1-2 §);Brott mot specialstraffrättsliga författningar, Vapenlagen (9 kap. 1-2 §), Annat brott mot Vapenlagen (1 b, 2 §)
11713;Lagen om förbud betr. knivar m.m. (1, 2, 4 §);0;11713;Lagen om förbud betr. knivar m.m. (1, 2, 4 §);Brott mot specialstraffrättsliga författningar, Lagen om förbud betr. knivar m.m. (1, 2, 4 §)
11713;Lagen om förbud betr. knivar m.m. (1, 2, 4 §);1;11085;Brott mot specialstraffrättsliga författningar;Brott mot specialstraffrättsliga författningar, Lagen om förbud betr. knivar m.m. (1, 2, 4 §)
11714;Jaktlagen (43-44, 46 §);0;11714;Jaktlagen (43-44, 46 §);Brott mot specialstraffrättsliga författningar, Jaktlagen (43-44, 46 §)
11714;Jaktlagen (43-44, 46 §);1;11085;Brott mot specialstraffrättsliga författningar;Brott mot specialstraffrättsliga författningar, Jaktlagen (43-44, 46 §)
11715;Illegal rovdjursjakt (varg, björn, järv, lodjur och kungsörn);1;11714;Jaktlagen (43-44, 46 §);Brott mot specialstraffrättsliga författningar, Jaktlagen (43-44, 46 §), Illegal rovdjursjakt (varg, björn, järv, lodjur och kungsörn)
11716;Övriga brott mot jaktlagen;1;11714;Jaktlagen (43-44, 46 §);Brott mot specialstraffrättsliga författningar, Jaktlagen (43-44, 46 §), Övriga brott mot jaktlagen
11717;Fiskelagen (37-38, 40 §);0;11717;Fiskelagen (37-38, 40 §);Brott mot specialstraffrättsliga författningar, Fiskelagen (37-38, 40 §)
11717;Fiskelagen (37-38, 40 §);1;11085;Brott mot specialstraffrättsliga författningar;Brott mot specialstraffrättsliga författningar, Fiskelagen (37-38, 40 §)
11718;Lagen om åtgärder mot förorening från fartyg (10 kap. 1-5 §);0;11718;Lagen om åtgärder mot förorening från fartyg (10 kap. 1-5 §);Brott mot specialstraffrättsliga författningar, Lagen om åtgärder mot förorening från fartyg (10 kap. 1-5 §)
11718;Lagen om åtgärder mot förorening från fartyg (10 kap. 1-5 §);1;11085;Brott mot specialstraffrättsliga författningar;Brott mot specialstraffrättsliga författningar, Lagen om åtgärder mot förorening från fartyg (10 kap. 1-5 §)
11719;Arbetsmiljölagen (8 kap. 1,  2 §);0;11719;Arbetsmiljölagen (8 kap. 1,  2 §);Brott mot specialstraffrättsliga författningar, Arbetsmiljölagen (8 kap. 1,  2 §)
11719;Arbetsmiljölagen (8 kap. 1,  2 §);1;11085;Brott mot specialstraffrättsliga författningar;Brott mot specialstraffrättsliga författningar, Arbetsmiljölagen (8 kap. 1,  2 §)
11720;Utlänningslagen (20 kap.);0;11720;Utlänningslagen (20 kap.);Brott mot specialstraffrättsliga författningar, Utlänningslagen (20 kap.)
11720;Utlänningslagen (20 kap.);1;11085;Brott mot specialstraffrättsliga författningar;Brott mot specialstraffrättsliga författningar, Utlänningslagen (20 kap.)
5079;Uppehåller sig i Sverige trots beslut om utvisning (2 §);1;11720;Utlänningslagen (20 kap.);Brott mot specialstraffrättsliga författningar, Utlänningslagen (20 kap.), Uppehåller sig i Sverige trots beslut om utvisning (2 §)
5080;Har utlänning anställd som inte har rätt att vistas i Sverige eller saknar arb.tillst. (5 §);1;11720;Utlänningslagen (20 kap.);Brott mot specialstraffrättsliga författningar, Utlänningslagen (20 kap.), Har utlänning anställd som inte har rätt att vistas i Sverige eller saknar arb.tillst. (5 §)
14506;Hjälp till utlänning att olovligen uppehålla sig i Schengenstaterna (7 §);1;11720;Utlänningslagen (20 kap.);Brott mot specialstraffrättsliga författningar, Utlänningslagen (20 kap.), Hjälp till utlänning att olovligen uppehålla sig i Schengenstaterna (7 §)
11721;Människosmuggling (8 §);1;11720;Utlänningslagen (20 kap.);Brott mot specialstraffrättsliga författningar, Utlänningslagen (20 kap.), Människosmuggling (8 §)
11722;Organiserande av människosmuggling (9 §);1;11720;Utlänningslagen (20 kap.);Brott mot specialstraffrättsliga författningar, Utlänningslagen (20 kap.), Organiserande av människosmuggling (9 §)
11723;Övriga brott mot utlänningslagen (4, 6, 7 §);1;11720;Utlänningslagen (20 kap.);Brott mot specialstraffrättsliga författningar, Utlänningslagen (20 kap.), Övriga brott mot utlänningslagen (4, 6, 7 §)
14507;Övriga brott mot utlänningslagen (4, 6 §);1;11720;Utlänningslagen (20 kap.);Brott mot specialstraffrättsliga författningar, Utlänningslagen (20 kap.), Övriga brott mot utlänningslagen (4, 6 §)
11724;Lag om kontaktförbud/besöksförbud;0;11724;Lag om kontaktförbud/besöksförbud;Brott mot specialstraffrättsliga författningar, Lag om kontaktförbud/besöksförbud
11724;Lag om kontaktförbud/besöksförbud;1;11085;Brott mot specialstraffrättsliga författningar;Brott mot specialstraffrättsliga författningar, Lag om kontaktförbud/besöksförbud
11846;Överträdelse av kontaktförbud (24 §);1;11724;Lag om kontaktförbud/besöksförbud;Brott mot specialstraffrättsliga författningar, Lag om kontaktförbud/besöksförbud, Överträdelse av kontaktförbud (24 §)
13927;Med elektronisk övervakning;2;11724;Lag om kontaktförbud/besöksförbud;Brott mot specialstraffrättsliga författningar, Lag om kontaktförbud/besöksförbud, Överträdelse av kontaktförbud (24 §), Med elektronisk övervakning
13928;Utan elektronisk övervakning;2;11724;Lag om kontaktförbud/besöksförbud;Brott mot specialstraffrättsliga författningar, Lag om kontaktförbud/besöksförbud, Överträdelse av kontaktförbud (24 §), Utan elektronisk övervakning
14400;Mot barn under 18 år;3;11724;Lag om kontaktförbud/besöksförbud;Brott mot specialstraffrättsliga författningar, Lag om kontaktförbud/besöksförbud, Överträdelse av kontaktförbud (24 §), Utan elektronisk övervakning, Mot barn under 18 år
14418;Mot flicka under 18 år;4;11724;Lag om kontaktförbud/besöksförbud;Brott mot specialstraffrättsliga författningar, Lag om kontaktförbud/besöksförbud, Överträdelse av kontaktförbud (24 §), Utan elektronisk övervakning, Mot barn under 18 år, Mot flicka under 18 år
14419;Mot pojke under 18 år;4;11724;Lag om kontaktförbud/besöksförbud;Brott mot specialstraffrättsliga författningar, Lag om kontaktförbud/besöksförbud, Överträdelse av kontaktförbud (24 §), Utan elektronisk övervakning, Mot barn under 18 år, Mot pojke under 18 år
14403;Mot kvinna 18 år eller äldre;3;11724;Lag om kontaktförbud/besöksförbud;Brott mot specialstraffrättsliga författningar, Lag om kontaktförbud/besöksförbud, Överträdelse av kontaktförbud (24 §), Utan elektronisk övervakning, Mot kvinna 18 år eller äldre
14410;Närstående genom parrelation;4;11724;Lag om kontaktförbud/besöksförbud;Brott mot specialstraffrättsliga författningar, Lag om kontaktförbud/besöksförbud, Överträdelse av kontaktförbud (24 §), Utan elektronisk övervakning, Mot kvinna 18 år eller äldre, Närstående genom parrelation
14411;Närstående genom släktskap/familj;4;11724;Lag om kontaktförbud/besöksförbud;Brott mot specialstraffrättsliga författningar, Lag om kontaktförbud/besöksförbud, Överträdelse av kontaktförbud (24 §), Utan elektronisk övervakning, Mot kvinna 18 år eller äldre, Närstående genom släktskap/familj
14412;Annan slags relation eller bekantskap;4;11724;Lag om kontaktförbud/besöksförbud;Brott mot specialstraffrättsliga författningar, Lag om kontaktförbud/besöksförbud, Överträdelse av kontaktförbud (24 §), Utan elektronisk övervakning, Mot kvinna 18 år eller äldre, Annan slags relation eller bekantskap
14413;Obekanta;4;11724;Lag om kontaktförbud/besöksförbud;Brott mot specialstraffrättsliga författningar, Lag om kontaktförbud/besöksförbud, Överträdelse av kontaktförbud (24 §), Utan elektronisk övervakning, Mot kvinna 18 år eller äldre, Obekanta
14404;Mot man 18 år eller äldre;3;11724;Lag om kontaktförbud/besöksförbud;Brott mot specialstraffrättsliga författningar, Lag om kontaktförbud/besöksförbud, Överträdelse av kontaktförbud (24 §), Utan elektronisk övervakning, Mot man 18 år eller äldre
14406;Närstående genom parrelation;4;11724;Lag om kontaktförbud/besöksförbud;Brott mot specialstraffrättsliga författningar, Lag om kontaktförbud/besöksförbud, Överträdelse av kontaktförbud (24 §), Utan elektronisk övervakning, Mot man 18 år eller äldre, Närstående genom parrelation
14407;Närstående genom släktskap/familj;4;11724;Lag om kontaktförbud/besöksförbud;Brott mot specialstraffrättsliga författningar, Lag om kontaktförbud/besöksförbud, Överträdelse av kontaktförbud (24 §), Utan elektronisk övervakning, Mot man 18 år eller äldre, Närstående genom släktskap/familj
14408;Annan slags relation eller bekantskap;4;11724;Lag om kontaktförbud/besöksförbud;Brott mot specialstraffrättsliga författningar, Lag om kontaktförbud/besöksförbud, Överträdelse av kontaktförbud (24 §), Utan elektronisk övervakning, Mot man 18 år eller äldre, Annan slags relation eller bekantskap
14409;Obekanta;4;11724;Lag om kontaktförbud/besöksförbud;Brott mot specialstraffrättsliga författningar, Lag om kontaktförbud/besöksförbud, Överträdelse av kontaktförbud (24 §), Utan elektronisk övervakning, Mot man 18 år eller äldre, Obekanta
11847;Hindrande av elektronisk övervakning (25 §);1;11724;Lag om kontaktförbud/besöksförbud;Brott mot specialstraffrättsliga författningar, Lag om kontaktförbud/besöksförbud, Hindrande av elektronisk övervakning (25 §)
14821;Lag om preventiva vistelseförbud (29, 30 §);0;14821;Lag om preventiva vistelseförbud (29, 30 §);Brott mot specialstraffrättsliga författningar, Lag om preventiva vistelseförbud (29, 30 §)
14821;Lag om preventiva vistelseförbud (29, 30 §);1;11085;Brott mot specialstraffrättsliga författningar;Brott mot specialstraffrättsliga författningar, Lag om preventiva vistelseförbud (29, 30 §)
14822;Lag om tillträdesförbud till butiker, badanläggningar och bibliotek, överträdelse (22 §);0;14822;Lag om tillträdesförbud till butiker, badanläggningar och bibliotek, överträdelse (22 §);Brott mot specialstraffrättsliga författningar, Lag om tillträdesförbud till butiker, badanläggningar och bibliotek, överträdelse (22 §)
14822;Lag om tillträdesförbud till butiker, badanläggningar och bibliotek, överträdelse (22 §);1;11085;Brott mot specialstraffrättsliga författningar;Brott mot specialstraffrättsliga författningar, Lag om tillträdesförbud till butiker, badanläggningar och bibliotek, överträdelse (22 §)
11725;Lag om tillträdesförbud vid idrottsarrangemang, överträdelse (22 §);0;11725;Lag om tillträdesförbud vid idrottsarrangemang, överträdelse (22 §);Brott mot specialstraffrättsliga författningar, Lag om tillträdesförbud vid idrottsarrangemang, överträdelse (22 §)
11725;Lag om tillträdesförbud vid idrottsarrangemang, överträdelse (22 §);1;11085;Brott mot specialstraffrättsliga författningar;Brott mot specialstraffrättsliga författningar, Lag om tillträdesförbud vid idrottsarrangemang, överträdelse (22 §)
13191;Kulturmiljölagen (2 kap. 21 §);0;13191;Kulturmiljölagen (2 kap. 21 §);Brott mot specialstraffrättsliga författningar, Kulturmiljölagen (2 kap. 21 §)
13191;Kulturmiljölagen (2 kap. 21 §);1;11085;Brott mot specialstraffrättsliga författningar;Brott mot specialstraffrättsliga författningar, Kulturmiljölagen (2 kap. 21 §)
13922;Spellag (19 kap.);0;13922;Spellag (19 kap.);Brott mot specialstraffrättsliga författningar, Spellag (19 kap.)
13922;Spellag (19 kap.);1;11085;Brott mot specialstraffrättsliga författningar;Brott mot specialstraffrättsliga författningar, Spellag (19 kap.)
13923;Olovlig spelverksamhet inkl. grovt (1 §);1;13922;Spellag (19 kap.);Brott mot specialstraffrättsliga författningar, Spellag (19 kap.), Olovlig spelverksamhet inkl. grovt (1 §)
13924;Främjande av olovligt spel inkl. grovt (2 §);1;13922;Spellag (19 kap.);Brott mot specialstraffrättsliga författningar, Spellag (19 kap.), Främjande av olovligt spel inkl. grovt (2 §)
13925;Spelfusk inkl. grovt (4 §);1;13922;Spellag (19 kap.);Brott mot specialstraffrättsliga författningar, Spellag (19 kap.), Spelfusk inkl. grovt (4 §)
11726;Lagen om förbud mot vissa dopningsmedel (3 §);0;11726;Lagen om förbud mot vissa dopningsmedel (3 §);Brott mot specialstraffrättsliga författningar, Lagen om förbud mot vissa dopningsmedel (3 §)
11726;Lagen om förbud mot vissa dopningsmedel (3 §);1;11085;Brott mot specialstraffrättsliga författningar;Brott mot specialstraffrättsliga författningar, Lagen om förbud mot vissa dopningsmedel (3 §)
13035;Överlåtelse m.m. (2-3 a §);1;11726;Lagen om förbud mot vissa dopningsmedel (3 §);Brott mot specialstraffrättsliga författningar, Lagen om förbud mot vissa dopningsmedel (3 §), Överlåtelse m.m. (2-3 a §)
13036;Innehav (2-3 a §);1;11726;Lagen om förbud mot vissa dopningsmedel (3 §);Brott mot specialstraffrättsliga författningar, Lagen om förbud mot vissa dopningsmedel (3 §), Innehav (2-3 a §)
13037;Eget bruk (2-3 a §);1;11726;Lagen om förbud mot vissa dopningsmedel (3 §);Brott mot specialstraffrättsliga författningar, Lagen om förbud mot vissa dopningsmedel (3 §), Eget bruk (2-3 a §)
13038;Framställning (2-3 a §);1;11726;Lagen om förbud mot vissa dopningsmedel (3 §);Brott mot specialstraffrättsliga författningar, Lagen om förbud mot vissa dopningsmedel (3 §), Framställning (2-3 a §)
13065;Lag om förbud mot köp av sexuell tjänst (t.o.m. 2005);0;13065;Lag om förbud mot köp av sexuell tjänst (t.o.m. 2005);Brott mot specialstraffrättsliga författningar, Lag om förbud mot köp av sexuell tjänst (t.o.m. 2005)
13065;Lag om förbud mot köp av sexuell tjänst (t.o.m. 2005);1;11085;Brott mot specialstraffrättsliga författningar;Brott mot specialstraffrättsliga författningar, Lag om förbud mot köp av sexuell tjänst (t.o.m. 2005)
11727;Personuppgiftslagen (49 §);0;11727;Personuppgiftslagen (49 §);Brott mot specialstraffrättsliga författningar, Personuppgiftslagen (49 §)
11727;Personuppgiftslagen (49 §);1;11085;Brott mot specialstraffrättsliga författningar;Brott mot specialstraffrättsliga författningar, Personuppgiftslagen (49 §)
13926;Folkbokföringslagen (42 §);0;13926;Folkbokföringslagen (42 §);Brott mot specialstraffrättsliga författningar, Folkbokföringslagen (42 §)
13926;Folkbokföringslagen (42 §);1;11085;Brott mot specialstraffrättsliga författningar;Brott mot specialstraffrättsliga författningar, Folkbokföringslagen (42 §)
11728;Övriga trafikbrott (ej TBL) m. fängelse i straffskalan;0;11728;Övriga trafikbrott (ej TBL) m. fängelse i straffskalan;Brott mot specialstraffrättsliga författningar, Övriga trafikbrott (ej TBL) m. fängelse i straffskalan
11728;Övriga trafikbrott (ej TBL) m. fängelse i straffskalan;1;11085;Brott mot specialstraffrättsliga författningar;Brott mot specialstraffrättsliga författningar, Övriga trafikbrott (ej TBL) m. fängelse i straffskalan
11729;Sjölagen (20 kap.);0;11729;Sjölagen (20 kap.);Brott mot specialstraffrättsliga författningar, Sjölagen (20 kap.)
11729;Sjölagen (20 kap.);1;11085;Brott mot specialstraffrättsliga författningar;Brott mot specialstraffrättsliga författningar, Sjölagen (20 kap.)
11730;Sjöfylleri (4, 5 §);1;11729;Sjölagen (20 kap.);Brott mot specialstraffrättsliga författningar, Sjölagen (20 kap.), Sjöfylleri (4, 5 §)
11731;Övriga brott mot sjölagen (1, 2, 6-9 §);1;11729;Sjölagen (20 kap.);Brott mot specialstraffrättsliga författningar, Sjölagen (20 kap.), Övriga brott mot sjölagen (1, 2, 6-9 §)
13101;Lagen om straff för folkmord (t.o.m. 2014);0;13101;Lagen om straff för folkmord (t.o.m. 2014);Brott mot specialstraffrättsliga författningar, Lagen om straff för folkmord (t.o.m. 2014)
13101;Lagen om straff för folkmord (t.o.m. 2014);1;11085;Brott mot specialstraffrättsliga författningar;Brott mot specialstraffrättsliga författningar, Lagen om straff för folkmord (t.o.m. 2014)
11732;Lag om straff för folkmord, brott mot mänskligheten och krigsförbrytelser;0;11732;Lag om straff för folkmord, brott mot mänskligheten och krigsförbrytelser;Brott mot specialstraffrättsliga författningar, Lag om straff för folkmord, brott mot mänskligheten och krigsförbrytelser
11732;Lag om straff för folkmord, brott mot mänskligheten och krigsförbrytelser;1;11085;Brott mot specialstraffrättsliga författningar;Brott mot specialstraffrättsliga författningar, Lag om straff för folkmord, brott mot mänskligheten och krigsförbrytelser
14424;Folkmord;0;14424;Folkmord;Brott mot specialstraffrättsliga författningar, Lag om straff för folkmord, brott mot mänskligheten och krigsförbrytelser, Folkmord
14424;Folkmord;1;11732;Lag om straff för folkmord, brott mot mänskligheten och krigsförbrytelser;Brott mot specialstraffrättsliga författningar, Lag om straff för folkmord, brott mot mänskligheten och krigsförbrytelser, Folkmord
14425;Brott mot mänskligheten;0;14425;Brott mot mänskligheten;Brott mot specialstraffrättsliga författningar, Lag om straff för folkmord, brott mot mänskligheten och krigsförbrytelser, Brott mot mänskligheten
14425;Brott mot mänskligheten;1;11732;Lag om straff för folkmord, brott mot mänskligheten och krigsförbrytelser;Brott mot specialstraffrättsliga författningar, Lag om straff för folkmord, brott mot mänskligheten och krigsförbrytelser, Brott mot mänskligheten
14426;Krigsförbrytelse inkl. grov;0;14426;Krigsförbrytelse inkl. grov;Brott mot specialstraffrättsliga författningar, Lag om straff för folkmord, brott mot mänskligheten och krigsförbrytelser, Krigsförbrytelse inkl. grov
14426;Krigsförbrytelse inkl. grov;1;11732;Lag om straff för folkmord, brott mot mänskligheten och krigsförbrytelser;Brott mot specialstraffrättsliga författningar, Lag om straff för folkmord, brott mot mänskligheten och krigsförbrytelser, Krigsförbrytelse inkl. grov
14427;Övriga brott mot lag om straff för folkmord, brott mot mänskligheten och krigsförbrytelser;0;14427;Övriga brott mot lag om straff för folkmord, brott mot mänskligheten och krigsförbrytelser;Brott mot specialstraffrättsliga författningar, Lag om straff för folkmord, brott mot mänskligheten och krigsförbrytelser, Övriga brott mot lag om straff för folkmord, brott mot mänskligheten och krigsförbrytelser
14427;Övriga brott mot lag om straff för folkmord, brott mot mänskligheten och krigsförbrytelser;1;11732;Lag om straff för folkmord, brott mot mänskligheten och krigsförbrytelser;Brott mot specialstraffrättsliga författningar, Lag om straff för folkmord, brott mot mänskligheten och krigsförbrytelser, Övriga brott mot lag om straff för folkmord, brott mot mänskligheten och krigsförbrytelser
13097;Lag om förbud mot könsstympning av kvinnor och oskuldsingrepp på kvinnor;0;13097;Lag om förbud mot könsstympning av kvinnor och oskuldsingrepp på kvinnor;Brott mot specialstraffrättsliga författningar, Lag om förbud mot könsstympning av kvinnor och oskuldsingrepp på kvinnor
13097;Lag om förbud mot könsstympning av kvinnor och oskuldsingrepp på kvinnor;1;11085;Brott mot specialstraffrättsliga författningar;Brott mot specialstraffrättsliga författningar, Lag om förbud mot könsstympning av kvinnor och oskuldsingrepp på kvinnor
14922;Könsstympning mot flicka under 18 år (2 §);1;13097;Lag om förbud mot könsstympning av kvinnor och oskuldsingrepp på kvinnor;Brott mot specialstraffrättsliga författningar, Lag om förbud mot könsstympning av kvinnor och oskuldsingrepp på kvinnor, Könsstympning mot flicka under 18 år (2 §)
14923;Könsstympning mot kvinna 18 år eller äldre (2 §);1;13097;Lag om förbud mot könsstympning av kvinnor och oskuldsingrepp på kvinnor;Brott mot specialstraffrättsliga författningar, Lag om förbud mot könsstympning av kvinnor och oskuldsingrepp på kvinnor, Könsstympning mot kvinna 18 år eller äldre (2 §)
14924;Oskuldsingrepp mot flicka under 18 år (3 §);1;13097;Lag om förbud mot könsstympning av kvinnor och oskuldsingrepp på kvinnor;Brott mot specialstraffrättsliga författningar, Lag om förbud mot könsstympning av kvinnor och oskuldsingrepp på kvinnor, Oskuldsingrepp mot flicka under 18 år (3 §)
14925;Oskuldsingrepp mot kvinna 18 år eller äldre (3 §);0;14925;Oskuldsingrepp mot kvinna 18 år eller äldre (3 §);Brott mot specialstraffrättsliga författningar, Lag om förbud mot könsstympning av kvinnor och oskuldsingrepp på kvinnor, Oskuldsingrepp mot kvinna 18 år eller äldre (3 §)
14925;Oskuldsingrepp mot kvinna 18 år eller äldre (3 §);1;13097;Lag om förbud mot könsstympning av kvinnor och oskuldsingrepp på kvinnor;Brott mot specialstraffrättsliga författningar, Lag om förbud mot könsstympning av kvinnor och oskuldsingrepp på kvinnor, Oskuldsingrepp mot kvinna 18 år eller äldre (3 §)
14612;Terroristbrottslag (fr.o.m. 2023);0;14612;Terroristbrottslag (fr.o.m. 2023);Brott mot specialstraffrättsliga författningar, Terroristbrottslag (fr.o.m. 2023)
14612;Terroristbrottslag (fr.o.m. 2023);1;11085;Brott mot specialstraffrättsliga författningar;Brott mot specialstraffrättsliga författningar, Terroristbrottslag (fr.o.m. 2023)
13175;Lag om straff för terroristbrott (2 §) (t.o.m. 2022);0;13175;Lag om straff för terroristbrott (2 §) (t.o.m. 2022);Brott mot specialstraffrättsliga författningar, Lag om straff för terroristbrott (2 §) (t.o.m. 2022)
13175;Lag om straff för terroristbrott (2 §) (t.o.m. 2022);1;11085;Brott mot specialstraffrättsliga författningar;Brott mot specialstraffrättsliga författningar, Lag om straff för terroristbrott (2 §) (t.o.m. 2022)
13176;Lag om straff för offentlig uppmaning, rekrytering och utbildning avseende terroristbrott och annan särskild allvarlig brottslighet (5 §)(t.o.m. 2022-06);0;13176;Lag om straff för offentlig uppmaning, rekrytering och utbildning avseende terroristbrott och annan särskild allvarlig brottslighet (5 §)(t.o.m. 2022-06);Brott mot specialstraffrättsliga författningar, Lag om straff för offentlig uppmaning, rekrytering och utbildning avseende terroristbrott och annan särskild allvarlig brottslighet (5 §)(t.o.m. 2022-06)
13176;Lag om straff för offentlig uppmaning, rekrytering och utbildning avseende terroristbrott och annan särskild allvarlig brottslighet (5 §)(t.o.m. 2022-06);1;11085;Brott mot specialstraffrättsliga författningar;Brott mot specialstraffrättsliga författningar, Lag om straff för offentlig uppmaning, rekrytering och utbildning avseende terroristbrott och annan särskild allvarlig brottslighet (5 §)(t.o.m. 2022-06)
14600;Skyddslag (30-31§);0;14600;Skyddslag (30-31§);Brott mot specialstraffrättsliga författningar, Skyddslag (30-31§)
14600;Skyddslag (30-31§);1;11085;Brott mot specialstraffrättsliga författningar;Brott mot specialstraffrättsliga författningar, Skyddslag (30-31§)
13177;Lag om vissa internationella sanktioner (8, 15  §) (t.o.m. 2025);0;13177;Lag om vissa internationella sanktioner (8, 15  §) (t.o.m. 2025);Brott mot specialstraffrättsliga författningar, Lag om vissa internationella sanktioner (8, 15  §) (t.o.m. 2025)
13177;Lag om vissa internationella sanktioner (8, 15  §) (t.o.m. 2025);1;11085;Brott mot specialstraffrättsliga författningar;Brott mot specialstraffrättsliga författningar, Lag om vissa internationella sanktioner (8, 15  §) (t.o.m. 2025)
14903;Lag om internationella sanktioner 3-5, 8 §§ ;0;14903;Lag om internationella sanktioner 3-5, 8 §§;Brott mot specialstraffrättsliga författningar, Lag om internationella sanktioner 3-5, 8 §§
14903;Lag om internationella sanktioner 3-5, 8 §§;1;11085;Brott mot specialstraffrättsliga författningar;Brott mot specialstraffrättsliga författningar, Lag om internationella sanktioner 3-5, 8 §§
14508;Ordningslagen (2 kap. 29 §, 5 kap. 3-5 §§);0;14508;Ordningslagen (2 kap. 29 §, 5 kap. 3-5 §§);Brott mot specialstraffrättsliga författningar, Ordningslagen (2 kap. 29 §, 5 kap. 3-5 §§)
14508;Ordningslagen (2 kap. 29 §, 5 kap. 3-5 §§);1;11085;Brott mot specialstraffrättsliga författningar;Brott mot specialstraffrättsliga författningar, Ordningslagen (2 kap. 29 §, 5 kap. 3-5 §§)
14509;Brott mot upphovsrätten;0;14509;Brott mot upphovsrätten;Brott mot specialstraffrättsliga författningar, Brott mot upphovsrätten
14509;Brott mot upphovsrätten;1;11085;Brott mot specialstraffrättsliga författningar;Brott mot specialstraffrättsliga författningar, Brott mot upphovsrätten
14510;Brott mot det industriella rättsskyddet;0;14510;Brott mot det industriella rättsskyddet;Brott mot specialstraffrättsliga författningar, Brott mot det industriella rättsskyddet
14510;Brott mot det industriella rättsskyddet;1;11085;Brott mot specialstraffrättsliga författningar;Brott mot specialstraffrättsliga författningar, Brott mot det industriella rättsskyddet
11733;Övriga författningar;0;11733;Övriga författningar;Brott mot specialstraffrättsliga författningar, Övriga författningar
11733;Övriga författningar;1;11085;Brott mot specialstraffrättsliga författningar;Brott mot specialstraffrättsliga författningar, Övriga författningar
